"","2600100501","2600100502","3936021","3963912","3936373","3964089","3936309","3964281","3964231","3964391","3828675","4004166","3913258","3828240","3828803","3913495","4004329","3913032","3913162","3913463","4005304","3913560","4005288","3828785","3913145","4063918","4065717","4005639","4065061","4005735","4065092","4004183","4065237","4005527","4065349","4005559","4065364","4064990","4065429","4065022","4065461"
"Catenibacillus_scindens",0.015694352,-0.04114321,-1.544574676,-1.513147327,1.108125617,1.108125617,1.108125617,1.108125617,-0.458882784,-0.333327923,-1.758055898,1.108125617,1.108125617,0.059161576,-0.449707167,-1.419201625,1.108125617,1.108125617,-0.30506292,-0.570863855,1.108125617,-0.482254722,1.108125617,-1.129354247,-0.58276144,-0.061111131,0.032513687,1.108125617,-0.330094735,-0.303643026,1.108125617,1.108125617,0.247668402,0.060108258,-1.752708014,0.492608294,0.204732764,0.050721226,1.108125617,0.243070925,-1.930912202
"Cutibacterium_granulosum",-1.159194367,-0.8784838,1.311005875,-0.592154134,0.605954139,-1.400591717,0.693169449,-0.35228675,0.868113469,0.312678206,-0.916333595,-1.025102168,-0.958133982,0.112817995,0.430352366,-1.00717323,-0.299180824,0.520700024,0.491700057,0.055485103,-1.094459893,1.311005875,0.517544662,1.311005875,0.536263361,1.311005875,0.654277305,1.311005875,1.311005875,-0.298054958,0.312994067,1.311005875,0.856028069,-0.905482776,1.311005875,-0.516496834,-1.368145454,0.064284036,-0.346086896,-0.356923469,-1.054415902
"Luoshenia_tenuis",-1.332805326,-0.418021373,-1.649365349,0.416291881,-0.213978835,-1.017501712,0.466910428,-0.068315912,1.164729516,1.164729516,-1.255020003,-2.286216626,1.164729516,-0.748969479,1.164729516,0.452442845,-0.655480014,0.134449306,1.164729516,-0.83987956,0.078604791,0.149770057,1.164729516,-0.724243948,1.164729516,-0.044238488,-0.120049234,-0.078158934,1.164729516,0.190895018,0.157468907,1.164729516,-0.889935354,-2.023946829,1.164729516,1.164729516,-0.705204077,-0.465118859,-0.158157083,1.164729516,1.164729516
"Zhenpiania_hominis",-1.076304091,-0.946035232,-0.546212943,-0.807564538,2.094926645,-0.661243293,-0.097576085,1.247985518,0.168101705,-0.203177421,-0.279226463,-1.186664658,0.978180988,1.040357833,1.069572019,1.495152941,-0.664729845,-0.395488209,-0.225658016,-0.494935637,2.094926645,-1.620231989,1.028980866,0.504335865,0.203378232,0.655258456,-1.200870796,1.490694079,0.324061939,0.561894543,0.153825973,0.704892401,-0.24672224,-0.481765517,1.226779698,0.856013555,-1.269067162,-1.310816046,-0.837481127,-0.980181267,-1.122365928
"Enterocloster_lavalensis",-0.10239453,0.432394187,-1.026664492,-1.816403294,-0.118608311,0.515047912,0.164515303,0.758569343,-1.731585243,-0.302494721,0.314307154,-0.089860684,-1.718349125,0.934986779,0.121931788,-1.129647214,-1.089568953,-1.470834896,1.655723846,-1.439171425,0.573106787,1.20328607,1.655723846,-0.725943016,0.813433672,-0.284681934,-0.128952459,0.547640797,1.655723846,1.124423112,0.242696878,-1.326254467,-0.574558496,0.252171041,-0.063905389,0.154512597,-0.144125655,-1.096704731,1.655723846,1.655723846,-0.153124433
"Lachnospira_eligens",-1.663939851,1.103047106,0.440824006,-0.826317413,0.077069225,0.241830047,-0.246103159,-1.29790484,1.103047106,-2.144858039,-1.770168266,-0.153001038,-0.20218498,-0.038394086,0.318285557,1.103047106,1.103047106,0.053210804,0.260007356,-0.092546165,1.103047106,1.103047106,0.160295928,1.103047106,-0.737973994,-1.189024396,1.103047106,1.103047106,0.092834578,0.475883502,0.643793377,-0.155752836,1.103047106,-0.441076756,-0.047799628,1.103047106,-0.848386409,-0.380763481,-1.76509299,0.437434545,-2.436745864
"Faecalispora_sporosphaeroides",-0.520550131,-0.929442656,2.190842972,0.511024681,0.840194226,0.727512122,0.228303897,1.587501346,0.991138398,-0.670833509,-0.11942503,-1.278258679,-1.31514127,-1.152334605,-1.182805741,0.481687401,-0.477697603,-0.680040048,-0.28829171,-1.209579166,-1.790263923,1.582019531,-0.070806843,-0.075358531,2.190842972,0.148284212,0.932890113,-2.112075518,0.160126251,-0.286943765,-0.226617239,-0.4159067,0.342254691,-0.656081771,0.554582914,0.66218074,0.896852629,0.502718675,1.274549367,-0.741135577,-0.104202591
"Propionimicrobium_lymphophilum",-0.593581788,0.58535152,1.30526892,-1.003298437,0.421272972,-0.448486652,0.605545165,-0.124083605,1.915288021,-1.462934852,-1.827118068,1.041194553,-0.216360392,-0.350211766,-0.849654215,0.57839083,-0.577287008,0.439123898,0.499037715,-0.457701502,0.625643582,-0.1421414,0.852710309,0.329723029,-0.46266821,1.915288021,-1.813803204,-0.602924209,1.915288021,0.097437619,0.033777391,-1.18311734,1.915288021,-0.739164817,-1.482372298,0.064735373,1.009088668,0.547227233,-0.159015224,-0.01364447,-1.529044595
"Massilicoli_timonensis",-1.275288231,2.151630494,-1.700669101,0.493427901,1.269761085,0.552664171,-0.798655449,-0.459920429,0.913101503,-0.981983354,-0.717403161,1.152191721,0.455413965,1.170289909,2.151630494,-0.542477501,-2.344364113,-0.643787217,1.315745854,-1.958101869,0.346379547,-0.021520399,-0.061406997,-0.616549994,-0.495007458,0.158282264,0.508215539,-0.411487651,-1.640241228,0.534200083,0.903454017,0.995049662,-0.625936238,-0.346195191,0.303849135,-0.053904865,-0.239160042,0.068400587,-0.349339726,0.351544051,0.565565934
"Clostridium_neonatale",1.143336733,-0.65418306,1.143336733,-0.722150764,1.143336733,-0.138687779,0.323759549,-1.216828142,-0.354463485,-0.113073004,0.008917282,1.143336733,-1.538362294,0.019440347,1.143336733,0.306423614,-1.390727709,0.287352198,1.143336733,-0.033879375,-1.067037891,-0.780431632,0.535647664,-0.778790124,0.549983776,0.433043858,1.143336733,-1.649706164,1.143336733,1.143336733,1.143336733,0.529967439,-1.965505946,-1.005978877,0.010179374,-0.079078627,0.366541148,0.186885555,0.04478389,-2.86899354,1.143336733
"Streptococcus_peroris",-0.103612191,-2.01100645,1.397325558,-1.024878076,0.327554404,-0.208866673,0.13974249,1.397325558,-1.824967457,-0.26184354,1.397325558,-0.372766289,-1.625632302,1.397325558,0.12981016,1.397325558,-0.149664443,0.639124258,-0.528329874,-0.112852444,-1.208826788,-0.097942609,0.008355101,1.397325558,-0.867222846,1.397325558,-1.101115047,-0.272389863,-0.390753005,0.089587537,-0.085426722,1.397325558,1.397325558,0.333877413,-0.749033555,1.397325558,-0.850213794,0.521246453,0.183517797,-0.358257592,-0.209645701
"Anaerotruncus_rubiinfantis",0.928405706,0.928405706,0.928405706,-0.706224091,-0.810097806,-1.213288874,-0.472964118,0.928405706,-0.283095251,0.928405706,0.928405706,0.928405706,0.928405706,-0.710439094,0.928405706,-1.906544,0.928405706,0.928405706,-2.613702302,-2.204839934,-0.990255882,0.928405706,-0.541059558,0.928405706,-0.63048303,0.928405706,0.928405706,-0.513244787,-0.414432353,-0.389734912,-0.366594507,0.928405706,-0.775846045,-0.87588348,0.928405706,-0.407068091,-0.603852061,0.928405706,-0.739708509,-0.398755442,0.928405706
"Mogibacterium_neglectum",-0.148343707,-2.387080794,0.930468906,-0.611557796,0.137268553,-0.450520384,0.199073125,-1.030846763,0.32030147,-0.724352266,-0.294545939,-0.628954078,-0.06530381,1.515476433,2.032239232,0.108230536,-0.221444006,-1.210064695,-0.321768351,-0.273627246,-1.240983338,0.915168231,1.71410678,0.580468815,0.165105391,2.429541492,-0.654604441,2.429541492,0.264435428,-0.373705464,-0.359980507,-0.751536658,-0.895693027,-0.593589301,-0.236946626,0.083557158,-0.555488184,1.339661403,-0.570202533,0.583454709,-0.64398375
"Streptococcus_xiaochunlingii",0.210941535,-1.656164245,0.095136396,-0.199651326,-0.087437947,0.276440906,0.560203431,1.223262952,-0.595113593,-0.074268295,1.223262952,1.223262952,-1.742469342,1.223262952,-1.02551493,1.223262952,-0.129337998,-0.102594097,0.394273921,0.204709361,-2.418602746,0.540506908,1.223262952,1.223262952,-0.975711379,1.223262952,-1.929058668,-0.196268327,0.134654256,0.224077201,0.265782173,1.223262952,1.223262952,0.033834263,0.164686454,0.321412374,-0.228075723,0.023180617,-0.033630913,-1.11835772,-1.003619794
"Leuconostoc_falkenbergense",-1.199303896,0.601068322,0.601068322,-2.595081071,-0.951966577,0.601068322,0.601068322,-1.311464429,0.601068322,0.601068322,0.601068322,-1.216737512,0.601068322,0.601068322,0.601068322,0.601068322,0.601068322,-0.889306738,-0.796711979,0.601068322,0.601068322,0.601068322,0.601068322,0.601068322,0.601068322,-3.341135726,0.601068322,0.601068322,0.601068322,0.601068322,-0.984024149,-0.909466341,-0.584338124,-1.289552795,0.601068322,0.601068322,0.601068322,0.601068322,0.601068322,0.601068322,0.601068322
"Massilioclostridium_coli",-0.057043206,-1.127336042,1.23864123,-0.233560962,-1.428735856,0.675377292,2.144513231,-0.65446333,-1.228238211,0.997173579,0.011907984,-0.854379743,0.157293812,-0.405672915,-0.298825296,0.181496778,0.215964845,-0.558862779,1.375702734,-1.206232921,0.790039668,1.111331311,-0.424624602,-2.155194758,-1.740433304,-0.316910878,0.543440496,-1.470656987,0.908030802,0.335983924,1.119168385,-0.181855441,2.144513231,0.343381322,-0.314084217,1.086563336,-0.760415567,0.183595541,-0.036544379,-0.265124158,-0.965170219
"Maliibacterium_massiliense",-0.055945255,-2.32547669,-1.306607075,-0.25420421,0.711466638,1.293390034,0.783241217,-0.786400763,1.293390034,-1.007110067,0.226651202,0.360996287,-0.517744905,-0.105181717,-0.855726167,0.772664521,-1.011424855,-0.115715173,0.190122449,-0.367676038,0.499365832,1.293390034,0.537757026,-1.098496226,0.555451205,0.409559814,1.293390034,0.385025079,0.268013783,-0.838321837,-0.179738726,1.293390034,0.231509058,1.293390034,0.37026547,-0.22618109,-1.169400792,-1.403631496,1.293390034,-0.216928846,1.293390034
"Lactococcus_cremoris",-0.608337753,-1.350002793,0.35266692,-0.907233459,-0.852289442,0.842958077,0.592310417,1.960462003,-0.195628709,-0.097623005,0.903210573,0.273893875,-1.073655031,-0.908711465,0.860503928,1.960462003,0.438127973,-0.295284788,0.962634662,1.064304713,-0.354073362,-0.587132932,-0.150341829,-1.659417221,0.693889917,0.868325875,-1.14088169,-0.357915228,-0.518363924,1.553509991,0.383598652,0.469819046,-0.718173278,0.577959217,-1.581395956,1.960462003,-1.120641822,-0.471924941,-1.725212148,0.99443889,-0.873042067
"Schaalia_turicensis",-0.881652519,-0.171611109,-0.358985847,1.076205451,1.320526349,-0.168088414,0.52015283,-0.731640953,1.593353332,-0.367695257,-0.017912512,-0.937080991,-1.643618444,1.379580764,1.509097739,1.024285874,-1.506496428,-1.088420466,-1.384467612,0.780168005,-1.536503641,-0.15300563,-0.843666917,-0.894123843,1.398711236,-0.369665857,-0.648167346,0.415469744,-0.518949049,1.628429084,1.166039717,1.875861152,-0.168991188,-0.166740551,-0.228600773,0.054901763,-0.895996445,0.171962007,1.039081878,-0.070785027,0.330712293
"Solibaculum_mannosilyticum",-0.171597651,-0.16926113,1.519076466,0.072678016,0.419265467,0.877036063,1.122906709,-0.771371144,-0.667290178,-0.089866374,0.747397293,1.187721055,-0.088566981,1.207144808,-0.111587167,-1.327315217,-2.401329714,-1.667925569,0.507433135,0.413752793,-1.133114207,1.528026365,0.252268312,-1.568203841,-0.185651221,0.640552723,0.951171656,1.089863805,0.030663097,-1.594553958,-1.307125679,-0.044559655,0.334337557,0.005534375,0.112903418,1.335552324,0.32387408,-1.320676046,-1.374241357,0.845091864,1.179862521
"Bittarella_massiliensis",-0.653464965,-0.336976798,0.225541517,0.862554873,-0.829501934,0.736246813,0.744987319,-1.088445269,0.093763636,0.268814418,0.837210639,-0.354805454,-0.741959763,0.235072412,-0.885774368,-0.560839063,-0.122735944,0.21952173,0.645969426,-0.035827862,0.082064199,-0.673638633,-0.164650776,2.597171432,-0.497671674,-1.040264431,-0.021524996,-0.914960117,1.270078122,-1.950848811,-0.597182523,0.388232469,-2.095776862,0.729789733,1.054993266,0.000879077,-0.097348636,0.819813515,-1.039394529,1.504294673,2.597171432
"Enterocloster_citroniae",-0.72840444,-1.020639427,2.137364006,-0.526315014,0.290526218,0.727208451,0.760316426,0.459173555,-0.182270724,0.512268913,0.696530741,-1.218282643,-1.254528888,2.137364006,2.137364006,-0.943557968,2.137364006,-0.409495707,0.415712628,0.715155044,0.124299637,0.979609834,-0.990085241,-1.014347693,-0.090406474,-0.186688003,-0.386204202,0.47310966,-0.826024835,-0.476325833,-0.4967012,0.612081161,-1.374641426,-1.299847037,-1.003046853,-0.93354503,0.782664946,-0.718009298,0.594825186,0.385638185,0.330043007
"Robinsoniella_peoriensis",0.238397552,-0.685109426,-2.216034914,1.078356503,0.357474003,0.536421712,-0.181593841,0.122495202,-0.74751499,0.458709179,1.84432046,0.016658861,-0.022547431,-0.435126445,0.38232553,-1.059896562,0.679587841,-0.031877875,0.082155141,0.697477393,0.447440553,0.090157725,-0.431971039,-0.711832019,-1.304614126,0.528407662,-1.084465037,-0.2697726,-1.376299403,0.89020709,-0.196326956,0.94373674,1.96257702,-0.531569523,2.43990838,0.47181307,0.079165116,-0.553046081,-1.571436705,-1.34253782,1.723789752
"Bacteroides_nordii",-0.698735143,0.940033192,-1.662315687,0.667175871,-1.061125441,-0.718127704,-0.472000389,0.608472465,-1.719240576,1.187560226,0.268297899,-0.831866078,-1.084478695,-0.651729838,-0.61230903,-0.328588608,0.926500686,-1.675749058,1.588061648,-0.036476414,2.77980051,0.318340605,-0.895690742,-0.442629774,1.982686199,-0.205600778,-0.296642939,-0.142327243,0.06726593,0.250013411,0.645663761,-1.930271438,-0.119775904,0.230346364,0.081147571,0.882452977,1.30314066,0.479966374,-0.290673304,-0.37930952,0.296820303
"Corynebacterium_argentoratense",-1.383640771,-1.472310173,0.849272737,-0.304309818,-1.598182943,0.290440059,0.794028228,0.412266795,0.18606748,-0.197982172,-0.61974195,-0.93773068,1.719859114,-0.831913641,-0.104934969,-0.879004709,0.638117939,0.829313639,-0.296373645,0.064769951,0.489457748,0.35306786,-1.395283449,0.621876619,-0.307543618,0.006314525,0.090931947,1.507449729,3.339125982,-0.634261238,0.798810616,1.251687567,0.192126622,0.716725645,0.554062683,0.398816757,-0.141515748,-0.915440309,-0.304374915,-1.04983583,-1.565898015
"Massiliimalia_timonensis",-0.479827571,0.003760861,-0.273334091,-1.454246792,-0.028007371,-1.499243502,-0.239565584,-0.473091298,-0.292491057,-0.706091623,-0.338422498,-1.284382696,-0.0977429,1.163445288,-1.345406624,0.409137704,0.090472056,-0.471073307,-1.400165547,0.561256519,0.467261389,0.629495886,-0.024525523,3.816913086,-0.202094425,0.263357445,-0.619902336,-0.220008306,1.268864055,1.176467017,0.017955432,0.348559578,-0.778764469,0.602255082,-0.41319728,1.458460284,1.463724399,0.554225445,-1.323071398,-1.084495284,0.584023149
"Acinetobacter_oleivorans",-0.752193618,-0.522021471,0.749832004,1.166369166,-0.061677511,-2.162538687,0.601632368,0.07387072,0.185767086,-0.204866938,-0.139000384,-0.787571139,-0.375182281,0.44129613,0.490827569,-0.621635633,-3.418849342,1.149356239,-0.279389892,0.805255564,0.666944878,2.078418533,-1.690854368,-0.410073094,-0.431789605,0.249157333,-0.032089403,1.591480568,0.757860587,0.734097487,0.611586952,-0.053960289,0.202533396,1.060511398,0.329270909,0.405849177,-0.673435752,-0.644070559,-0.2981779,1.083103974,-0.499815436
"Dialister_succinatiphilus",0.177540305,-0.725582292,2.179018046,1.850347569,-1.062708631,-0.445953608,-0.312296739,-0.939943875,2.319594554,-0.892462876,-1.004042416,0.183652648,0.57441931,0.652200297,-0.816850827,-0.843558156,-2.213554875,0.182572063,-1.47999985,-0.931733377,-0.585120279,0.365398779,-1.979377978,0.767469571,0.974196745,0.248775134,0.433029687,0.530836403,-0.459424718,0.632190833,0.821438453,1.532733037,-0.528817083,0.083388851,0.052845312,-0.872775823,-0.105564027,1.089756223,0.488648879,-0.077003804,-0.016583662
"Lentihominibacter_faecis",-1.622406694,-0.885418474,-0.5795859,0.690931046,1.902009563,-0.943022113,1.215496943,-1.318091781,-0.387275926,1.278529128,-0.333713505,-0.694132599,0.267148461,0.558355781,-0.307900613,0.814772373,-0.802156691,-0.174716007,0.241120135,0.595541811,-0.498596487,-0.007148296,-0.861393047,1.264317218,-0.14221192,-0.292338066,0.572197198,0.01231782,0.216039014,0.612878337,-0.050636777,0.922246685,0.067700997,1.303302895,0.418172583,-0.622072759,-0.545416261,-1.169818296,-0.511178645,0.390457141,2.497779776
"Thomasclavelia_spiroformis",-0.926926921,-0.7312024,-0.796705009,1.089089471,0.453105635,0.322720496,-0.335446502,-0.930191041,-0.580367504,0.410308936,1.139420285,1.069198154,-0.96525016,0.16452603,-0.359149614,1.863854316,1.212344421,-1.219687564,0.771693209,-0.817000873,0.416594441,1.636810929,-0.005678104,3.114847637,-0.539435576,1.55212812,-0.81675254,-0.404294864,-0.527458526,0.153456881,-1.669652332,0.126517995,0.295415739,-0.743458937,-0.317494242,-1.489117427,0.41433567,-0.364357483,-0.801403137,-0.786370111,0.685666962
"Guopingia_tenuis",-0.302574478,-1.045831951,-0.108881479,1.645455763,-1.363312639,-1.703512488,0.467729787,1.171475357,-1.756127275,-0.628034997,0.154760617,0.347472591,-0.322406878,-0.231308603,-0.229633211,0.377972261,-1.3524462,0.861772653,1.188659273,1.923595777,0.597206312,-1.813742123,0.403770865,1.963789089,0.151292164,0.253656546,-1.167193566,-1.214051272,0.83450983,0.327349184,0.795096512,0.652225391,-0.481821115,-0.11725304,-0.161400204,0.320437561,-2.133586759,0.912524941,0.621439185,0.275475291,-0.506695789
"Bilophila_wadsworthia",0.576876029,0.576876029,0.576876029,0.576876029,0.576876029,0.576876029,0.576876029,-1.187133931,0.576876029,-1.358199729,-1.170273411,0.576876029,0.576876029,0.576876029,0.576876029,-1.164402315,0.576876029,0.576876029,0.576876029,0.576876029,0.576876029,0.576876029,-1.505410134,0.576876029,0.576876029,0.576876029,0.576876029,0.576876029,-0.643192817,-1.140751155,0.576876029,-1.727412738,0.576876029,0.576876029,-1.539768198,-0.911508667,0.576876029,-1.34375374,0.576876029,0.576876029,0.576876029
"Bacteroides_cellulosilyticus",-0.123653705,1.39616419,-0.347097929,0.972900696,0.465957635,1.36805368,1.299242164,-0.882622448,-0.960115977,-1.068242121,-0.428439266,0.609764502,1.515286112,-1.054941608,-0.586624778,0.765505482,0.986914603,0.311309235,2.93388522,-1.129016526,1.74311089,-0.934526609,-0.53613836,-0.899788264,0.003715519,-0.38669922,-0.137758662,-0.519610233,0.043852863,-0.911295575,-0.769718952,-0.175778343,0.29935734,-0.940573376,-0.20900537,-1.223461556,-1.231964011,-0.405155676,0.74282645,1.723694212,-0.592892974
"Lactiplantibacillus_argentoratensis",0.307277333,-2.257359693,0.031494429,0.335807334,-0.337174141,-0.239699443,0.322558146,0.483211284,0.938928853,-0.223784413,0.254134885,1.193059796,0.652504155,0.341959404,-0.866077799,0.126822861,0.077665926,0.108760575,-2.298577886,0.197256139,-0.122899844,0.830812655,0.046016242,1.906998772,1.226449552,1.412750245,1.17706612,0.135088438,-1.324181466,1.13162962,-0.549118731,0.502170984,-0.528433407,0.579020117,-1.412555614,-0.458986571,0.520765569,-0.502934319,-1.73919862,1.061997943,-0.758616145
"Segatella_copri",-1.511368297,-0.062572288,0.408834195,2.188500436,1.144891255,-1.165636719,-0.202032792,0.600254816,1.003898379,0.133336527,-0.178505034,-2.011166668,-1.405969065,-0.250777917,0.246784652,0.27363487,0.265404503,-1.671156252,0.268519833,1.163282605,0.159120732,2.074498908,-0.625127706,0.172068138,0.252618953,-0.462141993,-0.110664582,0.697350506,-0.521920452,0.533839119,0.736289614,1.985186066,-0.067161356,-0.780658617,-0.106520907,0.219045875,-1.184223666,-0.369391787,-1.488795811,-0.081615804,1.293482764
"Coprobacillus_cateniformis",0.460474505,0.020693309,0.203331387,-0.670567588,2.386834374,-1.096277419,0.28424744,-0.10927292,0.054235202,0.760576533,-0.139798417,-0.635663908,1.429854278,1.142947934,-1.023532433,1.361396555,1.335804386,-1.098516712,-0.208755475,2.245782848,-0.72427865,-0.495620976,0.795114826,-0.86196591,0.211990354,-0.226502845,-1.888379904,-1.875359756,-0.593214497,0.628023442,-1.53803417,0.731798176,-0.038937926,-0.642459647,0.722417382,0.711487138,-1.260237028,-0.855361458,0.569462786,-0.155340301,-0.62400295
"Flintibacter_butyricus",-0.733916454,0.387089991,-0.733879391,-1.119489733,-0.161566521,0.665696299,-0.33244267,-1.033717628,-0.341265715,-0.110432404,1.91950706,0.788301803,-1.323078248,-0.694295941,0.461252852,1.32813789,-0.89606925,-1.126670799,1.221254616,0.276587794,0.48377042,-0.170962057,-0.368636071,2.111391983,-1.778405717,0.832470342,1.935626789,-0.675638924,2.413996298,-0.080758738,-0.831831469,-0.561713512,-0.177457177,-0.855014678,-1.223781103,0.770086554,-0.267999939,1.157401686,-0.02818047,-0.144423907,-0.667134259
"Lachnoclostridium_phocaeense",-1.024591702,-1.409050638,-0.340398888,-1.010760666,0.078126718,0.110743012,0.209412985,0.191159172,1.139449663,-0.087577129,0.344903331,0.337492469,-0.527725311,1.139449663,1.139449663,0.04269828,-1.282260605,1.139449663,-0.022271675,-0.027053217,-1.873316288,-2.106892274,0.576400896,-1.159719939,1.139449663,0.208733956,1.139449663,1.139449663,0.20439932,1.139449663,1.139449663,1.139449663,-0.110971029,1.139449663,-0.234997583,0.159603776,-0.034767745,1.139449663,-0.416108152,-1.362329566,-0.475300917
"Enteroscipio_rubneri",-0.316396043,-0.179997728,-1.850117117,0.949648805,0.017143154,-1.056853555,0.133995306,-0.301656028,-0.430833593,-1.038913656,3.164048763,-0.870081144,0.974255091,0.69721968,0.072398632,1.325430662,-1.001923118,-1.25721701,1.163080458,-1.30926213,0.771661992,2.327256215,0.451198191,-1.89055344,0.092542994,-0.393028753,0.12203948,-0.018751438,-1.01092603,-0.046864642,-0.207305787,0.063569242,-0.270056033,0.213879616,-0.952080937,0.554665027,0.337746229,-0.651560446,0.342393474,-0.017718419,1.180287164
"Longicatena_caecimuris",-0.316827649,-2.187938446,-0.922781677,0.075900714,-2.890497965,-0.610619202,0.073530544,1.08190266,-0.303839082,0.964512563,0.475605314,-0.016179731,2.101889793,0.70757776,0.680782527,1.006125013,-0.084656181,1.522355862,-0.560269978,-0.275191296,0.63050649,-0.950530342,-4.25e-05,-0.707721349,-0.532619421,-0.635728465,-0.462558525,-1.258558034,-0.801272214,1.117008855,1.0765115,1.108385133,-0.56518567,-0.615017954,0.773571876,-0.232443154,-0.476293033,0.937132123,-0.459172308,-0.561649235,1.839098397
"Anaeromassilibacillus_senegalensis",0.282961069,-2.142780123,0.716737046,0.817318827,-0.326297893,0.165802902,0.242086979,-1.081168598,0.741878167,0.856786554,0.712779097,-1.5621156,-0.119469954,-0.288503519,-0.404949192,0.53033863,-2.758102245,0.328206393,0.809775472,0.192232372,0.100263932,0.269008516,-1.156407475,1.647007208,0.625526471,-0.02027877,1.647007208,0.522037047,-0.684641746,0.254288278,1.001998885,-0.566928012,-1.052981207,0.993126658,0.030804056,0.831490763,0.026538107,-0.628021209,-0.246214486,-0.800703524,1.647007208
"Lawsonibacter_asaccharolyticus",-0.7286122,-0.953179977,-1.088787086,0.575016068,-0.97983851,0.597530439,-0.783876767,-1.44726307,-0.325093537,0.743134313,2.078168363,-0.846245547,-0.774947709,0.82966533,0.794830187,-0.862341385,0.585741267,0.352335248,0.628781576,-1.983217884,0.569212308,0.152184178,0.932079398,-0.088238075,2.078168363,-0.45307106,0.724139361,0.225717181,-1.102065243,-1.152732862,1.002738784,0.532327,-0.931613492,-1.123259443,0.712818071,0.477344413,-0.588552928,-0.750801931,2.078168363,0.710412031,0.79762816
"Lactobacillus_rogosae",-0.160194081,-1.211384032,0.017008331,0.22578213,-0.669492203,-1.161040358,-1.495265236,1.582542741,-0.293582175,-0.95379019,0.755725994,-0.393433357,0.846135444,0.000829298,0.294128289,2.230054265,0.345798883,0.899324155,-1.647975885,-0.715395907,0.398682748,-0.019157765,-2.527014423,-0.749169941,1.328236912,0.99782774,0.471903388,-0.061161537,-0.936739719,1.173741539,0.586249933,-0.076374489,0.687854333,-1.197866138,0.460081697,1.668540535,0.106826655,-0.221749998,0.535216097,0.44418403,0.190274347
"Gordonibacter_pamelaeae",-1.874281033,-0.064997329,-0.598113052,1.922643256,0.56662198,-0.560952939,1.061244336,0.537353286,-0.514510636,-1.593710689,0.267876024,1.030840244,1.9493862,0.487826022,0.938588821,0.247736367,-0.40016692,-1.206842494,0.764967032,0.558969525,0.618608139,0.142531287,0.395073641,-0.87498707,-0.071747737,0.314093602,0.756608059,-1.870888558,-0.217755426,0.159138789,-0.74612918,-0.996553072,-0.575757968,-0.411268366,-0.657319439,1.269421439,1.998331311,-0.723860882,-0.572473324,-0.687293109,-1.911182799
"Fumia_xinanensis",0.428549015,-1.341197303,-0.258199776,1.328476869,-0.875457517,-2.462073026,1.06831296,1.216497177,-1.368772254,-0.072376324,0.029492218,0.049007714,0.042154067,-1.027304997,-0.612889368,-1.101452322,0.699079445,0.093695946,0.212580975,-0.368479586,-1.272474802,0.252942749,0.315282256,1.92274426,-0.871879107,0.329525854,-0.689289637,0.800571626,1.320876738,-0.579435283,1.706544917,-0.463848742,1.784336674,-0.819346352,0.976064495,-1.266953517,-0.832829644,0.28404591,1.185133423,0.930202645,-0.061821397
"Enterocloster_aldenensis",0.331502321,0.316645654,1.042729994,-0.232022302,-0.601118295,0.220143843,-1.666749197,-1.622413682,0.973793709,1.382171808,2.905571198,-0.178334716,-0.820095174,0.284020054,-0.019824992,-0.807012344,-0.413740957,1.807767726,1.053117898,-1.57898682,1.261353397,-0.447500804,-0.166924886,0.769043217,-1.281572994,0.595504619,-0.767955348,-0.524730072,1.495327022,0.730852368,-1.015527501,-1.387776263,-0.113052947,0.194490942,0.027384392,0.304412741,-1.073406591,-0.425513795,0.007696332,0.77773045,-0.47693941
"Anaerotruncus_colihominis",-0.477384052,-0.561062981,0.236106419,1.178784849,-0.49692355,1.54064218,0.90744485,-0.349533343,0.134452349,1.343387024,-1.62050209,1.472365349,0.410164054,-0.1477076,1.440955478,0.046323679,-0.860764226,1.475153006,0.184841002,-0.460661868,2.275589851,0.731697495,-1.029885505,1.733250432,-0.431629525,-0.218210113,-2.095795685,-1.49692949,-1.148359036,-0.580626279,-0.197294585,-1.129337259,-1.120769862,0.544425612,-0.49539001,0.056992733,-1.046021759,0.20803664,0.749564734,-0.511581663,-0.113949123
"Dialister_invisus",0.894143847,-2.644390252,0.685641592,0.101874038,-0.686601573,-0.759667489,-0.45260523,-0.17126632,1.395497706,-0.55078613,-0.33555075,0.306911815,-0.054573479,-0.363922888,-0.517443506,1.428622104,0.0532269,0.602798882,-0.879953005,-0.595619407,-0.324784325,0.233616673,-0.807629632,2.072637776,0.591042049,0.816224782,0.552797484,-0.953377673,0.490129599,0.520238397,0.602598727,0.384956228,1.204877301,0.479030809,-0.256288017,0.376764659,0.778945206,-0.814774295,0.310990916,0.026492564,-0.076899617
"Alistipes_shahii",-2.032171317,0.340179748,0.578617797,-0.195940338,-0.55088829,-0.398937833,0.505124388,1.459701214,-0.745686991,0.328319228,0.095611902,-0.168693348,0.697302044,-0.090773326,-2.332713274,-1.128513731,-0.995245399,-0.367360002,0.129457532,0.725380032,0.13343358,1.906135188,-0.471417734,0.557646434,0.358552166,-0.118411977,-0.624994036,1.293309483,1.109478725,0.536038708,-0.163506595,-0.832664257,-0.201953188,0.783772194,-0.455472016,0.184157837,-0.090000476,0.835243589,2.804595057,-1.3290685,-2.021992143
"Roseburia_hominis",-1.189641718,-0.732303525,-0.388124012,1.28246674,1.296797831,-0.768006611,1.454991446,0.196026897,-0.571094632,0.005689011,-0.465782782,-0.244170553,-1.540395099,-0.702657071,-1.124016521,0.449273197,0.226836897,1.242258514,-0.862391704,-0.129369903,-0.434266219,0.138983333,-1.85135539,-0.67106192,-0.722567242,1.3632245,-0.887401357,0.465120818,1.204962818,0.758419569,-0.380040855,2.786078286,1.386872358,-0.834066695,-1.936305479,0.050045979,-0.284888153,0.939013685,-0.061747601,0.545702658,0.558966993
"Hungatella_hathewayi",-0.01824415,0.438896951,-0.896283553,0.375583107,-0.907600455,-0.740863525,1.342832933,-0.147360455,-1.644036014,-1.198946399,2.790420179,0.034660363,0.060868946,-0.151622403,0.688343862,0.058747387,-1.262346507,-1.003834353,0.185819165,-0.665170317,0.996802592,0.259683817,-1.606488618,0.985571091,-0.637487616,0.923695418,1.738539268,0.06221058,-0.053692893,-0.47061964,2.248005338,-0.918380878,1.10658806,-0.018943123,0.501861935,0.290139509,-1.389327989,0.977296466,-0.626106211,-0.698146186,-0.119751336
"Marseillibacter_massiliensis",-0.767391636,-0.133506128,0.508587933,0.402018846,-2.352529826,-0.651075247,0.297749396,-0.367745157,2.272239269,-0.464839204,-1.010781418,0.530137615,0.779337545,0.540812327,-1.233900359,1.182104694,-0.147772035,-2.195888535,-1.081480376,-0.070226369,-1.426124561,0.100258529,0.831730181,-1.033438979,1.467336293,-0.423627127,-0.048779324,-0.089256365,-1.465853703,1.428404137,1.026325167,-0.140612051,-0.36380509,-0.170852388,0.738912496,-0.292571396,0.515242466,0.585280672,1.110136193,1.791890248,-0.121439393
"Paratractidigestivibacter_faecalis",0.929811104,-0.789341898,0.084908957,-0.891016759,1.293748115,-0.315533166,1.020184721,0.985227221,-0.327492753,0.623668228,-1.307779929,1.052090016,-0.926464078,1.487618589,1.816948069,-0.112039494,-0.675799652,-0.468215768,-0.37433441,-1.46312629,-0.390334954,-0.858680926,0.617194355,-0.110243124,-0.959911914,0.405836144,1.73594518,-0.732374062,-0.719906721,0.457860153,1.151804762,-2.176149744,-0.621861049,-0.335143608,2.276860686,1.050646904,-0.111026996,0.021641686,-0.97607685,0.428575415,-0.828010331
"Anaerofustis_stercorihominis",-0.506241795,0.025510668,-0.109558657,-1.07486793,-0.006985706,-0.975777406,-0.097159488,0.906256181,0.293923984,1.128019504,-1.583134739,-0.40541496,0.057032097,0.542723953,-0.037703777,-0.993924081,-0.0726915,1.415907172,-0.070646842,-0.08069099,-3.044336985,-0.228852747,0.481103677,1.051258869,-1.312023968,0.81088021,0.201415767,2.426540344,-0.440576992,0.094780831,-1.130204022,1.914057968,1.30937644,-1.029965001,0.692801626,0.88795348,-1.042768259,0.219542207,0.63705201,0.067862706,-0.86803644
"Limosilactobacillus_reuteri",-0.290198487,-0.654465593,-0.180855209,0.556322654,-1.418620619,-0.867517348,1.132734622,-0.155100881,-0.471689485,-0.708993039,-0.435083549,0.617868295,0.064332439,0.15184112,-1.102484165,2.261920814,2.139053865,-0.623165098,1.18417544,2.131401513,0.584922826,-0.50778236,-0.699487087,-0.70071899,-1.486041137,0.823991484,0.332630185,1.428912413,1.238843519,0.974887567,0.238229738,-1.449543161,-0.547629889,0.22211456,-0.264728764,0.156311499,-1.695938709,-0.572656376,-0.057422971,0.345185898,-0.127365533
"Megasphaera_micronuciformis",0.755853507,-2.501686588,-0.635349738,1.779676871,-0.804464666,0.959412429,0.709701988,0.023480816,-0.340109871,-0.213283556,-1.740514335,0.027274741,-1.025637785,0.75646832,-0.490061929,0.292416583,-1.310468367,-0.564167887,0.098522323,-0.889162227,0.272776436,0.711223088,-0.038745875,-0.929968965,-0.358135533,0.301766778,-0.387893477,0.156100195,1.69968103,0.449666952,0.775822129,-0.426104134,0.478495474,0.219609111,0.360053385,0.802867926,0.517440739,0.904394078,1.223716928,-0.070691832,1.460441372
"Haemophilus_parainfluenzae",-0.42585279,-1.619643837,2.204004507,1.394915512,0.137782171,0.792266079,-0.143890669,-0.685071992,-0.120387399,0.755455162,0.139635997,0.25838629,0.393163701,0.497834965,0.070877171,-0.071693114,-1.156733619,0.338152868,-1.650201787,-0.685971562,-1.250730309,0.674264013,-0.063620788,1.28547341,0.322639956,2.830412654,-0.090712727,0.163112701,-1.074876483,-0.554324015,-0.615320886,0.527680066,0.556965688,-1.110268007,-0.288998391,-0.085539069,-0.245520877,0.203993324,-0.645773619,1.005891357,0.671295852
"Enterocloster_asparagiformis",-1.180540079,-0.237436348,0.512970982,0.253665662,-2.293129996,-1.623369289,0.515018773,-0.715905578,0.633167585,-1.051071178,1.826096542,-0.855358774,-2.300353039,-0.36382837,1.809423826,1.786642057,1.274698555,1.028491652,0.564847913,-0.296475084,-0.830007077,-0.430540593,-0.231415548,0.174110338,-0.882668168,1.023410068,0.199995462,1.09196491,1.123684593,-0.141697343,-0.003591053,-0.131372118,-0.00419387,0.54467626,-1.295915369,-0.164477608,0.535254469,-0.401258944,-0.773261747,1.274892991,-0.04481383
"Bariatricus_massiliensis",-1.125303709,-1.73237805,1.131190102,-0.650384005,0.699129033,0.363580077,1.667102108,0.612873719,1.237986537,-0.8699921,-0.712452224,-0.065676461,0.608659358,-0.409195024,0.798562811,1.327985151,-0.782746017,-0.428607213,-1.910180062,-1.615200183,-1.315724965,0.818484087,1.169686935,0.223415173,-0.307526784,-0.637051476,1.022141696,-1.254468602,-0.441732412,-0.284018482,0.632517271,2.42902272,0.527606441,-0.59847107,0.736245161,0.672782945,-0.784104687,-0.589021373,0.226717515,0.334145007,-1.344181517
"Roseburia_inulinivorans",-0.541850067,0.118870647,-0.796657993,-0.872336379,1.430719928,2.079287881,2.207491656,0.176980017,0.447409484,-0.054952153,-0.308410009,-0.809083203,-0.239014544,1.191346844,0.171817042,0.34952993,1.059075327,-0.793170114,1.570747433,-1.279300976,-1.301553794,0.509117247,-0.767854205,1.734955922,-1.32195972,-0.596130182,0.120852612,-0.154299378,0.14954241,0.130596714,-2.399229577,-0.727372376,-1.677606515,-0.626778102,-0.245758463,0.403832894,-0.085828709,0.161716692,-0.309183032,0.838341761,-0.083040724
"Faecalicatena_contorta",0.331907844,-1.144108129,2.495895988,-1.135941725,-1.977423408,-0.354913745,0.010087142,-0.599870803,-0.567327192,0.139060261,-0.587892761,0.390219939,1.453046055,0.217703239,0.804550186,0.366303375,0.097723455,0.897193127,-1.486036961,0.014750734,-0.303660213,0.795265009,0.187403922,2.129433383,0.044432519,-0.261821056,-1.578015688,-1.506416759,0.299394041,1.361935329,1.316372346,-0.884430582,0.446002144,1.044696091,0.224453524,1.007591928,-0.27199722,-0.776435198,-0.012833709,-0.327764978,-0.650870612
"Lactonifactor_longoviformis",-0.037998945,-0.140113652,-1.972371864,0.676441779,-3.222693296,-0.48515833,1.739563281,-0.275507385,-1.094194983,1.404435161,0.615431535,0.211825195,-0.023246002,0.508740125,0.551997672,0.586343515,-1.064546107,1.058397375,0.733590226,-0.13473122,-1.751711131,-0.455521318,0.698942796,-0.553864182,-0.450533999,0.758558861,0.075539856,1.467864758,0.179570072,1.174332334,-0.470366739,0.371124006,-0.002224846,0.740327191,-0.730062609,0.302181069,1.549868009,-0.875491774,-1.288897113,0.28048562,-0.838293269
"Pseudoflavonifractor_gallinarum",0.447325418,-0.921450597,1.397942272,1.029393182,0.183291851,1.234073462,0.534241143,0.510229484,-0.978509916,0.297177219,0.988256209,0.399962777,1.274020039,-0.495843082,-1.28974377,-1.293282882,-1.223439471,2.008224575,-0.090932513,0.282859778,-1.031150015,-0.018932273,-0.536360469,-0.819039255,0.984835359,0.444434375,0.010327683,0.931280403,-0.926353275,0.290476599,-1.031142153,-0.314188978,-0.63678565,-1.333955005,1.374300115,1.397121463,1.399319872,-1.634885755,-2.193137832,-0.362261585,-0.023939056
"Agathobaculum_desmolans",-0.086048157,-0.987563043,-0.574343779,-0.945107396,0.301369843,-0.865623101,2.054584473,-0.214625956,-0.925899289,0.609958014,-0.083953511,1.347885675,0.991860037,0.571842501,-0.957634814,0.092384786,-0.457522247,-0.162877578,2.708133816,0.306742097,-0.787226082,1.423231774,-0.32971085,-0.150712482,-0.543983919,0.593109171,-1.475950222,-0.963626919,-0.090619016,0.757060976,0.491116625,-0.911346012,1.947520437,1.080520529,-0.501672483,-0.378381992,-0.784857599,-0.012098828,1.129168238,-0.313470141,-0.745735042
"Gordonibacter_urolithinfaciens",-0.794705343,-0.989448199,-1.520136722,1.492795982,-2.641757084,-0.681873547,-0.274833153,-0.776679567,1.119657141,-0.820497006,1.567565261,0.502610305,-0.313986616,1.047128622,0.293913562,0.840151496,-0.542918383,-0.209433854,-0.63980169,-0.651057537,0.815676717,1.032261843,-0.942173701,-0.405014082,-0.122795245,0.277925317,-0.35034597,1.22134632,0.976569093,1.729971923,1.656660597,-0.953655269,0.798016489,0.528440343,0.233661263,-0.998114061,-1.503586731,0.808284595,-0.77390517,0.666090592,-0.930592132
"Hungatella_effluvii",0.475490486,0.195969546,-1.514478428,-1.823693354,1.292782337,-0.14146557,0.61889793,-0.328088703,-0.121917071,0.553598554,0.123364874,-0.240547176,-0.335395499,-1.409696138,-0.004014588,-1.099886624,-1.1274532,1.537886243,0.828963915,1.403056371,0.614178907,0.872990625,1.397304951,1.1086292,-0.932264151,-0.229821853,1.335182968,-1.345080357,1.644429568,-0.302694696,-0.42444873,-1.866217624,0.268677009,-0.361235132,0.505094458,0.351654933,0.697933642,-0.079639116,-1.894361024,-1.103497192,-0.404907089
"Bacteroides_fragilis",-0.215669076,-1.041250828,-0.010459401,-0.080384669,-0.874644634,1.044031664,0.689265342,-0.65849311,3.393732144,0.931735061,-0.446331329,0.389800353,0.595417245,-0.343953998,-1.449450061,-0.838767822,-0.37773341,1.525981874,-1.420546536,0.910744729,1.045981663,1.007656232,-1.150904198,-0.828336785,0.542031424,-0.015163168,-1.038020574,0.482966008,0.612831329,0.36815698,0.810681641,0.013753904,-1.917148987,-0.068505527,-0.634115868,0.935921799,0.336841724,-0.83021425,-0.165555638,0.080662122,0.396502515
"Schaalia_odontolytica",-0.261859326,-1.527966473,1.122712256,0.705800483,-1.874616651,-0.892217864,1.729264454,0.311104644,1.01067205,1.130295735,-0.70741981,-0.025526515,-0.633915409,1.408301244,0.908939491,0.026198467,-0.213860881,-0.582548203,-0.354360262,-0.225187208,-1.067223521,1.057669356,-0.691569055,2.532952888,-0.674206971,0.916571113,-0.625707359,-0.147636804,-0.128508548,1.157198075,-0.010415904,0.87515646,0.22152532,-1.184968715,-0.863900394,0.481559129,-0.457539093,0.551288869,-1.330365175,-0.495238273,0.870976248
"Blautia_intestinalis",0.88442232,-0.162457649,-1.904280148,-1.077612953,-1.701311153,0.056003082,1.000984466,0.765618567,1.534835893,1.024868599,1.381057058,-1.077903482,0.663232984,0.894801436,-0.191594399,-0.283506906,1.72556506,0.387332934,0.573892081,-1.256254466,-0.504132132,-1.05440582,-0.431031512,0.304266195,0.309313823,-0.386689224,0.83085425,-0.45659508,2.58006863,0.133240275,0.669030203,0.242743096,0.23652256,0.360115367,0.076011976,-0.828009547,-1.580785824,-0.369323489,-1.525974283,-0.595535833,0.120374164
"Clostridium_scindens",-0.741537687,-1.534895469,0.40688985,0.242433473,1.655320408,0.121789804,0.674027688,0.905277282,0.306469656,0.405327883,0.08754313,1.193443582,-0.114626935,0.719822419,0.696942586,-0.426950967,-1.018569036,-1.596663941,1.008843857,-0.978681505,-0.381081795,0.003405553,-0.726102217,3.342314407,1.554184196,0.014480958,0.486134724,-0.149151771,-0.027643645,0.750440642,-2.023920219,0.780511651,-1.031690654,-0.119093517,-0.635241655,0.193033896,-0.624912037,0.08279618,-1.4815172,-0.900822712,-0.722910821
"Merdimmobilis_hominis",0.44069497,-1.802789377,0.768823392,-0.856774302,-1.96265124,-1.132395292,0.895372557,-0.107452148,-0.522727793,-0.837735294,1.561423399,-0.841516914,0.970922776,-0.100750186,0.239645731,-0.400240686,2.403633744,0.143260008,1.740929412,-0.425961515,-1.714372253,-0.770657088,0.113026614,1.330092084,0.192805925,1.031463652,0.021488918,-0.603192209,0.477501964,0.564279761,-0.278372133,0.727541048,-1.317210444,1.04653156,0.860792668,0.042036587,-1.098057593,1.077143494,0.021985664,0.143961149,-0.994225055
"Subdoligranulum_variabile",-0.194752111,-1.891483918,-0.790964962,0.089321879,-1.717221579,0.150694534,-1.076609151,0.299912285,0.126106931,-0.284235711,0.820720732,0.307626079,0.237536059,-0.387274959,-0.121164703,-0.756996706,0.891530287,1.935749033,1.264030968,-0.23420924,-0.055976143,0.973472883,-0.947412642,0.142555873,0.571067058,0.276259602,0.697298044,-0.103617217,1.060169,-0.553955803,-0.627250732,0.402950548,2.360080198,1.046958205,0.588264798,-1.89609412,-1.08142781,0.393271469,0.562817151,0.278180912,0.000191286
"Acidaminococcus_intestini",-0.309837464,-2.616369913,-0.116609003,1.844678236,-1.163758245,0.591499689,0.476705432,0.306582395,1.32272162,-0.552392297,0.355969704,-0.479930228,1.202529954,-0.50351055,0.169526804,-0.459960037,1.49074512,0.298148394,-0.505095088,0.983609602,-0.943349397,-1.192870494,-0.326941011,-0.176395192,1.362064448,-0.209820323,-1.022749205,-0.209598815,0.442140896,-0.194812657,-0.583194994,-0.67646833,1.743740015,-0.276521837,0.945594867,0.079684559,0.575902015,-0.082680631,-0.013112517,0.793622853,0.613404001
"Clostridium_paraputrificum",-1.084771831,1.090854369,0.261465326,0.13674057,0.317803216,0.812312551,0.273707506,-0.237053314,1.560962696,-0.515136066,0.327274195,-0.586249474,-1.935212373,0.902538304,2.075562149,1.853050951,-0.695160117,0.399372766,-0.422087294,0.419407236,-1.659940902,0.695002651,-0.45598306,1.573739018,-1.013139613,-0.419057531,0.026567098,0.064608166,-0.012783977,0.222378172,-1.656208344,0.128314418,-0.584867002,-0.270146426,0.899580216,-2.450452606,-1.75938668,0.824550988,0.069796643,0.356617274,0.13376777
"Streptococcus_oralis",-0.540528662,-1.709121369,0.570470476,-0.548529256,-1.02541523,1.309782168,-0.140622158,-1.337448753,0.725656223,0.177070616,0.485433227,-0.141803133,0.623884557,0.194914953,-0.197536717,-0.195500995,0.445016131,0.639999412,-0.313986735,-1.686705822,0.326319501,1.958955161,-0.549041262,1.825655381,0.44564893,0.511786493,0.674660948,0.058523975,0.561556083,0.504702213,-0.733802646,0.688471524,-1.227229852,-0.968787962,1.139434685,0.145143783,-2.498210478,1.088264348,-0.392937606,1.694839464,-1.110484344
"Bifidobacterium_dentium",-1.013058343,-1.966571435,0.471880827,-0.617339228,-1.935230875,-0.54485958,1.820262222,0.596019582,0.310399702,1.105537996,0.562652668,0.524105508,-1.064810494,0.352486819,1.271345026,0.441056265,-1.417254718,-0.325100916,-0.168375631,-0.230104192,-1.985701485,-1.251509612,-0.090409285,0.88366104,0.896889218,0.800097828,0.13993279,0.85615021,-0.11941608,-0.400616992,-0.393883571,1.401473243,-0.467579367,0.739957764,0.132556957,0.674928298,-0.13841883,0.976677059,-0.806022075,1.962010747,-0.233996033
"Veillonella_dispar",-0.058137156,-2.845751756,0.546521004,0.930527512,0.146575902,0.308572031,0.717901521,0.050576895,0.904076372,-0.272104705,-0.20484463,-0.538019789,-0.799490813,0.561034838,0.0147309,-0.120510999,-0.214035755,0.657535724,0.043612456,-0.128558076,0.383048638,1.113962796,-0.577450111,-0.015578269,0.043414956,0.227074903,0.103960515,0.389536773,0.346145648,0.039199745,-0.389983153,0.825314118,0.369467721,0.761009993,1.170066418,-0.225529746,0.386407071,-0.07941132,-0.157712613,0.3222219,0.070273564
"Enterococcus_dongliensis",-0.656835396,-1.047841835,-0.594778988,-2.488024978,-1.624333817,1.508209605,2.562213795,-0.661968383,0.818259571,0.195648343,1.560491171,-0.190426444,-0.135078562,0.445206222,0.346942868,0.695446694,-0.211377317,0.923919139,-0.750687435,1.708177052,-1.129617044,-0.23676401,-1.639053159,0.257092883,0.026897988,-0.566566036,-0.502177087,0.540845992,1.085776721,1.286956978,-0.121838881,0.831730083,0.306796052,0.388649892,-1.543230546,0.41080629,-0.134425633,-0.993291894,-0.322545187,-0.469646293,0.00578327
"Blautia_producta",-0.855072003,-0.791975308,1.443624007,-0.940941968,1.071598852,-0.172614407,1.872723753,-0.760212855,0.029055591,-0.85908124,0.171331054,0.485400201,0.164631305,0.623028218,0.898035959,-0.904938953,0.171862368,0.252794267,-1.60651152,-0.416047867,0.080795012,-0.016196694,1.220353845,1.517751109,0.296745248,-0.099877986,-1.807016457,0.062677952,-0.012861612,1.018423875,-0.634619186,2.465156855,0.092091533,-0.483604523,-0.402902518,-0.733063125,-0.832057053,2.169998805,-0.740181342,-0.253424727,-1.39667985
"Ruminococcus_torques",0.444103161,-2.416477474,0.939635958,-0.034275987,-1.510254545,0.310123489,0.567805731,-0.318055016,0.781762659,0.282623478,0.767129945,-0.555279864,-0.366436615,0.303626402,-1.213782383,1.051177532,0.444764803,0.916068972,0.877695186,-0.627506414,-0.912161494,1.08103641,-0.086229052,-0.076971301,0.454544665,0.636216169,0.11606438,-0.158481791,0.847683337,-0.38897284,0.240153692,-0.373283891,1.231220825,1.434737004,0.639141667,-0.542014996,-0.054828253,-0.28486546,-0.049111661,-0.914692886,0.458911802
"Faecalimonas_umbilicata",-1.118049013,-1.18064573,-0.619627077,-0.630197514,-1.483660147,0.027277304,0.358805662,-0.592215356,0.847135781,2.336974051,-0.902661333,-0.833314632,-0.248737998,-0.370742414,0.632173902,1.741714453,-0.967599285,0.500404305,-1.805513292,0.001853776,-0.195067387,0.708292744,0.648180398,0.921926206,1.007307832,-0.018618899,-1.511228418,0.197959806,1.698941591,1.335598556,-0.385181958,1.211201338,-1.010745071,0.010260405,0.397811517,-1.465939841,0.306295483,0.732790759,-0.909755218,0.513469728,1.204442944
"Mediterraneibacter_butyricigenes",-1.266562316,-0.915311646,-1.321954254,-1.76738394,-1.672849873,0.028892167,2.12662681,0.431642709,-0.19722411,-0.353637552,1.401308183,0.181136428,0.087323459,0.69487512,1.250799088,0.654419473,-0.815729005,0.077071007,0.404957795,0.377404188,-1.164765194,-0.453888739,0.583589278,-0.433610552,0.859430969,-0.193284414,-0.220770359,-0.826448268,1.758213071,0.456689869,0.22058335,-1.609381883,-1.425264394,-0.30258389,-0.505740027,0.869507036,0.914059164,0.977896986,0.320240191,1.74329069,0.626209619
"Christensenella_hongkongensis",-0.811398568,-0.075383894,-0.101597734,-0.47699377,-2.56708077,0.045052014,1.178471934,-0.088662597,-0.576591631,0.040500214,-0.809427752,0.662246633,0.042867628,-0.324299872,0.590564269,0.497288789,1.097749996,0.861709395,-0.087309036,0.391729335,0.334931001,1.249977829,0.084369099,0.689024934,0.142093021,-0.6926308,-1.295603187,0.135612672,-0.079568794,2.848141038,-1.642796735,0.084592648,-1.642111012,0.560612688,-0.560210635,0.761177566,-2.453817193,0.821296834,1.285837124,0.004150492,-0.526699349
"Coprococcus_catus",-1.418237267,-0.475190296,-0.876540004,0.64807478,-2.098662099,0.361442359,1.738237426,-1.566050206,1.204637196,1.375820002,0.58190652,-0.768712967,0.125093804,0.401421024,-0.582724943,-0.256722713,0.21878985,-0.459730244,-0.325305557,-0.996379423,0.69159118,-0.891090929,-0.654059583,2.177234179,1.515880649,1.462782809,-1.278445236,0.541918564,0.679166589,0.919426735,-0.064524433,1.006302758,-0.148547168,0.16837954,0.356126782,-0.60156609,-1.238771515,0.11913309,-1.318401845,-0.432648395,1.127403519
"Lactococcus_raffinolactis",-0.473699351,-1.201893328,0.40485175,-1.508280562,-1.5422523,0.442256896,1.769558174,0.686151609,-0.01546643,0.572515545,-1.214130248,-0.383379164,0.350099259,0.700120818,1.183978029,1.236668887,-0.159404219,0.98672341,-0.020676244,0.179013187,-0.48205443,-0.322973764,-1.195624235,-0.925156924,0.011150302,-0.127026853,0.816599931,2.253417903,2.318970506,0.477506303,-1.29586593,-1.313275955,-0.437240788,0.647441909,1.02942542,0.449505978,-1.807515783,-0.932219692,0.095648103,-0.202434212,-0.832125354
"Hydrogeniiclostridium_mannosilyticum",-0.006107846,-2.516663177,0.153516845,0.064465729,0.616424992,-0.247183382,0.904821642,0.325866526,-0.275332162,0.518046939,1.768627552,0.26734846,0.28232932,0.382375412,0.25655801,0.952782909,-0.067476597,0.410838321,-0.092905181,-1.299335483,-1.17660124,0.220733821,-0.783217729,0.254111421,0.381934675,0.103311914,0.777208742,-0.0498553,-0.297109067,0.128488909,-0.88377444,0.34517175,0.436608681,-0.032836479,0.029344318,-0.076917086,-0.45230329,0.339342934,1.679994859,0.706613464,0.29290558
"Parabacteroides_goldsteinii",-0.528290499,-0.846910916,0.279221707,-0.839099372,-1.603774563,1.011027704,2.854159683,-0.819765102,-0.001563204,-0.564913286,0.382160929,0.454807963,-0.41664252,1.053371256,-0.205816748,-0.439382587,-0.265303273,0.774954592,1.89616006,-0.211737005,-0.545583219,0.804153239,-0.21713053,2.492122233,0.686471946,-0.746612968,-1.066622902,1.13663183,-0.885647071,-0.632606921,0.031500981,0.056210907,-0.17943629,-0.377128174,-0.495302288,0.053769761,-2.594931868,-0.377090647,-0.185140835,1.028709106,-0.155869144
"Agathobaculum_butyriciproducens",0.021622557,-0.754542687,1.536771012,-0.036506737,-2.168004598,0.099366274,1.939203295,-1.061925527,1.051480085,0.183730017,0.65620591,-0.860171067,1.024441963,-0.089378227,-0.754355711,0.145749071,-1.715539522,-1.274587023,-0.018702493,0.457938263,0.785185877,-0.375537406,-0.385964022,1.375192714,1.337194095,0.465656409,1.75760042,0.094825152,-0.5852331,1.154936817,0.277991756,-0.784707994,0.459848971,-0.014600723,1.378282163,-0.660719638,-2.1228815,-0.449516777,-0.152842754,-0.345161948,-0.1650897
"Ruminococcus_lactaris",-0.47116779,-0.768721902,0.662487924,0.382278184,-2.944601153,-1.090350293,0.889934092,0.186513509,-1.792911351,0.426161192,-0.673230847,0.256840709,1.09973519,0.132224569,0.187886606,0.00030223,-0.04687847,0.884592971,-0.184873518,1.072152546,-0.236429617,0.673352158,0.009562321,-0.281444693,-0.548185442,1.550743725,1.057974092,-1.12039188,1.974493827,0.424560987,-0.306962214,0.776728951,-0.368566947,-0.069172466,0.16601185,1.740169768,-0.243489649,0.234448645,-0.540879828,0.529494795,-1.162721563
"Wansuia_hejianensis",-0.429276918,0.442448274,-1.679800704,1.127825888,-1.231705902,-0.963038903,0.865953246,0.621993769,-0.122158117,1.252104495,-0.241249458,0.265652026,-0.804446832,2.226907846,1.805943636,0.680321925,0.002779565,-1.289006665,-1.417208019,-0.183796201,0.327016952,0.766538246,0.850687978,0.475709589,-0.240852151,-0.964868075,1.360291592,-0.867351475,-0.170127143,1.362569105,0.543517747,-0.653729434,-0.018769964,0.774025735,0.162752607,-1.778777855,-1.566501855,-0.511277036,1.376467171,-0.81102091,-1.115049231
"Roseburia_faecis",-0.418449263,-1.042425193,2.027129292,-0.015642481,-1.120949889,-1.282432444,2.021740863,-1.429237288,-0.135532011,1.304683408,-0.433587863,0.048003564,-0.494165908,0.316380891,1.058582522,-0.350395639,-0.342797281,0.606090082,-0.79590821,-0.354550638,-0.661896558,1.113176517,0.933317277,0.8163679,-0.302063281,0.55351148,-0.146655949,0.697573847,0.835518987,1.494354491,0.536385916,-1.922977864,-0.79232947,-0.140553121,-0.87326957,0.47717551,0.223152119,-0.184723314,-0.550706423,-0.774316496,1.759840581
"Leuconostoc_suionicum",-1.293659723,-2.125250202,1.441433841,0.140218574,-0.841370059,-0.063804242,0.328316575,0.577952903,0.485065222,-0.02965406,1.465169064,-1.609851805,1.385985795,0.026678018,-0.057291696,0.734919937,-0.131354196,0.899260752,1.175658277,-0.214017059,-0.412361108,-0.236933373,-0.585405449,2.095444023,0.687700849,-0.133995225,0.068162496,-0.861738981,1.395773227,0.448448936,-0.600838563,0.918241886,0.862627355,-0.540682505,0.32812303,-1.269635458,-2.009000367,1.01548154,-1.120225737,-0.698193238,0.012257378
"Bacteroides_ovatus",0.095565189,-1.36425205,-0.257010644,0.661831422,0.711199196,-0.291069243,0.831159694,-2.946652915,-0.12046528,-1.455984054,0.291578435,-0.95768283,0.18082461,-0.549227707,-2.252658517,0.267004777,-0.695087369,-0.872018033,0.609751861,0.618342093,2.085141648,1.456698029,-0.272561693,0.243365991,-0.578625281,-0.746530916,1.057061502,-0.139258495,1.157494003,1.032961066,-0.37750847,-1.209246241,0.714358643,0.393266336,0.797145329,-0.10945606,-0.686034165,-0.070537169,1.0619067,0.787756122,1.30441317
"Enterocloster_clostridioformis",-0.542817424,-1.6944472,-1.467707244,1.090223448,-1.470955259,1.533265166,0.801373452,1.569093371,-1.501500125,-0.064739743,-0.766903199,0.110622871,-1.511082258,0.292232822,1.433711677,0.02927523,-0.550674588,-0.154187934,-1.370212197,0.400425723,1.41477912,1.70634143,0.801281815,0.275293341,1.159858279,-0.557703294,-0.498444499,0.534591984,1.133663524,0.321438163,-0.25750243,-0.803295304,-1.007739609,0.490454845,1.13030775,-0.933888972,0.241709575,-0.408133587,-1.148631589,0.966254196,0.397030079
"Megasphaera_massiliensis",-0.982415555,-1.857819612,1.799853365,-0.005589564,-0.736726924,-0.874303031,1.270012068,-0.149996471,1.628115074,-0.433280579,-0.786922959,0.614095052,-1.131688397,1.231911666,0.376755265,2.181933806,0.665359437,-0.41775779,-0.94766406,0.412290914,-0.050710937,0.352219454,-0.740721897,0.855931381,-0.04452781,1.690777983,-0.213616675,1.643108104,0.526565501,0.682231867,-0.736064854,-0.703037489,-0.887986381,-0.295400508,-0.589965521,0.941263141,-0.198275498,-0.328300504,-0.699464814,-0.313416618,-0.432525236
"Anaerobutyricum_hallii",-0.358554833,-2.24246371,-0.457212903,0.260422849,-1.339765816,-0.112848909,0.418194622,-0.009836451,2.464232515,-0.345833751,-0.191086933,-0.373223674,-1.234346865,1.446290104,0.477577857,0.750996263,1.675384181,1.182242887,-0.455200302,-1.107748845,-0.649432599,0.03968277,-0.633320615,1.417294796,0.441166436,0.400177521,0.111334088,0.573936611,0.798934527,0.084951202,-0.078303449,0.174902767,0.639177071,0.510093317,0.864113056,-0.728741344,-0.921917653,-0.043258117,-0.494947068,-0.158405472,0.332359842
"Vescimonas_coprocola",-0.844848436,-1.693180921,1.866224626,0.05068266,-0.450726555,-0.227839159,2.025815428,-1.03729737,0.617692351,0.671201739,0.136778643,-0.968646227,0.068839275,1.973218845,1.449074032,0.828928128,-0.935576551,0.002033173,0.571417599,-0.94244586,-1.049801932,-0.262978027,-0.906865948,0.228149487,-0.38903241,1.131944415,0.179440847,0.073432441,0.205532382,-0.338890656,-1.39133377,0.713189628,0.345596409,0.041970157,0.499601074,1.204974433,-1.148638335,-0.392015876,-0.771238593,0.968174909,0.494500441
"Phascolarctobacterium_faecium",-1.561337745,-1.852950337,0.393955715,-0.17405137,1.227552923,1.152240693,0.202669375,-0.304943055,1.456935967,-0.022112846,1.64949525,0.164486547,-0.705427416,0.2194845,-0.746173364,-1.44558568,0.337565631,-0.339211412,1.643864375,-0.399550302,-0.432915556,0.316156327,-1.449571392,0.585896866,0.662405647,-0.247741737,-0.824294517,0.78390327,2.078774154,0.505967597,-1.277551009,0.017954953,0.131583138,0.38767057,0.195216642,0.385836525,-0.961069413,0.445267547,-0.285170721,0.094748978,0.797486129
"Eisenbergiella_massiliensis",-0.457142508,0.166338886,-0.874475194,-0.470143532,-1.131068966,-0.233117243,-0.335078488,0.205583047,0.043288535,0.539164611,-0.955237008,0.188737063,-0.500496126,-0.197968152,0.162371226,0.29229587,-0.704804993,0.476675837,-1.12618669,-0.470228251,-0.505712985,0.31542768,-0.807875787,0.707784568,-0.279356384,0.224883558,-0.607638684,-0.000592026,0.320234697,-0.715881081,-0.024156736,0.183647234,-0.0655647,-0.039177776,-0.182874618,-0.394101511,-0.523072048,0.118749005,-0.451117382,4.457682999,3.334916891
"Alistipes_finegoldii",-0.557263886,0.619439252,1.034907591,0.079628641,0.905770124,0.178414804,-0.190543087,-2.33371488,0.512003802,0.233359055,0.450909928,0.163373678,-1.033013221,0.67537314,0.871873882,1.197421398,-1.471353884,0.818990209,1.678233814,-0.152624773,1.567277059,0.461043495,0.744522853,-0.900684324,1.029618466,0.153523758,-1.81073248,-0.946587757,0.879833043,-1.003321557,-1.049671971,-0.59098655,0.586702517,0.584461059,0.034461547,-1.242684601,-0.108591852,-0.524668264,1.401635724,0.444358566,-1.675117619
"Enterocloster_bolteae",-1.153543322,-0.539113275,-0.55462948,-0.332169968,1.567635674,-1.311583596,1.174696515,-0.485963681,-1.40947876,-1.457019596,-0.741544166,-1.404557239,-1.558409911,-0.692921296,0.285681322,1.045546177,0.805530669,0.060710538,-0.100136499,-0.021819416,0.325414778,0.857364596,-0.353970529,2.858890624,0.535885347,1.265638292,0.325456792,0.872602416,1.060262058,0.463227225,-0.902655846,0.680891585,0.839553234,-0.306631972,-0.267889478,-0.139243985,-1.225570499,0.826253419,-0.28358823,-0.022826484,1.111951716
"Holdemania_massiliensis",-0.386316883,-2.722177257,-0.648131427,0.649799142,0.436390701,-0.415705404,0.412996947,0.596254402,0.101235498,-0.030104491,1.646355958,-0.291799519,-0.076568381,0.437246655,0.445930387,0.464693305,-0.462167682,0.480503055,0.362197183,-0.535275318,-1.337132402,-1.116106525,-1.632873223,0.447709006,1.338182354,0.343991993,0.370376811,-0.489376841,0.133106801,-0.100042262,0.241444295,0.278063156,0.475837958,0.442281191,1.037107088,1.211293247,0.747415577,-0.008750438,0.531338036,0.695480656,-0.236316343
"Terrisporobacter_petrolearius",-0.689655286,-3.003593562,0.763639534,0.226884874,0.075622033,0.366675181,0.386083105,0.158059881,1.043489821,0.574689026,0.07652407,-0.309457463,0.578357536,1.402198319,1.402198319,0.594229066,-0.319816008,0.034006686,0.160715065,0.63348274,-0.545683195,1.037836926,-0.293179148,-0.325319566,-0.034946985,0.031681373,-0.148262502,0.887394764,-0.097431952,-0.015770276,-0.121552588,-0.383122133,0.13027406,-0.102787291,-0.654349385,0.610536839,-0.83908052,0.761759212,0.341119523,-0.032666316,0.009885582
"Streptococcus_parasanguinis",0.465367084,-1.839390348,0.531133185,-0.841662795,-0.488288757,-0.392096975,1.463769183,-0.07970363,1.565948598,-1.448907671,-1.135795169,0.532549622,0.792557337,0.708831521,-0.10037338,-0.420975443,-1.645223678,0.380238847,-1.51276813,0.165092827,-0.720530409,1.431719668,0.120466877,1.26188768,0.636819705,0.641853203,-0.686624957,0.446096766,-0.601099215,0.198734624,0.610535635,1.657541814,-0.0532233,-0.214229108,-0.042144733,-0.151361329,-0.939982333,0.552211766,-0.13050122,1.079790723,1.102330437
"Anaerobutyricum_soehngenii",-0.36628649,-2.27684471,-0.312718571,0.229705523,-1.819531428,-0.27719901,0.198274831,-0.213514305,2.304994747,-0.115231952,0.287285673,-0.769262493,-0.677280115,1.2753119,0.407404204,0.435508681,1.847346651,0.628282972,-0.358539508,-1.016528051,-0.654218167,0.410051352,-0.692179136,1.420634281,0.497717279,1.009346091,-0.145181879,0.76743796,0.656659745,0.150452108,-0.270561972,0.147015879,0.618899237,0.501502765,0.834469467,-0.78853944,-1.071581812,-0.132432363,0.033767319,0.182184128,0.261151347
"Clostridium_leptum",-1.453631681,-1.201485548,-0.60782414,-1.725484304,-2.106917317,1.003424762,0.317529463,0.945892785,0.050705283,0.017125923,0.212048609,-0.020891735,0.722037603,1.110360052,2.071323973,-0.26112146,0.075072172,-0.169606881,1.284264274,-2.071955641,-0.268796495,1.112674373,0.787484403,2.199656452,0.152731389,-0.594873704,0.285064675,0.586684551,-0.516801794,1.954148635,-0.705648118,-0.372816804,-0.236098035,-0.931224199,0.259308041,0.24894764,-0.751968873,-0.180603949,0.596408496,-0.820270225,-0.340275492
"Ruminococcus_callidus",-0.460368602,-0.874223185,-0.125958561,-0.62558353,3.671715395,0.563430968,2.123160322,0.361416195,0.882271603,-0.629921265,-1.023022075,-0.632724608,-0.881992935,0.820855568,0.000686513,0.805046061,-0.276246091,-0.147403067,-0.65114159,-0.36119566,-0.955774184,1.206622624,-0.605876694,0.028012809,-0.015334729,1.063698028,-0.487633191,1.081367352,0.226105534,0.123171204,-0.369563771,1.149078343,-0.004031665,0.127395749,-0.694460928,-0.969042596,-1.80530178,0.878934222,0.277952181,-0.439285146,-0.680769276
"Clostridium_perfringens",-0.760469253,-0.480407604,4.575864626,1.350731783,-0.326746179,-0.422709806,0.69076218,-1.511698701,-0.04778503,0.011536527,1.078153899,-0.102983442,0.252560296,0.119174479,0.216519405,-0.498112539,-0.269490422,-0.298922526,-0.386201593,-0.40413808,-0.382941617,0.129312524,-0.977981153,2.343406313,0.61738884,0.29327476,-0.305334973,-0.528336865,0.251012797,-0.122028649,-0.726896429,0.007557781,-0.073848807,-0.047809475,-0.669538401,-0.668631756,-0.363309442,0.675292985,-0.15185554,-0.781792735,0.163020212
"Mediterraneibacter_glycyrrhizinilyticus",-0.026492511,0.409093855,4.230671849,3.076177619,-1.376633086,-0.274250665,0.46802629,-0.518813532,-0.505168588,-0.286678256,-0.152244262,-0.147643627,-0.925929498,0.25285797,-0.133638123,-0.266023634,-0.693638501,-0.452294867,-0.247453686,0.233016177,-0.590406839,0.25896292,-0.122830455,0.636563622,0.476009018,0.025022861,-0.096606223,-0.49406404,-0.097741719,1.149011211,0.523827908,-1.854353148,-0.111687105,0.369070389,-0.028277634,0.002896768,-0.596044328,0.231490647,-0.161993563,-0.314557149,-1.060560053
"Bacteroides_intestinalis",-0.40797712,-0.35131644,0.055440862,-2.202838526,-0.091544743,-0.354393546,0.444282998,-1.679907491,-0.981872388,0.726686131,0.391108701,-0.54374789,0.737840581,1.408632017,-0.32063358,1.563130546,0.135606173,2.485374197,1.612082951,-0.037855316,-1.405843656,-0.200019592,-1.49102869,-0.579865214,-1.248523816,0.972598932,-0.883098104,0.957311724,0.611602135,-1.240264611,-0.134671903,0.775718561,-0.207686277,-0.059233504,-0.594246923,0.788270779,-0.654173929,-0.097253654,-0.225985258,0.411672826,1.974406483
"Parabacteroides_merdae",-0.872109091,-0.819522702,0.328517823,-1.909775949,-1.049729618,0.419190512,-1.081760336,-1.600691709,-0.589384182,1.145541469,-0.792930952,-0.053259796,-0.352570619,1.676545308,-0.472708137,0.294704761,0.304176014,-0.375335894,1.502599021,1.032087254,0.317924989,2.561667892,0.603494683,0.209235597,1.171727177,1.93353006,-0.937166688,1.74993215,1.065017955,-0.72666946,-0.753373109,-0.75015296,-0.540638033,-0.853552873,-0.427899585,0.047931965,-0.760398859,0.264832273,0.188279969,0.169840731,-0.443861624
"Blautia_obeum",-0.715770898,-0.961167008,2.862226053,0.140491224,-0.955575588,2.420993206,2.537464293,-0.544385692,0.121650274,-0.314835934,-0.899350159,-0.908872154,-0.799285181,1.186333382,1.200029991,0.349220469,-0.940730555,-0.680347901,0.515224655,-0.483119137,-0.73563143,-0.526311014,-0.336287062,0.809939032,-0.3008386,0.173503717,-0.337656215,-0.242585957,0.165781524,0.114870692,-0.40630011,-0.210820735,-0.030721391,0.222268225,0.533636963,1.356691078,-0.557543543,-0.347985408,-0.952167562,0.955187407,-0.527047425
"Coprococcus_phoceensis",-0.373718522,-2.16238746,0.206762268,0.087751712,-1.658839907,-0.780866093,0.261267485,-0.136148207,0.429560122,-0.210250416,-0.057813481,0.160064944,-0.069064288,0.66371928,-0.058992634,-0.488528038,-0.079196455,0.5515242,0.450668662,0.042034348,-0.41008859,1.059883582,0.303562795,0.032670697,0.408538457,1.796516983,0.874409229,0.480742377,0.224231193,1.114133379,0.36935378,0.612569454,0.877966135,1.063406194,0.816669969,-0.523475305,-1.054762536,-0.43852884,-0.097183941,0.400961655,-0.303050726
"Sellimonas_intestinalis",-0.493360423,-1.864860714,-0.386689857,-0.146325321,-0.64152714,0.057504193,2.292869459,-0.002153414,1.101430589,-0.474569098,-0.252766971,0.554970343,0.578041298,1.71444281,-0.78155661,1.544842382,-1.26660837,-1.126663973,-1.079267837,-1.550063928,-0.649298063,-0.923083171,0.58822773,2.085558785,-0.099648512,0.772805262,-0.33247686,1.415300745,0.568086767,1.637024259,-0.209522571,-1.476595144,0.140993158,0.506669454,0.181092457,-0.259874727,-0.17615898,0.813183022,-0.35116671,-0.847577773,-0.126953115
"Bacteroides_caccae",-1.67407352,-0.540678565,-0.001377027,1.723826575,0.861160313,0.566870387,0.399263843,-1.798582306,0.426439373,-0.058564402,1.946765393,0.408697162,-1.099462599,0.78145044,-0.670472559,2.229519851,-0.044070765,-1.727634129,-0.171404753,1.362909228,0.368190892,0.594761116,-0.106891691,1.073602626,-1.532616217,-1.477882431,-0.810515563,-0.618857157,0.447233561,0.709335634,-0.59341283,-1.767628822,0.512968146,0.381210782,0.466784804,0.275573377,-0.35170671,-1.090196382,0.117895019,-0.460876597,0.725878801
"Clostridium_symbiosum",-0.431676544,-0.43499769,0.450113775,-0.382063512,-0.914384359,-0.406726361,2.639348884,-0.571598046,-1.172263167,-0.169631455,-0.295011638,-0.571208062,-1.385504011,-0.230661613,0.120232613,0.696517895,-0.741811899,-0.630624867,-0.628788978,-0.681477643,-1.365156778,3.077824529,0.345470101,0.716473094,-0.280088937,1.895965539,-0.616352798,0.154204762,-0.215694656,0.195560315,0.061949355,-0.229906477,-0.715111511,0.26594544,-0.21177131,0.821903836,0.117010747,-0.132409312,-0.443989604,0.574067304,2.64457785
"Bifidobacterium_animalis",-0.28504249,-3.064022352,0.30726665,1.295644079,0.374949833,-0.399459211,0.818411714,0.121054067,0.22083658,0.208805073,0.289825242,0.602208927,-0.165686718,0.57798044,0.758817366,0.11820649,0.761854207,0.864759919,-0.29108106,-0.499619891,-1.425324689,0.184761536,-0.437731368,0.835301067,0.536255723,0.306891036,-0.158296315,0.121422076,0.087753518,-0.197284644,-0.153080177,0.266558846,1.04537008,0.471786982,0.333741398,-0.025751407,-0.182788644,0.452574325,-0.37280134,0.035430758,0.16174246
"Intestinibacter_bartlettii",0.344998676,-1.123890161,-0.299156101,-1.021080184,-1.590045061,-0.881976957,0.811275604,-0.251397305,0.792438119,0.043388356,-0.718058822,-0.089377003,0.88232821,-0.219855512,0.500433389,1.377240296,0.082779402,-0.075367111,-0.832602673,0.005094459,-0.166183557,1.018352923,-0.020964022,0.760964936,0.095695474,-0.292542151,-0.469587718,1.115436274,-0.166205085,1.435391131,1.600588128,0.328745375,0.461947711,0.148989656,0.22776037,0.556622647,-0.721520566,-0.082365802,0.797016752,-0.075818926,0.168031852
"Faecalibacterium_longum",-1.185631106,-1.679945723,1.048757651,0.209315073,-2.10174586,-0.302499328,0.610570045,-1.067719636,0.520665028,0.185317149,0.429851025,0.461412258,-0.518261235,0.176365279,-0.191312736,0.218012134,-0.265393618,0.422814119,-0.016831263,0.431584182,0.085218351,2.869276366,0.870947281,0.662161162,0.304291903,0.821808809,1.019776777,0.931942843,1.244083504,-0.103349785,-0.219688955,-0.972302726,0.803813888,-0.075468704,-0.109389507,-0.812040799,-0.318049499,-0.595822833,-0.801168977,0.106976573,0.209520803
"Clostridioides_difficile",-0.088278281,-0.773180086,-0.53898497,-0.691531782,-0.182524268,0.070133451,0.298902087,5.494363164,-0.057875646,-0.920383114,0.163763515,-0.056848586,-0.350605141,0.8809159,-0.476097536,0.316195891,-0.470310348,0.125978564,-0.514931295,-0.097816333,-0.261649884,0.788857416,-0.818335118,0.89666139,-0.423262021,0.155063231,-0.352646059,-0.491385858,0.797855802,0.65212844,-0.0143156,0.513334691,-0.301510325,-0.23912521,-0.586093914,-0.213247482,-0.479947497,-0.115303058,-0.108485748,0.258036416,-0.596670259
"Lacticaseibacillus_rhamnosus",-0.57536306,-1.807410654,0.789507453,-0.591213381,-0.666366938,-0.898689376,0.234433227,-0.167507505,2.35694407,0.168636416,-0.195069482,1.827264416,0.986538277,-0.326465132,-0.632866831,0.048154681,-0.72046148,-0.710704954,-0.911039469,0.057909138,-0.216601153,1.797635016,-0.128986601,0.321791289,-0.324198976,-0.298676248,-0.597860115,0.89773341,0.485385759,2.499743819,1.479059322,0.33338753,-0.30632016,-0.504824221,-0.740067152,0.977949237,0.143250684,0.712952318,-0.489037774,-1.00486181,-1.362965837
"Klebsiella_pneumoniae",-0.666839235,-1.737903596,0.347498911,1.233964375,-1.160542672,-0.986453049,1.166860854,-0.332344793,0.499579415,0.886184452,0.057729003,-0.125905619,-0.19101985,0.812077852,0.221774826,-0.438408282,-0.181963046,1.064595297,1.035332196,0.152884818,0.606468197,0.883403766,-0.3366944,0.523262891,0.532825437,1.003529146,1.24085456,0.125842958,-0.278966161,0.129117794,-0.049483007,0.213713463,0.169300541,0.51017293,0.430056377,-1.22248567,-1.363970963,-1.025752125,-0.077840883,0.534802596,0.054544025
"Blautia_argi",0.241545686,-0.923171661,-2.801537787,-0.57860455,-1.658287322,-0.355577282,0.351858009,0.760184796,0.218058112,0.173883328,0.4134192,0.013844694,-0.648561292,-0.041414423,0.638189885,0.617368877,-1.545839,2.76863483,-0.729172979,-0.09384124,0.050095077,1.977964303,0.124268515,1.881662296,0.502177711,-0.516897833,-1.567118037,-0.099182983,0.119174509,1.02934232,0.45718248,-0.440001632,-0.111698286,-0.513854571,0.282081639,-0.540823991,-1.001798655,1.034898368,0.850422948,0.328933008,0.196603844
"Odoribacter_splanchnicus",0.365164742,-0.488709395,3.029760084,1.326714391,-0.028568176,-0.374800632,1.115214539,-0.390378777,-1.405722941,0.971094835,-0.645849248,-1.013728545,0.462849179,0.247797158,-0.318045221,-0.454456318,-0.709947322,0.563413763,0.69199793,0.443372441,0.242410381,0.190504943,-1.138319712,-1.377381165,-0.647241958,0.146804051,-0.432450599,-0.42855158,1.096745095,-0.918331792,-0.865436015,0.596964174,-0.550716575,-1.187347019,0.209172008,-0.78292053,-0.523278726,-0.762018706,0.490049018,2.914682086,1.27397049
"Agathobacter_rectalis",0.002306508,-0.582083354,-0.721356545,-0.089042659,-1.871097248,0.091064407,0.785434953,-0.752683444,-2.349583104,0.316434267,0.528440702,0.291428051,-1.863858578,0.946951064,1.689236117,0.653739462,-0.322667264,-0.080350247,-0.585381462,-1.325115998,-0.403737073,0.014858241,-0.702326921,1.332945384,0.752849069,-0.186979785,-0.978614707,1.516519685,0.540506593,2.701700168,-0.112134719,-1.200900475,-0.435717824,1.178647717,-0.311369951,0.622960453,-0.477643071,0.616993511,0.984007891,0.143378262,-0.693780725
"Alistipes_putredinis",-0.168604807,-0.775440907,0.321970652,2.207505454,-0.948889917,0.477692777,-0.072031222,-0.714135482,-0.886979491,0.861513023,2.42372467,-1.994699714,0.224973638,0.941782168,-1.544563258,-0.280920526,-0.976979365,-0.880142984,-0.068516924,0.353717134,-0.590283933,0.516626537,-0.732474628,0.612301028,0.422074218,0.244032766,0.245035355,0.484609724,1.174565873,0.194897846,-0.909571491,0.815434765,-0.737396958,0.465365136,0.065733063,2.166215547,-1.046636529,-0.34260205,0.404798333,-0.676419057,0.780894969
"Flavonifractor_plautii",0.128290717,-1.204009974,0.074229975,-0.120120856,-0.524571216,-0.26633758,0.739294919,-1.631160218,0.184391017,0.311089562,-0.367456732,-0.580150838,-1.444142105,0.191065354,-0.269174415,0.486031503,0.655283096,0.889530574,-0.961179646,-0.824275727,-0.147464732,-0.120068907,0.44845241,3.261396861,1.19656042,0.959772357,0.106786822,0.329024837,1.554325574,0.803071916,-0.784544367,-1.333608541,0.923930582,0.830456903,0.658116135,-0.358722358,-0.903822098,-0.060117089,-0.606858573,0.281939794,0.295043879
"Eisenbergiella_tayi",-2.256942204,-1.781868052,-1.795938742,-2.143326056,-1.349032142,-1.375244832,0.799282608,0.136141714,0.539873763,1.166912359,0.615612179,-0.163083425,-0.754180282,0.838235168,0.334377809,0.739487899,-0.557894773,1.401663191,-1.067606692,-0.012090975,-0.084446815,0.104262801,-0.025224656,1.258941707,0.408866044,0.321076184,-0.448114279,0.043386434,2.040897054,1.134634265,0.887744328,-0.641185718,0.152126383,0.93914761,1.204551462,-0.201898682,0.795960488,0.504141679,-0.909579798,-0.215271287,-0.090549178
"Enterococcus_avium",-0.316104219,-1.691716444,-0.941686921,-0.205446937,-2.95029895,-1.454900499,1.594802323,0.377595665,0.698326234,0.692371247,-0.156317064,1.862592726,0.364223075,0.194537603,0.895563618,0.477445065,0.991535903,-0.128506954,1.736806402,-0.733821037,-0.172300196,0.331350384,-0.595013717,1.440293816,-0.229189126,-0.566662702,0.996523638,-1.439089351,0.81963082,0.716742469,0.527818163,0.874292889,0.429271345,-0.313408064,-1.124163787,-0.297017861,-0.40706337,0.47784757,-0.386266784,-0.62541464,-0.166546314
"Bacteroides_xylanisolvens",-2.23289702,1.083354173,0.32026837,0.217280002,0.086096801,0.209297802,1.234476296,-1.111296466,0.068161788,0.722165284,1.764355052,1.079706052,0.060405004,-0.492789212,-0.838097181,1.116395818,-0.605441073,-0.187221126,1.248178929,-2.440565614,1.051755147,1.421779874,-0.648885088,-0.804429569,-0.014878967,0.339939814,-0.517923622,0.531666311,0.618782802,-0.060956161,0.929131499,-1.292368396,-1.710200588,-0.101267285,-0.188440705,-0.514415414,1.417778897,-0.236730666,0.361420221,-0.08537441,0.131894058
"Monoglobus_pectinilyticus",0.61751657,-2.044817459,0.618920161,0.462269358,-1.904730659,-0.741368027,-1.012363193,0.14248637,1.71000487,0.834589746,0.443587861,0.550863902,-1.821369202,0.221600249,-0.246006825,-0.54920612,0.225264243,0.608287233,0.429251957,0.005354089,0.170707713,0.393115411,-0.807505259,1.327653022,0.783256743,-0.190791875,0.925429052,0.173952276,1.323017178,1.056798431,0.977827776,-1.241168131,1.261899467,0.761607606,0.936191913,-1.38737034,-1.051420793,-1.424815377,-0.034319418,-0.002776159,-0.406487618
"Parabacteroides_distasonis",-1.248891662,-0.398210446,-0.88699561,-0.252732064,1.062814808,0.530756325,0.482446397,-2.736379266,-0.392692002,-0.398491739,1.511249511,-0.947541223,0.903574296,0.839792334,-0.656295966,0.923850502,-0.601823408,0.26880775,1.343882894,-0.198744899,-0.152877467,1.413303401,-0.9568502,0.406653,-0.482683854,1.235165746,0.480189252,1.046682167,0.884397425,-0.198964917,-1.651703024,0.370040886,-0.94840321,-0.700160117,1.036264274,-0.205698129,-1.709059909,-0.348862773,-0.502216669,1.247372375,1.582016492
"Alistipes_ihumii",-0.556687276,-0.068446434,-0.021980055,-0.877138757,-0.979858941,0.837421422,0.732465202,-1.310311487,-0.34897306,1.004559968,0.698605292,2.474357519,1.57259208,0.268592085,0.358817987,0.095653364,-1.164440345,-0.516880589,1.016949123,-0.284558999,1.143520244,1.074312062,-1.64394038,0.746572795,-0.516223997,0.087664154,-0.970868346,0.09072765,0.026194369,-0.735738369,-1.245507417,0.30612943,-0.808843988,-0.353242102,1.048144237,-0.521904163,-0.575773424,1.536526404,1.745126184,-0.951632306,-2.206485163
"Coprococcus_comes",-0.850658941,-1.775530378,2.130302804,0.331876144,-0.739717346,-0.884128716,1.085842373,-0.497872383,0.967030219,-0.194566527,-0.826138641,0.422270167,-0.001560964,0.912609601,-0.110136797,0.821922893,-0.619462322,-0.890267599,-0.520762858,0.32286497,-0.560566075,0.861091145,-0.096961265,2.421771639,0.258603006,2.752189968,0.423633796,0.630128385,0.159136072,0.489728697,-0.375592336,0.601983069,-0.374225174,-0.570504667,-0.580861587,0.042510108,-0.915066849,-0.531471088,-1.467369625,0.09006075,-0.154120584
"Alistipes_onderdonkii",-1.297688381,0.007262812,1.29897425,0.768591009,-0.029412605,0.497102005,2.696196376,-0.954622478,-2.131192852,-0.271657884,1.592094656,-0.203896216,-1.829171447,0.521210211,-0.646100702,-0.051058839,0.127198208,0.116624069,0.940160513,-0.262055149,0.376451247,0.564215215,-0.166995898,-0.111661513,-0.631209036,0.183884737,-0.037966496,0.151948269,1.479621198,0.051894438,0.504613789,-1.277475163,1.671195996,0.273314307,0.336035682,0.314676032,-1.559704329,0.126756204,0.610287322,-0.857231187,-0.923002441
"Eggerthella_lenta",-1.775466879,-1.480545247,-0.859879108,0.893678839,-1.65008898,0.101321132,1.498230258,-0.711517478,1.254324813,1.40620835,0.664808731,1.77296366,-1.207396817,1.542115321,0.777995548,0.678345022,-1.543027537,-1.114048346,-0.005722289,-0.659219381,-0.540383506,1.146657125,-0.303695766,0.863230827,-0.962575795,-0.097068185,-1.078342132,-0.631203081,1.262594371,1.061844658,0.049865819,0.434273396,0.698967083,-0.275286432,-0.198112443,-0.903830305,-0.695514309,0.676679196,0.538180228,0.910235179,-0.869441182
"Clostridium_innocuum",-1.122030658,-0.638075664,0.044852314,-0.297849765,-0.771106959,0.358199275,1.055993392,0.251967335,-0.390568336,0.295496152,1.595719267,0.526880718,0.244717412,0.302445072,3.17048179,0.517223974,-0.917186362,-0.445785926,0.313807235,0.484052921,0.255038312,0.489122365,-0.96038435,0.924945184,1.281611258,0.442703156,1.39707532,0.078071686,0.610839629,0.628275413,-0.976008324,-1.287859115,-0.257900456,-0.967096171,0.471963153,-2.122521748,-0.939987491,-0.076113517,0.541151578,-0.895950674,-1.227236351
"Phocaeicola_dorei",-1.116452325,1.018751785,-0.248027131,-0.51669574,-1.328357629,1.623401114,1.619593699,-1.728081756,-0.761248994,0.407917968,1.396437139,-0.999440641,-0.322829251,-0.515943151,0.924927584,0.551627149,-0.728555076,0.476476078,2.800613327,0.473046009,-0.159189034,1.664699124,-1.065416081,-0.377089542,-1.314385109,1.098368606,-0.614715162,0.149100938,-0.050153216,0.435167229,-0.582138701,0.348908725,-0.113091644,-0.376294488,0.912299708,-1.369418813,-1.735961666,0.006897201,0.381485698,0.226618235,-0.054875276
"Clostridium_chartatabidum",-0.274507907,-0.85697635,-0.362846468,-0.324543048,-0.81485186,-0.338294136,1.217318826,0.358156915,-0.110295987,-0.301757696,-0.509788937,0.39439752,0.296899013,1.511659561,0.974961917,-0.227160551,-0.832978231,0.16980116,-0.391264151,0.148720992,0.110417707,2.085561302,1.113774681,0.48567415,0.219726359,-0.237845791,-0.240191326,1.067789381,1.385489747,2.404670221,0.6607996,-1.829337913,-0.77874128,-0.71662338,-0.384569768,-0.745774617,-0.763700339,0.945871034,0.90999203,-1.778205143,-2.155863705
"Evtepia_gabavorous",-0.935161662,-1.85775804,1.041416042,-0.879022626,-1.249404869,-1.922083866,1.009500553,0.183342498,0.312819879,-0.058373067,0.035512197,0.165969015,0.89230863,0.692201652,0.456093941,0.627781889,-0.259876041,0.538773629,1.735226778,0.274029266,-0.063310409,1.310047684,-0.72684747,1.832585303,-0.798302661,0.90476933,0.135889851,0.473622062,0.851704415,2.259437891,0.941146869,-1.199340355,-0.644384135,-0.95462608,-0.884225147,-0.52299723,-0.565519484,-0.333918121,-0.336174502,-0.393265514,0.035266042
"Bacteroides_uniformis",-1.20388405,-0.971695851,0.699056146,0.743095447,-2.279646676,2.287934073,0.339120867,-1.509158372,-1.039788502,-0.346211621,-0.251494093,0.266924041,0.681726457,0.898336571,-0.405367954,1.630080755,0.126943709,-0.604726773,0.945282156,1.182619801,1.500549057,1.164373765,0.09540679,-0.584752638,-0.182245369,-0.222895216,-1.083828844,0.450414584,1.421306847,0.420447438,-0.845736083,-0.130830208,-1.473360234,-0.410900855,1.011711619,0.473315937,-0.809067324,-0.958924403,0.834285601,-0.089896656,-1.540542236
"Bacteroides_thetaiotaomicron",-1.431722968,-0.508488789,0.620386476,-0.532502539,-0.758052864,0.047400137,-0.143883867,-0.815913541,-1.271627699,0.02765695,0.647621246,-0.940058924,-0.26725717,0.890496054,-0.746924236,-0.045767067,-0.850427396,0.279723596,0.308382671,1.683781919,1.505731133,0.202325809,-0.861880294,0.729215221,-0.090297639,3.397450468,-0.377049965,0.391633166,0.23076008,-0.827410904,-0.974020271,0.494335259,-0.576276002,2.139471984,0.882825239,-0.11794125,-1.399325408,-0.435828661,-0.052050809,1.153918705,-0.154484495
"Limosilactobacillus_fermentum",-1.234085186,-1.164479575,1.075282348,-0.274440314,-0.300913435,-0.660151651,1.24435168,-0.822697076,1.508469751,-0.911236352,-0.385272685,-0.839971225,0.348343218,0.320743144,-0.308152106,0.899131892,-0.751107938,-1.181767836,0.542844286,0.485861813,-0.624137173,2.214018858,0.893152355,1.968680423,0.14251874,1.928823976,0.505471922,0.516102294,0.918596528,0.80667889,-0.329761785,0.348812509,-0.838711337,-0.642836479,-0.348627572,-0.192544272,-0.654158209,-0.775044786,-1.521854902,-0.039474143,0.5233547
"Phocaeicola_vulgatus",-1.537028144,0.214282725,-0.516994716,-0.207822399,-0.043580984,1.575031776,1.298800935,-1.38334305,0.212382318,-0.190696549,1.768858217,0.346095703,0.068238056,0.00534118,-1.380135335,0.984188085,-0.991083447,-0.717570548,1.715486315,1.561585394,0.975678303,0.902985911,-1.739151787,0.263202685,0.245678435,0.356649721,0.28346629,0.051842266,1.597859438,-1.690155451,-1.630983313,-0.126065114,-0.046194413,0.394884079,-0.483571961,-0.842876313,-0.926241956,0.394086745,0.785444403,0.626221752,-0.637921032
"Clostridium_disporicum",-0.262010218,-1.887371854,2.575378116,-0.115612884,-0.717455038,-0.435374007,1.107799042,-0.546888247,0.110007801,0.628431524,0.653215859,-0.317654182,0.033873671,0.281700874,-0.228830847,0.332252992,-1.008089841,-0.233522135,-0.933002478,-0.072194037,0.039246362,0.429482403,-0.027221697,1.58979859,-0.284980946,0.326298666,0.01216949,0.260396679,1.720970093,1.64532255,1.106386638,-0.505626254,-0.120700762,-0.249398845,-0.076081058,1.166428555,-0.415845326,0.295480409,-0.570089227,-1.340710699,-0.648914373
"Senegalimassilia_anaerobia",-0.61800565,-2.113388757,1.136051475,1.53118608,-0.256303624,-0.010622507,1.905965583,0.275171749,1.115764365,-0.711163576,-0.669266754,-0.198486846,-0.944177682,1.462496117,0.865061101,0.614574719,-0.171640852,0.379061843,-1.05740789,-0.030824193,-0.299025851,1.25574716,-0.971184996,-0.355745521,-0.40911587,1.611763458,-0.383914198,1.230123507,1.199858189,0.935365341,-0.810806711,0.076090007,0.145136403,0.074960483,-0.098877075,0.034391636,-1.466334965,0.371017162,-0.333692585,-0.720309214,-0.923472506
"Blautia_faecis",-0.328828858,-0.721590586,3.207514719,0.435919457,-2.319790524,-0.518017722,1.651702638,-0.352153422,-0.296965254,-0.145767624,-0.289613493,-0.316326941,-0.845740038,0.426411095,1.439561985,0.902266972,-0.202691643,0.002086305,-0.647736605,-0.44082856,-1.999240071,0.676488284,0.039051496,2.374031599,-0.084485138,0.093414672,-0.939098869,0.286485426,0.471499078,0.823454379,0.285788998,0.43945372,-0.413950473,-0.002915473,-0.487319502,-0.144040513,-1.195951731,0.949386145,0.076021572,-0.410498535,-0.299301596
"Romboutsia_timonensis",-0.53664087,-0.835160985,2.64608012,1.792184221,-0.684796049,-0.603780454,1.530784826,-0.152281519,1.002098438,-0.521484389,-0.530815251,-0.488901921,-0.671469948,0.220990557,-0.310389844,-0.139827397,-0.869190755,-0.430485092,-0.736832791,-0.386368337,-0.720789744,2.49803604,1.621419065,0.588059035,-0.378309062,-0.330916874,-0.83759558,2.079713862,1.701033687,0.465517735,-0.015714794,-0.255781032,-0.519686851,-0.636797643,-0.528823324,-0.582299691,-0.845172762,0.217353305,-0.482854017,-0.417433885,-0.765200373
"Clostridium_jeddahitimonense",-0.39435991,-2.873823862,0.163109165,0.208055914,-1.142548814,-0.616930285,0.065925567,0.189901305,0.635244012,-0.043577685,0.472049163,-0.023703859,-0.376802229,0.350479464,-0.202316462,0.260259981,-0.033195375,0.308717167,-0.463044438,-0.575190576,-1.061752381,0.477228336,-0.532791036,1.107742877,0.56988536,0.994702433,0.298873515,0.758986652,0.618836603,1.143142962,0.605673112,0.470180518,1.014575651,0.740852249,1.169449767,0.256650355,-0.65230226,0.000148984,0.124652878,0.493168314,-0.231518032
"Turicibacter_bilis",-0.54843222,-2.697520954,1.036348603,0.538859612,-0.82803238,-0.824112498,0.646912339,-0.203260042,1.468835604,-0.46846109,0.702635622,0.159072072,-0.789647133,0.570712439,0.367389558,0.59730622,-0.493834122,0.606364708,-0.622105909,-0.568112057,-0.626103315,0.773384207,-0.534677268,2.055938001,0.322757226,1.231595797,-0.252441938,0.722930729,0.008758049,1.369581377,0.497360837,0.443101438,0.273869971,0.046706984,-0.068764249,0.244111944,-0.367927806,-0.485667119,-0.938080454,0.372501576,-0.134875338
"Akkermansia_muciniphila",-1.003284726,-2.206630105,-0.398718074,0.584981025,-1.322720309,0.167042746,0.582039386,1.122033889,-0.139627509,0.031739761,1.307367837,-0.080986897,-0.153834356,0.915974778,0.162276986,0.016417529,0.349059487,0.352481199,1.438498728,-0.480624679,0.948546895,1.833683108,-0.222558392,0.425317413,0.159173043,1.030266319,0.290641841,0.637718094,1.194122155,0.610404908,-0.288686837,-0.841503234,0.55211603,-0.46412837,0.388178474,-1.158881846,-1.042229845,-0.195668865,-0.140006848,-0.751036229,-0.549546244
"Ruthenibacterium_lactatiformans",-1.237856052,-0.778810791,0.170992138,-0.826123628,-1.217460307,0.702955247,1.654243869,0.545181572,-1.004690241,0.761679017,0.743797891,1.433459225,-0.127969373,1.097026741,0.923755986,0.814352937,0.013152366,-0.677692619,0.052455586,0.269400057,-0.222118986,-0.030502462,-0.575657807,1.84992253,-0.36030771,-0.138502321,-0.959556121,-0.424812651,1.229985482,2.091747041,-0.408673435,-0.72869305,-0.630357925,0.473676148,0.389708503,0.165446858,-1.193445289,0.594839058,0.294708507,-1.029184112,-0.534773193
"Anaerotignum_lactatifermentans",0.579243421,-1.930128435,-0.425993086,-0.155625253,-1.881287848,-0.939497931,0.424929664,-0.29050346,0.604409168,0.607006519,0.180740948,-0.759377273,-0.942784848,0.544224241,-0.661633384,0.765911989,0.344959212,-0.044234984,-0.015744871,-0.378421213,-0.761344325,0.423514455,0.119909768,1.664885185,0.924377492,0.807959013,-0.524151236,0.954473802,1.11640008,0.940285082,0.704615752,0.520401595,0.839392145,0.560192138,0.028367721,-0.403078607,-0.819595683,-0.428407054,-0.398771655,0.942156495,1.028917094
"Ruminococcus_bromii",-0.479545859,-1.872175912,-1.716380165,-0.552793903,-1.60544721,1.779967779,1.161981914,-1.630836812,-0.582965257,0.283444036,0.46399808,-1.120166867,-0.77876858,2.219575969,0.64476179,0.102371028,-0.891319217,0.220812368,0.647652423,-0.541379499,-0.089544465,1.437907651,0.315402243,1.353706342,0.478246782,1.496659775,-0.195007751,-0.136303171,-0.660404107,1.558404909,-0.761266959,0.227876431,0.615924192,0.340094889,0.648491452,-0.132322591,-1.473096477,0.457764782,0.561519065,-0.586598878,-0.361031244
"Thomasclavelia_ramosa",-1.471109233,-1.254695467,-0.232186776,-0.202402121,-2.508172365,-0.038524394,1.033885546,0.913774983,-0.4109079,1.26784123,1.396721649,1.138511801,-0.330175055,1.521731576,0.189629061,0.888804725,-0.737189405,0.028663204,0.368105567,-0.062437287,0.733170139,1.945934088,-0.635060756,0.611991711,0.196282446,0.45790256,-0.383031157,-0.621036211,1.473234567,1.252549879,0.289468595,-1.414163676,-0.087467915,0.102144792,0.360720327,-0.863613436,-1.772368794,-0.04573183,-0.151927732,-0.218716746,-0.879271425
"Varibaculum_cambriense",-0.941157717,-0.737285775,0.241241022,-0.760366912,-1.308328342,-0.381884377,1.713935301,-0.16276466,0.400889372,-0.227971387,-0.079334828,-0.130776878,-0.467919497,0.382971178,-0.108287186,-0.376292021,-0.992983773,-0.536443972,-0.548860689,-0.374944255,-0.192614635,0.650816469,-0.133900708,0.641547478,-0.423804386,3.812840887,-0.026551442,-0.55954324,0.361991657,2.828194118,1.352171528,-0.275886076,-0.186053437,-0.491583648,-0.205560773,-0.79341194,-0.788463226,1.687020502,-0.040412046,-0.31002469,-0.627378792
"Dorea_longicatena",-0.631948379,-2.730215662,-0.190143528,-0.59961006,-2.187617004,-0.694680277,1.254551508,0.534894957,0.508376625,0.993768746,0.225868647,0.613799678,-0.282425658,1.100526698,0.785073266,0.306793377,1.573340433,0.423577651,-0.305293904,-0.246289496,-1.186519346,-0.02298215,-0.612107176,1.328718258,0.336554059,0.985810493,-0.837613249,-0.021741552,0.639985206,0.917050409,0.179427973,-0.342764696,0.490924255,0.395167094,0.716880165,0.511999025,-0.784258367,0.227655585,-0.518823128,0.324414201,0.011764929
"Fusicatenibacter_saccharivorans",0.595375425,-1.430342501,1.290359545,-0.230808563,-1.293004707,-0.873460842,1.606947029,-0.256466728,0.022757702,-0.049263753,-0.570903055,0.763515491,0.228418459,-0.557514061,-0.38356188,0.244322789,-0.433549515,-0.017290978,-0.61186448,0.31629154,-0.439374338,-0.245110854,-0.470990273,0.972507588,-0.084885725,4.312543015,0.622850962,-0.330684223,-0.12343259,0.566526002,-0.332995788,0.848413941,0.284490584,-0.274029367,-0.364329972,-0.22215403,-0.650838379,0.6161582,-0.170405872,-0.170656462,-0.104803387
"Anaerostipes_hadrus",-0.726862828,-2.528910858,0.272395513,0.715484541,-0.781311369,-0.242833445,1.190467023,0.39393006,0.90607435,0.150434131,0.328189799,0.017842271,-0.461852051,-0.304706196,-0.539669679,0.51111374,-0.264330296,-0.14510065,-0.319282281,-0.823168175,-1.040348966,0.870329065,-0.884589878,1.00217842,0.068930364,1.785520437,-0.138471709,0.784394884,0.600540894,1.192974368,0.09111679,1.142187191,0.048453936,-0.156064473,0.304722151,0.843244106,0.358176044,0.201563218,-0.296023238,0.106869951,-0.122230618
"Mediterraneibacter_faecis",-1.280178585,-1.845668509,1.720394778,0.824769161,-0.418606094,0.114185269,0.730950511,-0.685288559,-0.074379647,1.362454013,1.148798577,-0.825111479,-0.133422124,0.565567737,0.493231685,-0.6838818,-0.55142348,0.729963501,1.533731233,-0.718328777,-1.463930151,0.050183225,-0.161201488,-0.182893745,0.859344241,1.691732283,-0.115539732,0.302550279,0.702826076,1.184830904,0.363711939,1.707376008,0.752883769,-0.093516387,-0.834604301,-0.660433635,-1.229430261,-0.833335079,-1.037026982,0.106653236,-0.61323452
"Faecalibacterium_duncaniae",-1.740555524,-1.834387692,-0.013700549,-0.696828688,-1.412514716,-0.0975109,1.584154954,-1.385688272,-0.347788573,0.772933763,1.401956839,-0.146934391,-0.190737685,2.125774292,0.156510799,0.838773261,-0.342835163,0.378850325,1.207570323,-0.362653882,0.250733185,1.177893442,-0.828128868,1.736086605,0.155145774,1.125817397,-0.370562078,0.492753117,0.985468828,0.708510918,-0.619908081,-0.374409649,0.579836041,-0.168724478,0.535535919,-1.412898913,-1.623246664,0.013526008,-0.340535825,0.184737956,-0.219088797
"Bifidobacterium_bifidum",0.150356836,-2.619033993,0.151878591,0.308126465,-0.924581044,-0.355610009,0.34244275,-0.410221705,0.84984782,0.433842314,0.275266127,-0.113249936,-0.215460672,0.137059172,0.068777838,0.013127302,-0.283545748,0.664694805,0.476602696,-0.486166193,-0.700197535,0.494946216,-0.218946023,0.712530393,0.548761024,1.45900527,0.2438395,0.402140205,0.10098671,0.845463805,0.322056839,0.447992395,0.795373008,0.866834744,0.849740575,-0.253799374,-0.55072091,-0.120155693,-0.277503451,0.320273345,0.046909401
"Blautia_caecimuris",0.081214095,-0.798507046,-0.632431116,-0.294698084,-1.478614316,-0.888072998,0.717626,0.459138173,-0.117745598,0.050774205,-0.360253153,-0.086530565,-0.41744424,0.026408258,0.019271408,-0.037817267,-0.09761845,-0.06760773,-0.467672972,-0.845466155,-0.382963749,0.405450819,-0.005318324,5.131361268,1.097922372,0.039418841,-0.341041447,-0.083161215,0.932526152,0.445208036,0.107750183,-0.445650603,-0.063473449,0.132700272,-0.181722065,-0.549850376,-0.96408563,0.124896539,-0.354476661,-0.034439306,1.559167455
"Gemmiger_formicilis",-1.310115875,-1.321190956,1.910947144,0.151267244,-0.621363766,-0.222546533,0.334821739,-1.02729369,0.020715101,0.15946304,0.020788642,0.007797051,-0.570803295,1.174094954,0.26300734,0.273620135,-0.641018184,-0.012890376,-0.435473895,-0.477133623,-0.180125287,1.670511295,-0.423196209,0.097594286,-0.202947069,0.772602188,-1.054713133,0.394286699,0.722546073,-0.416945529,-0.605861679,-0.83891592,-0.316122483,-0.245704173,0.235269107,3.884702518,1.567454811,-0.154762941,0.007890955,0.287063271,-0.781576936
"Mediterraneibacter_gnavus",-0.52228784,-2.032731844,0.013501162,-0.336731413,-2.148702515,-0.722101048,0.391798437,0.328749665,0.709825564,0.27534318,0.344613878,0.410426885,-0.214468173,0.15606369,0.183973445,-0.200081102,0.627481624,0.575890406,0.537328434,-0.321575914,0.265805615,0.898370426,0.130749487,0.829080833,0.386250416,0.990652015,0.315889737,-0.273403103,0.66957067,1.000704545,0.237819827,-0.288303383,0.854078449,0.665164621,1.345407016,-1.172178713,-1.14426456,-0.040056378,-0.034419894,0.225540865,0.39422184
"Blautia_wexlerae",-0.537826142,-1.802090787,0.85100101,-0.16222736,-1.797801419,-0.976792786,0.630368141,0.040457809,-0.114155106,0.295817284,-0.071787719,-0.472995673,-1.097725844,0.355281547,0.131498538,1.291340526,-0.494044857,0.290129455,-0.831651121,0.145656858,-1.036902088,0.29097562,-0.2379361,1.586098004,1.042797094,1.045875139,-0.711092978,1.224647047,0.860094115,1.014277814,3.136852448,0.398855297,-0.022135774,0.232655717,0.221251712,-0.375403362,-1.259559833,0.315441578,-0.94994914,0.143285882,-0.337018963
"Bifidobacterium_adolescentis",0.150232179,-2.265916797,0.779371411,-0.048198284,-1.884350968,-1.571747956,0.711287567,-0.041144943,1.036613969,0.918461959,0.097466941,-0.078456467,-1.562618291,0.533200867,1.179064778,0.259940566,-0.516527362,0.40967145,-1.013349286,-0.829508309,-1.37012042,0.167343285,0.091085345,2.572635982,0.745897363,1.344796908,0.042202473,0.17174113,0.155407898,1.404659238,0.012489056,-0.321850782,0.522298288,0.947541197,0.740314554,-0.166563247,-0.931051138,0.573814698,-0.9777229,-0.028248563,-0.089071102
"Blautia_provencensis",-0.687188169,-1.533020175,2.617000476,-0.271476961,-1.793622416,-1.135556871,0.573629593,-0.14996474,-0.21561746,0.508942355,-0.330658217,-0.405800294,-1.282292024,0.360590241,0.666099186,0.925674069,-0.43123992,0.23343076,-0.843941704,0.024595579,-0.824019568,0.38808302,-0.209405427,1.95834793,0.322777708,0.840879194,-0.665775315,0.780391182,1.036396292,1.353285077,2.506255997,0.280897225,-0.014769961,-0.261418936,0.021117149,-0.49052653,-1.109003612,0.655083631,-0.896610023,-0.154261366,-0.726261743
"Bifidobacterium_pseudocatenulatum",-0.19813463,-1.655253242,-0.022845585,-0.803508658,-1.664564208,-1.568956394,1.075217754,0.437675866,0.828596169,0.939825625,0.347127336,-0.17363695,-0.813489296,0.691898637,1.531188213,0.71520501,-0.51554252,0.038920363,-1.021384685,-0.932224834,-1.595058038,-0.137126274,0.387782151,2.667173227,0.640714703,0.960712334,-0.239779007,-0.037588708,0.137154676,1.361037627,0.489664436,-0.103010796,0.2383902,0.681930049,0.604460008,0.337343729,-0.927397545,0.655417514,-0.974584162,0.261076774,-0.107362654
"Enterococcus_faecalis",-0.61172873,-1.730030681,-0.460048416,-0.393413993,-0.878198262,0.01178782,1.418804925,4.519243524,0.041736892,0.296671482,0.219661494,0.63344454,0.279476108,0.69423391,0.754990227,-0.266806003,-0.304505089,0.218603276,-0.162800604,-0.8004453,-1.114200616,0.394757717,-0.466280116,0.226047753,-0.163744612,0.446690781,0.20305433,0.546702548,0.750578406,1.129226992,0.217392416,-0.405231349,0.142514483,-0.258512232,0.018744349,-0.865364886,-1.065040551,-0.305776832,-0.806480509,-0.354972168,0.319333042
"Blautia_luti",-0.78966105,-2.169906647,1.272405256,-0.327131266,-2.005244021,-0.526698379,1.46055895,0.145905278,0.227466296,0.338736701,-0.156553896,-0.019722785,-0.812662482,0.352455148,0.767463577,1.070261869,-0.633800608,0.164262897,-0.819990883,-0.380674665,-0.508351577,0.932526106,-0.20990126,1.777571634,0.686043647,1.09114029,-0.25767631,0.678716922,0.70621889,1.427655065,1.723120369,0.222334362,-0.404946112,0.058628804,-0.177243769,0.032291338,-1.121872257,0.735854678,-0.989845887,-0.075141536,-0.646794066
"Collinsella_aerofaciens",-0.938314353,-1.804571988,0.48102167,-0.414015273,-2.750856704,-0.362326991,1.6639266,0.05628474,0.699853165,0.832890222,0.679282902,1.079410898,-0.231575371,1.32247548,1.185108087,0.608359406,-0.844783707,-0.186532993,-0.40014827,-0.97551701,-0.403123997,1.191526832,-0.461711649,1.874154973,0.329621639,1.851722382,-0.445279374,-0.660233201,0.813526452,0.989929756,-0.069016041,-0.71216369,-0.163463168,0.00427607,0.10169021,-0.199440719,-1.541083246,0.232607683,0.074401713,-0.232286416,-0.446934669
"Salinibacter_ruber",-0.242600827,-0.48724633,-0.004147258,-0.536698932,-0.087879507,-0.028659413,0.059476612,-0.454530174,0.404370738,-0.094099083,-0.137543912,4.62035942,-0.579081241,0.567580299,-0.723269532,-0.469656515,-0.473818728,-0.629648336,-0.529959138,-0.73776492,0.19676279,-0.679114323,-0.721956015,-0.739531658,1.194802205,-0.132357993,0.248636721,2.288878369,1.559974657,0.634532548,0.417930962,-0.61390763,-0.659052539,-0.721350646,0.47344286,-0.575881641,1.057804259,-0.475532847,-0.471926584,-0.432129885,-0.737994012
"Escherichia_coli",0.381833879,-1.789565168,-0.218785821,-0.210373545,-1.503160895,-0.913461482,0.568364064,0.875992138,0.649255112,1.321727078,-0.364693228,0.115860319,-1.90519501,-0.237061683,0.288013507,1.45704707,0.328526727,1.304444611,-1.10669195,-0.287550677,-0.642838679,1.067554979,-0.289693449,0.859702477,1.202934548,0.645929744,-0.631733008,0.44206902,0.789819833,1.061731796,1.042697183,-0.050810627,1.306311504,0.743610374,-0.148506536,-1.261710744,-1.374475729,0.207098792,-1.026392835,0.290108359,-0.275589233
"Pseudomonas_phenolilytica_songnenensis_stutzeri",-0.768575897,1.857786477,-0.456371958,-0.865613123,1.719566093,-1.20745232,-0.376974181,-0.141815227,0.276508991,0.969164271,0.77974418,-1.322834316,0.16931348,0.09292517,2.094435692,-0.855121528,0.367012023,2.431586507,-0.038151192,1.238990651,-0.501270437,-0.373285706,0.517454308,0.890600267,-2.062803889,-0.646780007,-0.198977676,1.013404047,-1.528929569,-1.415208163,0.150115617,-0.912358462,-0.020346591,-0.912164081,0.782851496,-0.477663323,-0.561617337,-0.031674471,0.756418047,-0.136145923,-0.534713034
"Neisseria_perflava_subflava",2.118186394,0.965823951,2.118186394,0.578554169,0.623388317,-0.093886593,-0.497129329,0.324586976,-1.016140262,-1.241484242,-1.045265551,0.172177026,-1.573347136,0.296436736,0.102414942,0.075698441,-0.611751022,0.138379369,1.019591494,-1.12334246,-1.311540331,1.265804051,-0.123018079,-0.390125925,-1.669326176,0.807339346,0.158607152,2.118186394,-0.640857453,-0.772131537,-0.114700525,0.731818011,-0.867457402,-0.581163781,-0.08897824,-0.803716403,-1.010034234,-0.165165329,0.683910361,2.118186394,-0.1538715
"Bacteroides_koreensis_kribbi",-0.869722532,-1.267223092,-1.545024794,-0.107691327,0.099388636,1.506399615,0.050391682,-0.088738449,-1.3436253,-0.150694921,-0.655607665,-0.014747821,0.182720927,0.839080967,-0.767610304,-0.624943054,0.376179393,0.482098037,1.089266655,1.21254203,-0.685620812,1.863069689,0.072975505,1.931101552,1.581193548,-0.716882506,-0.646145848,-0.270883574,0.925807105,1.013448045,-2.182002503,1.307779906,0.474388968,-0.26626646,1.099615639,-0.461373717,-1.699153507,-0.317290391,0.803953576,-0.848530461,-1.127151473
"Alistipes_inops_massiliensis",-0.948823625,-0.676890239,0.462463488,2.747828782,-0.102251935,1.37700484,-0.054685961,-0.457097733,0.353131842,-0.63617953,0.846090102,0.138991467,-0.331195639,1.001085351,-0.788925011,0.81432537,-0.501326479,-0.933836051,0.024076163,-1.323644616,1.95980518,-0.600753441,0.218799132,2.543442564,0.229126743,-0.384775777,-0.682298676,-1.214512837,0.286809304,-0.795546507,0.033373227,-1.16370989,1.286274039,0.198565502,-0.792104427,0.031540643,-1.779546971,0.712361189,0.242207884,0.432453204,-0.396635031
"Blautia_hominis_marasmi_pseudococcoides",-0.535059749,-0.5318725,-0.275974318,-1.936112023,-1.196135823,-1.630385227,-0.582508276,-0.841904111,1.635725873,1.203774049,-0.209335489,0.358218571,-1.138787065,1.642934658,-0.145128075,1.172026183,-0.247608859,-0.744570007,1.495375639,0.628986209,-1.47837334,-0.87943555,0.500570644,-0.090588375,0.28684787,1.102329419,-0.388730643,1.096407536,0.021925602,0.461455398,1.035470052,-0.971440185,-0.989100141,1.660467845,0.033668071,0.134565283,0.390889816,-0.647499231,1.583921123,1.077552976,-1.42660604
"Allocoprobacillus_halotolerans_timonensis",1.352286669,0.350595151,-0.487496597,-0.657330354,-2.277952673,1.352286669,0.103151981,-1.436066109,-0.546436751,-1.179530756,1.352286669,1.352286669,-0.180149776,-0.09482859,-0.188936723,0.714699636,1.352286669,0.048199013,1.352286669,0.6741502,1.352286669,0.06759141,-0.881827144,1.352286669,1.352286669,-1.298317765,-0.273935102,1.352286669,-0.184606137,-0.641741892,-1.032927051,0.207815255,-0.101207306,-1.351262818,1.352286669,-1.190027684,-0.697498006,-0.373740589,-0.175529829,-1.343526747,-0.5251562
"Blautia_faecis_phocaeensis",-0.369770005,0.207269739,0.983806008,-0.350199625,-0.107863993,1.301845245,-0.536454525,-1.307181841,2.492907777,-0.26666761,-1.416983426,0.17032146,0.162589097,2.295733356,1.154289237,0.2535427,-1.10778319,1.914421161,0.04834368,-1.258753743,-0.342966476,-0.8895669,-0.416448096,0.443968977,0.391269467,0.030670791,-1.445649563,-0.279544142,0.651647823,0.109108143,-1.146922717,-0.446200601,-0.734150516,-0.999931193,0.834275577,1.625466011,-0.936297996,0.483822209,0.847797602,-0.268790823,-0.328393071
"Faecalibacillus_faecis_intestinalis",-0.850279577,-0.583001917,-0.526712829,-0.1439574,-1.328334094,0.05012283,0.591356091,-0.663723949,5.457547407,0.143674601,0.906607645,0.395160779,-0.324069503,0.754303348,-0.280625941,0.21683702,-0.318083226,-0.037881034,-0.182433095,-0.198887834,0.163833634,0.465423274,-0.853218936,0.65670531,0.31349122,-0.174481225,-0.488445325,-0.159554249,0.690079706,0.075567959,-0.228518647,-0.208140684,0.028684708,0.025040206,0.202967528,-0.933046637,-0.832018329,-0.054437199,0.063672671,-0.332017499,-0.522080615
"Lachnoclostridium_edouardi_fessum",0.102067567,-0.422239114,-0.401043593,-0.224493456,-1.832488864,-0.08658505,0.131042211,-0.963181574,0.823332281,0.176684723,-0.845967006,-0.594472408,-0.579535274,0.574511852,1.162317812,-0.29959012,-0.487753822,-0.724729867,-0.184434189,-1.200890743,-0.473071161,0.39253376,-0.76328007,1.453177391,-1.106942536,4.368244465,1.804835798,-0.364784407,-0.189809798,0.54954234,0.144734042,0.822120141,-0.511858634,0.536531381,0.080374876,-0.832833443,0.553840337,0.307108156,-0.142026003,0.10044799,-0.027349226
"Faecalibacterium_duncaniae_longum",-1.685309791,-1.839868001,0.102071921,-0.922360929,-0.649436769,0.229629359,1.912914926,-0.539208046,-0.291057004,0.59333507,0.772064214,-0.241558461,-0.891046748,1.635587968,-0.782482278,-0.285939137,-0.626503915,-0.129487274,0.617395149,-0.343316907,-0.59119672,0.307113889,-1.205871046,1.348258607,-0.116557744,-0.046854635,-1.119718511,0.648046812,1.45864014,2.27657667,-0.629657467,1.639097969,-0.08219477,0.458350382,0.090876528,0.330635971,-1.100971335,1.722447204,0.616027033,-0.709975137,-0.596149301
"Pseudomonas_cremoricolorata_faucium_flavescens_fulva_hunanensis_juntendi_kurunegalensis_laurentiana_parafulva_promysalinigenes_putida_straminea",0.322456352,-0.876275133,0.356204371,0.055745262,1.267233927,1.267233927,-0.482661931,-1.247286663,0.243439514,1.267233927,1.267233927,0.513089067,0.027796007,1.267233927,-1.518664912,-0.795378642,1.267233927,-0.439202175,-1.293373886,-1.242570068,0.023734641,1.267233927,1.267233927,-1.290990342,1.267233927,0.392007079,1.267233927,0.367506649,-1.139747637,-0.657905359,-1.128796487,-1.215582581,1.267233927,0.097988904,-0.659067577,0.202142293,-0.563893002,0.353327852,-1.044046981,-0.77576444,-1.791037296
"Weissella_cibaria_confusa",-0.619138896,-1.450329287,0.802815574,1.351721197,1.351721197,1.351721197,0.297612788,0.05434839,-0.471754371,1.351721197,0.396943761,-1.841991434,1.351721197,-0.686814271,-0.150074894,1.351721197,0.790468816,-0.104079147,0.210857831,-1.545854946,-0.048837562,-0.627551643,-0.109891551,1.351721197,-0.173064315,1.351721197,1.351721197,0.140166171,-0.405020863,0.188753646,0.590949604,-1.686911034,-1.417881406,-0.511107417,0.801180105,-0.118354507,-1.212462253,0.39818921,-1.059774183,-0.531853805,-0.020339649
"Lacticaseibacillus_casei_chiayiensis_paracasei_zeae",-0.984935671,-1.066231801,0.231689915,0.149033316,-0.504934055,-0.920937589,0.995018278,-0.367764349,1.799050172,0.421131736,0.37936984,0.320247207,-0.724394325,0.181368141,-0.477816028,-0.20672326,-0.515022228,-0.472584179,-1.731540483,-0.785414402,-1.507033987,2.317845136,-0.48286846,0.223563516,-0.711155023,-0.119769539,-1.301484312,2.028077791,2.039635578,0.692982202,0.771785978,-0.267438217,0.405883718,0.091434193,-0.440555567,2.182911082,0.963482253,0.060458463,-0.455940033,-0.163010716,-0.882177402
"Eubacterium_callanderi_limosum",0.031290407,-0.962364309,-1.146056306,-0.744009515,-2.842234922,-0.287816838,1.945140522,1.300191255,0.564811416,0.582123059,0.571748296,0.084339759,-0.473881563,1.184504038,1.205276766,0.208700816,-1.185081079,-0.223336649,-1.129766595,-0.570979313,-0.908440047,1.134283266,0.003517509,2.029156145,0.929103015,1.199201692,-0.648434204,-0.386339712,1.02519895,1.486697557,0.41486215,-0.108536039,0.093486044,-0.496703914,-0.91270158,-0.810372048,-1.531821121,0.054102418,0.375461373,-0.020902981,-0.720036267
"Anaerostipes_caccae_hominis",-1.399391635,-0.362100807,-1.819760374,-0.560408847,-0.135669933,1.068456527,-0.895606464,-0.057870635,1.079404008,-2.145343731,0.010292222,1.470800375,1.550425541,-0.19848552,1.332189361,0.216800882,-1.713551386,-0.951347084,0.507369316,-1.275006956,0.710758492,-0.209472904,0.574882554,1.437841607,-1.248606682,1.029598857,0.783588416,1.129366704,0.704652211,0.850313826,0.815273066,0.441264305,0.954151784,0.456863767,-1.041287425,-0.195657221,0.086840066,-1.04376271,-1.244956918,0.303497259,-0.079458695
"Pseudomonas_allii_azotoformans_costantinii_edaphica_extremorientalis_kairouanensis_lactis_paracarnis_paralactis_pisciculturae_tolaasii",0.256344423,-0.348310452,-1.969633061,-0.353394463,0.195474897,0.230274041,0.11237548,-0.734419029,-0.000313034,1.323247803,-1.128115706,0.720918577,0.556140845,0.216349092,-1.523162763,-1.282709505,-0.709354803,0.0593025,-1.701652017,1.323247803,1.323247803,1.323247803,-1.628785576,1.323247803,0.910165296,-0.29166257,-0.033508883,0.395425178,-1.094770399,1.323247803,-0.737234522,0.469219738,0.308956308,0.905394518,0.592996765,-0.569172889,1.323247803,-0.823653267,-2.244454101,0.900827737,0.581038779
"Granulicatella_adiacens_balaenopterae_coleopterorum",0.863717044,-2.133416177,2.40312184,0.880183701,-0.88397367,0.838571751,0.650531326,0.781128438,-0.147335133,-0.531360998,0.783022772,-0.170365189,0.238491163,0.601255685,-0.235260923,-0.400114084,-0.311595335,-0.60151252,0.668100561,-0.972637296,-0.925352269,0.0833366,-0.107612223,0.900247895,0.480898465,0.869151325,-1.442615061,-0.575481265,-0.045982072,0.819230583,0.162106135,1.300426621,0.710114232,0.031359088,-0.376732757,0.216959391,-0.525458371,0.212063994,0.259913632,0.001069073,-0.586413968
"Lactobacillus_acidophilus_crispatus",-1.527777954,-2.189778742,0.684308876,0.547925236,0.414103321,-0.892057054,0.746443695,-0.346978733,-0.276070803,0.02648805,1.255222912,0.189493785,1.445720754,0.099734858,-0.182544972,-0.760921101,-0.657058744,0.266128012,2.010203713,-0.147964893,-0.284568786,1.279694389,0.402370595,-0.080776996,-0.863888841,0.134257586,0.956821653,1.32146725,2.239623193,1.406697066,-0.419898042,-0.831456586,-0.217233079,-1.178115125,0.038282039,-1.593306041,-0.086965455,-0.548948721,0.313345268,-0.738614453,0.136856764
"Rouxiella_aceris_aquatilis_badensis_bonaserana_bruchi_chamberiensis_contaminans_ecdela_laticis_perminowiae_rivi_silvae_vastinensis_victoriana_woolbedingensis",0.752724452,-0.991002675,1.584874414,0.001139004,-0.210832767,0.430605606,-0.811817549,0.260674151,0.526812392,0.146570961,-0.061428874,1.584874414,0.339375145,0.408720582,-1.521970341,0.184027727,0.425048564,1.584874414,0.562704214,-0.25514062,-1.04424842,0.560194793,-1.776510379,-2.129737238,0.468772293,1.584874414,-0.552060517,1.584874414,0.359537244,-0.599845215,-1.833908179,-0.046778762,0.273982898,1.584874414,0.849560025,-0.720805546,-0.377534051,-1.194170157,0.16419133,0.396614691,-0.875720209
"Lactobacillus_gasseri",-0.18063881,-2.341451904,0.49562197,0.736422771,0.971258367,-0.203541904,0.077145482,-0.28109661,1.57412865,1.363881307,0.547258271,0.586859748,-0.052118409,0.709933104,0.702759975,-0.074443125,0.218291135,0.464957415,0.31288366,-1.495650309,-0.314716149,0.522878648,-1.237232188,1.042665209,0.183589119,0.734142533,0.979370576,0.695468147,0.261128746,0.841019977,-0.285240199,-0.966956984,0.638351894,-0.398280854,0.203834711,0.153550827,-2.059882566,0.111687081,-0.322387402,-1.001843983,-0.441855815
"Streptococcus_salivarius_thermophilus_vestibularis",-0.185018493,-0.675746684,0.679947833,1.337105051,-1.730820549,0.656336135,0.072370148,0.818508758,0.292936323,-1.124801845,-0.460856421,-0.455329804,-0.852909753,-0.617947038,0.398818138,-1.118202484,-0.63504026,-0.854762657,0.765212769,-1.396447118,-0.093631095,0.830302245,1.001206989,0.941382408,1.525485772,-0.144294425,0.885039764,-0.833514942,0.859378226,-0.598169801,1.038149007,1.633148607,1.34408445,-0.725385326,-0.053017633,0.485421512,0.614105426,-1.228214249,-0.580669186,-0.012598424,1.164078586
"Veillonella_rogosae_tobetsuensis",-0.53935435,-3.031262476,1.290026323,1.149606472,-0.282671797,-0.300140611,0.180749262,0.111819397,0.666668626,0.269820988,0.047615779,0.009074703,-0.190902025,0.134305802,-0.06676807,0.071641798,0.520270985,0.543157435,-0.449171513,-1.123180939,0.035663571,-0.256487298,-1.253459023,0.201768823,0.632585185,0.804481959,0.362112894,0.670960166,0.44246675,-0.18066842,-0.205192235,0.912843409,1.02525312,1.181724866,0.301595623,0.274337096,-0.224017986,0.007905199,-0.305482923,0.497755908,0.326771825
"Klebsiella_michiganensis_oxytoca",-0.802929198,0.253533919,3.033875609,0.961210837,-0.935201856,-0.416417787,-0.566529246,-0.511955984,-0.201873657,0.343107098,-0.254995764,-0.453128055,0.022550281,-0.427339367,-0.578621164,0.054965362,1.618025582,-0.358267424,1.0660935,-0.694305457,0.583326038,1.075626905,-0.545127587,1.501180019,0.376752578,1.155470648,-1.303402531,0.554657739,1.519663644,-0.292522052,-0.414344517,0.352064436,-0.298003945,1.003801073,0.96877694,-0.984002353,-1.861809073,-0.968315437,-1.677144541,0.0478688,-1.635896279
"Gemella_haemolysans_sanguinis",0.237374531,-1.211718245,0.872042484,-0.442118756,-0.644839322,1.639931646,1.254215353,-0.5092544,-0.318776874,-0.957068435,0.309680163,-1.141220634,-0.731453829,-0.690626598,0.666325387,0.10146037,-0.423797688,2.099504859,-0.136333965,-0.065502225,-0.529216434,-0.695286,-1.077152413,0.391819295,1.443442614,0.507378019,1.678789492,-0.477962814,-0.324961641,0.232192636,-0.582015608,1.860819338,0.922217037,-0.232740132,-0.707324199,-2.95506288,-0.164990001,-0.568045177,1.072920086,0.634242,0.716422486
"Enterobacter_cloacae_pneumoniae_quasipneumoniae",-0.143989038,-2.419450935,-0.12991227,0.863401205,-0.514007957,-0.72143909,0.687084042,-0.416076206,0.670438178,0.532854056,0.140303655,0.288830241,-0.506830037,0.316167897,0.202137756,0.163654063,0.072904199,0.599018849,0.056110027,-0.031815167,-0.046890106,0.735353922,-0.556460427,0.323166645,0.903770425,1.108000194,0.977319621,0.522281522,1.015662955,0.093216954,-0.017566522,0.472376933,0.951349206,0.480068644,0.492919774,-1.367635338,-0.928523493,-0.965750989,-0.695112199,0.480604697,0.73052595
"Enterococcus_casseliflavus_gallinarum",-1.053826437,-0.866115423,2.577053986,0.255235752,-1.236227353,-0.345525506,1.018061768,-0.120560656,0.705151622,1.059467213,2.360833236,-0.346578457,-0.533302387,-0.643216763,-0.067963905,0.302297991,-0.773434422,0.003581501,-0.427118455,-0.352233576,-0.970673884,-0.214879606,-0.810981585,1.050075907,0.760241909,3.722791528,0.555699597,0.100930032,-0.1700428,-0.057832066,-0.363636997,-0.239293482,-0.417319389,-0.946457875,-0.350717359,-0.652602712,-0.268197091,-0.494977507,-0.392235213,-0.312930986,-0.157610643
"Bifidobacterium_breve_longum",-0.403077985,-1.070998693,-0.45484867,-1.056365175,-1.868627391,-1.915712832,0.851516404,1.163609919,0.850328224,0.798944023,-0.114386527,-0.339783624,-1.274294395,-0.132100724,1.472726758,0.922505778,-0.05594041,0.072954485,-1.136654182,-0.889952772,-1.406944182,-0.136477404,0.59666811,2.562838903,0.607739233,0.692687704,-0.303813394,0.77609948,1.076044697,1.680492271,0.784071954,-0.433619213,0.017784191,0.610903438,0.129473486,0.502313341,-0.447741809,0.267381995,-1.297203901,0.273636674,-0.273483811
"Staphylococcus_argenteus_aureus_capitis_epidermidis_schweitzeri",0.021687022,-3.321733321,1.143211668,0.764599256,-0.310451525,-0.772927945,0.006622823,-0.271741147,0.857510854,0.002795812,0.220981161,0.032040851,-0.308678158,0.464771544,-0.123107069,0.309864498,-0.129393125,0.536834821,-0.560839814,0.24398976,-0.686181411,0.200619001,-0.373752855,0.8270706,0.484498877,0.878980436,0.322585135,0.49694306,0.113809255,-0.107771545,-0.20006807,0.799942106,0.45872098,0.776231761,0.325377622,0.433026259,0.081030672,0.024868004,-0.219150921,0.440983041,0.619745988
"meansal",NA,NA,NA,NA,NA,NA,NA,NA,NA,NA,NA,NA,NA,NA,NA,NA,NA,NA,NA,NA,NA,NA,NA,NA,NA,NA,NA,NA,NA,NA,NA,NA,NA,NA,NA,NA,NA,NA,NA,NA,NA
