"","subject","sample_id","BinGroupStr","BinGroupNumeric","BinGroupGee","baby_age","IFNG_category","mode_delivery","group","sex","variable","value"
"1",15,2600100700,"CB",0,"CB",0,"IFNgHIGH","Vaginal","Term",1,"cytof_Basophils",0.0133689839572193
"2",15,2600100490,"1-6d",1,"1-6d",2,"IFNgHIGH","Vaginal","Term",1,"cytof_Basophils",0.0125470514429109
"3",18,2600100486,"1-6d",1,"1-6d",2,"IFNgHIGH","Vaginal","Term",1,"cytof_Basophils",0.336700336700337
"4",18,2600100707,"CB",0,"CB",0,"IFNgHIGH","Vaginal","Term",1,"cytof_Basophils",0.315457413249212
"5",28,2600100706,"CB",0,"CB",0,"IFNgHIGH","Vaginal","Term",0,"cytof_Basophils",1.1340206185567
"6",28,2600100503,"1-6d",1,"1-6d",5,"IFNgHIGH","Vaginal","Term",0,"cytof_Basophils",0.576036866359447
"7",42,2600100429,"56-120dd",3,"56-120dd",108,"IFNgLOW","Vaginal","Term",1,"cytof_Basophils",0.636663007683864
"8",42,2600100480,"1-6d",1,"1-6d",3,"IFNgLOW","Vaginal","Term",1,"cytof_Basophils",0.732112158397059
"9",42,2600100343,"56-120dd",3,"56-120dd",63,"IFNgLOW","Vaginal","Term",1,"cytof_Basophils",0.246153846153846
"10",42,2600100696,"CB",0,"CB",0,"IFNgLOW","Vaginal","Term",1,"cytof_Basophils",0.478986402966626
"11",80,2600100695,"CB",0,"CB",0,"IFNgHIGH","C-section","Term",1,"cytof_Basophils",0.155352921310368
"12",80,2600100485,"1-6d",1,"1-6d",4,"IFNgHIGH","C-section","Term",1,"cytof_Basophils",0.280432073120067
"13",88,66600203,"56-120dd",3,"56-120dd",105,"IFNgLOW","Vaginal","Term",0,"cytof_Basophils",0.707930065563534
"14",93,66600194,"56-120dd",3,"56-120dd",105,"IFNgLOW","Vaginal","Term",0,"cytof_Basophils",2.31387764282501
"15",101,66600197,"56-120dd",3,"56-120dd",113,"IFNgLOW","Vaginal","Term",1,"cytof_Basophils",0.461705018255923
"16",104,66600202,"56-120dd",3,"56-120dd",71,"IFNgLOW","Vaginal","Term",1,"cytof_Basophils",0.998672095345749
"17",107,66600241,"1-6d",1,"1-6d",4,"IFNgLOW","Vaginal","Term",1,"cytof_Basophils",0.0674716408259654
"18",107,66600231,"CB",0,"CB",0,"IFNgLOW","Vaginal","Term",1,"cytof_Basophils",0.0404587005171127
"19",107,66627239,"56-120dd",3,"56-120dd",94,"IFNgLOW","Vaginal","Term",1,"cytof_Basophils",0.0896408055047031
"20",110,66627240,"56-120dd",3,"56-120dd",85,"IFNgLOW","Vaginal","Term",1,"cytof_Basophils",0.414543913400497
"21",110,66600235,"CB",0,"CB",0,"IFNgLOW","Vaginal","Term",1,"cytof_Basophils",0.0911912590250065
"22",110,66600233,"1-6d",1,"1-6d",2,"IFNgLOW","Vaginal","Term",1,"cytof_Basophils",0.0970945381249692
"23",113,66593911,"1-6d",1,"1-6d",2,"IFNgLOW","Vaginal","Term",0,"cytof_Basophils",0.545729181893486
"24",113,66600237,"CB",0,"CB",0,"IFNgLOW","Vaginal","Term",0,"cytof_Basophils",2.47313713976314
"25",116,66627285,"1-6d",1,"1-6d",3,"IFNgLOW","Vaginal","Term",1,"cytof_Basophils",1.31808797840241
"26",116,66627428,"CB",0,"CB",0,"IFNgLOW","Vaginal","Term",1,"cytof_Basophils",2.11800302571862
"27",119,66627306,"1-6d",1,"1-6d",3,"IFNgLOW","Vaginal","Term",1,"cytof_Basophils",NA
"28",119,66627297,"56-120dd",3,"56-120dd",112,"IFNgLOW","Vaginal","Term",1,"cytof_Basophils",NA
"29",119,66627429,"CB",0,"CB",0,"IFNgLOW","Vaginal","Term",1,"cytof_Basophils",NA
"30",122,66627275,"1-6d",1,"1-6d",3,"IFNgLOW","Vaginal","Term",0,"cytof_Basophils",NA
"31",122,66627435,"CB",0,"CB",0,"IFNgLOW","Vaginal","Term",0,"cytof_Basophils",NA
"32",126,2600100694,"CB",0,"CB",0,"IFNgHIGH","C-section","Term",0,"cytof_Basophils",0.577256109293824
"33",126,2600100446,"56-120dd",3,"56-120dd",95,"IFNgHIGH","C-section","Term",0,"cytof_Basophils",0.205888408482603
"34",126,2600100479,"1-6d",1,"1-6d",2,"IFNgHIGH","C-section","Term",0,"cytof_Basophils",0.551437889119479
"35",129,2600100693,"CB",0,"CB",0,"IFNgHIGH","Vaginal","Term",1,"cytof_Basophils",0.431586202369621
"36",129,2600100472,"1-6d",1,"1-6d",3,"IFNgHIGH","Vaginal","Term",1,"cytof_Basophils",0.0654477895536884
"37",141,2600100690,"CB",0,"CB",0,"IFNgLOW","Vaginal","Term",1,"cytof_Basophils",0.367639154644938
"38",141,2600100443,"56-120dd",3,"56-120dd",85,"IFNgLOW","Vaginal","Term",1,"cytof_Basophils",0.477742464422357
"39",141,2600100475,"1-6d",1,"1-6d",2,"IFNgLOW","Vaginal","Term",1,"cytof_Basophils",0.421911503190488
"40",144,2600100686,"CB",0,"CB",0,"IFNgLOW","Vaginal","Term",0,"cytof_Basophils",0.420984455958549
"41",144,2600100483,"1-6d",1,"1-6d",2,"IFNgLOW","Vaginal","Term",0,"cytof_Basophils",0.213642606439799
"42",144,2600100439,"56-120dd",3,"56-120dd",79,"IFNgLOW","Vaginal","Term",0,"cytof_Basophils",0.554323725055433
"43",147,2600100687,"CB",0,"CB",0,"IFNgLOW","C-section","Term",1,"cytof_Basophils",0.191131498470948
"44",147,2600100430,"56-120dd",3,"56-120dd",77,"IFNgLOW","C-section","Term",1,"cytof_Basophils",0.826666666666667
"45",147,2600100468,"1-6d",1,"1-6d",2,"IFNgLOW","C-section","Term",1,"cytof_Basophils",0.291909924937447
"46",150,2600100684,"CB",0,"CB",0,"IFNgHIGH","C-section","Term",1,"cytof_Basophils",0.33112582781457
"47",150,2600100469,"1-6d",1,"1-6d",3,"IFNgHIGH","C-section","Term",1,"cytof_Basophils",0.343524562006184
"48",153,2600100470,"1-6d",1,"1-6d",2,"IFNgLOW","C-section","Term",0,"cytof_Basophils",0.378921678815709
"49",153,2600100426,"56-120dd",3,"56-120dd",78,"IFNgLOW","C-section","Term",0,"cytof_Basophils",0.209049649291707
"50",153,2600100685,"CB",0,"CB",0,"IFNgLOW","C-section","Term",0,"cytof_Basophils",0.259901470188913
"51",162,2600100425,"56-120dd",3,"56-120dd",69,"IFNgLOW","C-section","Term",0,"cytof_Basophils",0.0710227272727273
"52",162,2600100683,"CB",0,"CB",0,"IFNgLOW","C-section","Term",0,"cytof_Basophils",0.0998003992015968
"53",162,2600100341,"1-6d",1,"1-6d",2,"IFNgLOW","C-section","Term",0,"cytof_Basophils",0.0312793243665938
"54",165,2600100680,"CB",0,"CB",0,"IFNgHIGH","Vaginal","Term",0,"cytof_Basophils",0.227708533077661
"55",165,2600100477,"1-6d",1,"1-6d",2,"IFNgHIGH","Vaginal","Term",0,"cytof_Basophils",0.0409332787556284
"56",168,2600100679,"CB",0,"CB",0,"IFNgHIGH","Vaginal","Term",0,"cytof_Basophils",1.10440420299575
"57",168,2600100467,"1-6d",1,"1-6d",2,"IFNgHIGH","Vaginal","Term",0,"cytof_Basophils",0.19546361526245
"58",174,2600100626,"CB",0,"CB",0,"IFNgHIGH","C-section","Term",1,"cytof_Basophils",0.253414050401239
"59",174,2600100463,"1-6d",1,"1-6d",2,"IFNgHIGH","C-section","Term",1,"cytof_Basophils",0.269298809000664
"60",177,2600100462,"1-6d",1,"1-6d",2,"IFNgHIGH","C-section","Term",1,"cytof_Basophils",0.384836642796215
"61",177,2600100675,"CB",0,"CB",0,"IFNgHIGH","C-section","Term",1,"cytof_Basophils",0.783112019067075
"62",180,2600100466,"1-6d",1,"1-6d",2,"IFNgLOW","C-section","Term",0,"cytof_Basophils",0.303438975050573
"63",180,2600100356,"56-120dd",3,"56-120dd",118,"IFNgLOW","C-section","Term",0,"cytof_Basophils",0.206855158517502
"64",180,2600100677,"CB",0,"CB",0,"IFNgLOW","C-section","Term",0,"cytof_Basophils",0.0648193161562145
"65",189,2600100453,"1-6d",1,"1-6d",6,"IFNgLOW","C-section","Preterm",1,"cytof_Basophils",0.440790778656911
"66",189,2600100666,"CB",0,"CB",0,"IFNgLOW","C-section","Preterm",1,"cytof_Basophils",0.882686947245259
"67",203,66600227,"56-120dd",3,"56-120dd",84,"IFNgLOW","C-section","Preterm",0,"cytof_Basophils",0.412885662431941
"68",204,66600193,"1-6d",1,"1-6d",2,"IFNgLOW","C-section","Preterm",1,"cytof_Basophils",0.203323515188816
"69",204,66600238,"56-120dd",3,"56-120dd",89,"IFNgLOW","C-section","Preterm",1,"cytof_Basophils",0.551668460710442
"70",205,66600239,"56-120dd",3,"56-120dd",89,"IFNgLOW","C-section","Preterm",0,"cytof_Basophils",1.14125753660638
"71",205,66600192,"1-6d",1,"1-6d",2,"IFNgLOW","C-section","Preterm",0,"cytof_Basophils",0.215466623096797
"72",206,66600240,"56-120dd",3,"56-120dd",83,"IFNgLOW","Vaginal","Preterm",1,"cytof_Basophils",0.0583910608594103
"73",210,66600164,"1-6d",1,"1-6d",6,"IFNgLOW","C-section","Preterm",1,"cytof_Basophils",NA
"74",210,66627234,"56-120dd",3,"56-120dd",67,"IFNgLOW","C-section","Preterm",1,"cytof_Basophils",NA
"75",210,66600210,"CB",0,"CB",0,"IFNgLOW","C-section","Preterm",1,"cytof_Basophils",NA
"76",211,66627244,"56-120dd",3,"56-120dd",86,"IFNgLOW","C-section","Preterm",0,"cytof_Basophils",NA
"77",211,66600168,"CB",0,"CB",0,"IFNgLOW","C-section","Preterm",0,"cytof_Basophils",NA
"78",211,66600224,"1-6d",1,"1-6d",3,"IFNgLOW","C-section","Preterm",0,"cytof_Basophils",NA
"79",212,66627412,"CB",0,"CB",0,"IFNgLOW","C-section","Preterm",0,"cytof_Basophils",0.0173157174767537
"80",212,66627215,"1-6d",1,"1-6d",3,"IFNgLOW","C-section","Preterm",0,"cytof_Basophils",0.305692970557727
"81",213,66627411,"CB",0,"CB",0,"IFNgLOW","C-section","Preterm",0,"cytof_Basophils",0.0553674207795218
"82",213,66627214,"1-6d",1,"1-6d",3,"IFNgLOW","C-section","Preterm",0,"cytof_Basophils",0.266430834331516
"83",213,66627246,"56-120dd",3,"56-120dd",86,"IFNgLOW","C-section","Preterm",0,"cytof_Basophils",0.402748163942193
"84",214,66627410,"CB",0,"CB",0,"IFNgLOW","C-section","Preterm",1,"cytof_Basophils",0.0684889407921887
"85",214,66627213,"1-6d",1,"1-6d",3,"IFNgLOW","C-section","Preterm",1,"cytof_Basophils",0.779853458267036
"86",214,66627247,"56-120dd",3,"56-120dd",86,"IFNgLOW","C-section","Preterm",1,"cytof_Basophils",0.215924426450742
"87",215,66627218,"1-6d",1,"1-6d",3,"IFNgLOW","C-section","Preterm",0,"cytof_Basophils",0.205479452054794
"88",215,66627501,"CB",0,"CB",0,"IFNgLOW","C-section","Preterm",0,"cytof_Basophils",0.48580698923778
"89",215,66627254,"56-120dd",3,"56-120dd",95,"IFNgLOW","C-section","Preterm",0,"cytof_Basophils",0.204467420238417
"90",216,66627219,"1-6d",1,"1-6d",3,"IFNgLOW","C-section","Preterm",1,"cytof_Basophils",0.548752065765497
"91",216,66627248,"56-120dd",3,"56-120dd",81,"IFNgLOW","C-section","Preterm",1,"cytof_Basophils",0.0377450653877751
"92",216,66627503,"CB",0,"CB",0,"IFNgLOW","C-section","Preterm",1,"cytof_Basophils",0.336105591128775
"93",216,66627221,"CB",0,"CB",0,"IFNgLOW","C-section","Preterm",1,"cytof_Basophils",0.242433425508542
"94",217,66627217,"1-6d",1,"1-6d",3,"IFNgLOW","C-section","Preterm",1,"cytof_Basophils",0.134720327421555
"95",217,66627249,"56-120dd",3,"56-120dd",81,"IFNgLOW","C-section","Preterm",1,"cytof_Basophils",0.0650947490235789
"96",217,66627504,"CB",0,"CB",0,"IFNgLOW","C-section","Preterm",1,"cytof_Basophils",0.354330708661417
"97",217,66627222,"CB",0,"CB",0,"IFNgLOW","C-section","Preterm",1,"cytof_Basophils",0.0378123818363067
"98",218,66627229,"1-6d",1,"1-6d",4,"IFNgLOW","Vaginal","Preterm",0,"cytof_Basophils",0.0935726019421514
"99",218,66627256,"56-120dd",3,"56-120dd",104,"IFNgLOW","Vaginal","Preterm",0,"cytof_Basophils",0.259024524662441
"100",219,66627230,"1-6d",1,"1-6d",4,"IFNgLOW","C-section","Preterm",0,"cytof_Basophils",0.181945416375088
"101",219,66627413,"CB",0,"CB",0,"IFNgLOW","C-section","Preterm",0,"cytof_Basophils",0.2356780275562
"102",219,66627255,"56-120dd",3,"56-120dd",81,"IFNgLOW","C-section","Preterm",0,"cytof_Basophils",0.398016662731474
"103",220,66627235,"1-6d",1,"1-6d",5,"IFNgLOW","C-section","Preterm",0,"cytof_Basophils",0.258758327063184
"104",220,66627414,"CB",0,"CB",0,"IFNgLOW","C-section","Preterm",0,"cytof_Basophils",0.322513524760716
"105",220,66627257,"56-120dd",3,"56-120dd",90,"IFNgLOW","C-section","Preterm",0,"cytof_Basophils",0.0572136931438924
"106",221,66627261,"56-120dd",3,"56-120dd",104,"IFNgLOW","C-section","Preterm",0,"cytof_Basophils",0.43314769860536
"107",221,66627415,"CB",0,"CB",0,"IFNgLOW","C-section","Preterm",0,"cytof_Basophils",0.275352859590438
"108",221,66627241,"1-6d",1,"1-6d",2,"IFNgLOW","C-section","Preterm",0,"cytof_Basophils",0.28676626779013
"109",223,66627418,"1-6d",1,"1-6d",1,"IFNgLOW","C-section","Preterm",0,"cytof_Basophils",0.153711230349952
"110",223,66627267,"56-120dd",3,"56-120dd",79,"IFNgLOW","C-section","Preterm",0,"cytof_Basophils",0.182353935705142
"111",223,66627251,"1-6d",1,"1-6d",3,"IFNgLOW","C-section","Preterm",0,"cytof_Basophils",0.191077382471939
"112",224,66627258,"1-6d",1,"1-6d",5,"IFNgLOW","C-section","Preterm",1,"cytof_Basophils",0.18469811210474
"113",225,66627259,"1-6d",1,"1-6d",6,"IFNgLOW","C-section","Preterm",1,"cytof_Basophils",0.22368187466714
"114",225,66627500,"CB",0,"CB",0,"IFNgLOW","C-section","Preterm",1,"cytof_Basophils",0.478223389844423
"115",226,66627498,"CB",0,"CB",0,"IFNgLOW","C-section","Preterm",1,"cytof_Basophils",0.339521547795865
"116",226,66627270,"1-6d",1,"1-6d",2,"IFNgLOW","C-section","Preterm",1,"cytof_Basophils",0.0652720731047218
"117",230,66627425,"CB",0,"CB",0,"IFNgLOW","C-section","Preterm",0,"cytof_Basophils",1.39245078562398
"118",230,66600169,"1-6d",1,"1-6d",6,"IFNgLOW","C-section","Preterm",0,"cytof_Basophils",1.04968826068465
"119",230,66600236,"56-120dd",3,"56-120dd",76,"IFNgLOW","C-section","Preterm",0,"cytof_Basophils",0.987336440994324
"120",267,2600100465,"1-6d",1,"1-6d",2,"IFNgLOW","C-section","Term",0,"cytof_Basophils",0.0693962526023595
"121",267,2600100353,"56-120dd",3,"56-120dd",118,"IFNgLOW","C-section","Term",0,"cytof_Basophils",NA
"122",267,2600100678,"CB",0,"CB",0,"IFNgLOW","C-section","Term",0,"cytof_Basophils",0.180396873120866
"123",270,2600100674,"CB",0,"CB",0,"IFNgHIGH","C-section","Term",0,"cytof_Basophils",0.0555247084952804
"124",270,2600100460,"1-6d",1,"1-6d",2,"IFNgHIGH","C-section","Term",0,"cytof_Basophils",0.036643459142543
"125",273,2600100673,"CB",0,"CB",0,"IFNgLOW","C-section","Term",1,"cytof_Basophils",0.387596899224806
"126",273,2600100461,"1-6d",1,"1-6d",2,"IFNgLOW","C-section","Term",1,"cytof_Basophils",0.171821305841924
"127",276,2600100671,"CB",0,"CB",0,"IFNgHIGH","C-section","Term",1,"cytof_Basophils",0.342703584045412
"128",276,2600100458,"1-6d",1,"1-6d",2,"IFNgHIGH","C-section","Term",1,"cytof_Basophils",0.326084350348862
"129",282,2600100669,"CB",0,"CB",0,"IFNgHIGH","Vaginal","Term",1,"cytof_Basophils",0.263736263736264
"130",282,2600100456,"1-6d",1,"1-6d",2,"IFNgHIGH","Vaginal","Term",1,"cytof_Basophils",0.170205337464813
"131",285,2600100350,"56-120dd",3,"56-120dd",86,"IFNgHIGH","Vaginal","Term",0,"cytof_Basophils",0.334611772072636
"132",285,2600100455,"1-6d",1,"1-6d",2,"IFNgHIGH","Vaginal","Term",0,"cytof_Basophils",0.656924520713232
"133",285,2600100668,"CB",0,"CB",0,"IFNgHIGH","Vaginal","Term",0,"cytof_Basophils",0.630557173364395
"134",290,2600100447,"1-6d",1,"1-6d",3,"IFNgHIGH","Vaginal","Term",0,"cytof_Basophils",0.387957163063245
"135",290,2600100405,"56-120dd",3,"56-120dd",94,"IFNgHIGH","Vaginal","Term",0,"cytof_Basophils",0.228789323164919
"136",290,2600100664,"CB",0,"CB",0,"IFNgHIGH","Vaginal","Term",0,"cytof_Basophils",0.59070796460177
"137",293,2600100410,"56-120dd",3,"56-120dd",86,"IFNgLOW","Vaginal","Term",1,"cytof_Basophils",0.0803176506521568
"138",293,2600100421,"1-6d",1,"1-6d",2,"IFNgLOW","Vaginal","Term",1,"cytof_Basophils",0.11534530588407
"139",293,2600100662,"CB",0,"CB",0,"IFNgLOW","Vaginal","Term",1,"cytof_Basophils",0.172203262469082
"140",297,2600100361,"1-6d",1,"1-6d",2,"IFNgHIGH","Vaginal","Term",1,"cytof_Basophils",0.312256049960968
"141",297,2600100519,"CB",0,"CB",0,"IFNgHIGH","Vaginal","Term",1,"cytof_Basophils",0.119794235783243
"142",299,2600100363,"1-6d",1,"1-6d",2,"IFNgHIGH","Vaginal","Term",1,"cytof_Basophils",0.160462130937098
"143",299,2600100520,"CB",0,"CB",0,"IFNgHIGH","Vaginal","Term",1,"cytof_Basophils",0.0778666666666668
"144",302,2600100364,"1-6d",1,"1-6d",3,"IFNgHIGH","Vaginal","Term",1,"cytof_Basophils",0.255102040816327
"145",302,2600100521,"CB",0,"CB",0,"IFNgHIGH","Vaginal","Term",1,"cytof_Basophils",0.165863171996464
"146",305,2600100411,"56-120dd",3,"56-120dd",77,"IFNgHIGH","Vaginal","Term",1,"cytof_Basophils",0.192182511391464
"147",305,2600100371,"1-6d",1,"1-6d",3,"IFNgHIGH","Vaginal","Term",1,"cytof_Basophils",0.232888852249542
"148",305,2600100522,"CB",0,"CB",0,"IFNgHIGH","Vaginal","Term",1,"cytof_Basophils",0.505281332520821
"149",308,2600100374,"1-6d",1,"1-6d",3,"IFNgHIGH","Vaginal","Term",1,"cytof_Basophils",0.185013876040704
"150",308,2600100523,"CB",0,"CB",0,"IFNgHIGH","Vaginal","Term",1,"cytof_Basophils",0.260662735003747
"151",311,2600164329,"56-120dd",3,"56-120dd",119,"IFNgHIGH","Vaginal","Term",0,"cytof_Basophils",0.309897346503971
"152",311,2600100369,"1-6d",1,"1-6d",2,"IFNgHIGH","Vaginal","Term",0,"cytof_Basophils",0.571428571428572
"153",311,2600100524,"CB",0,"CB",0,"IFNgHIGH","Vaginal","Term",0,"cytof_Basophils",0.455326013425613
"154",324,2600100347,"1-6d",1,"1-6d",6,"IFNgLOW","Vaginal","Preterm",1,"cytof_Basophils",0.655150414683221
"155",324,2600100517,"CB",0,"CB",0,"IFNgLOW","Vaginal","Preterm",1,"cytof_Basophils",0.700641809290954
"156",332,2600100376,"1-6d",1,"1-6d",2,"IFNgHIGH","Vaginal","Term",0,"cytof_Basophils",0.124610591900311
"157",332,2600100525,"CB",0,"CB",0,"IFNgHIGH","Vaginal","Term",0,"cytof_Basophils",0.0940800990818257
"158",334,2600100377,"1-6d",1,"1-6d",5,"IFNgLOW","Vaginal","Term",0,"cytof_Basophils",0.227077524031391
"159",334,2600100526,"CB",0,"CB",0,"IFNgLOW","Vaginal","Term",0,"cytof_Basophils",0.666502650354498
"160",337,2600100688,"CB",0,"CB",0,"IFNgLOW","Vaginal","Term",1,"cytof_Basophils",0.189719182899105
"161",337,2600100471,"1-6d",1,"1-6d",5,"IFNgLOW","Vaginal","Term",1,"cytof_Basophils",0.21189689543167
"162",337,2600100431,"56-120dd",3,"56-120dd",83,"IFNgLOW","Vaginal","Term",1,"cytof_Basophils",0.307538857950295
"163",340,2600100380,"1-6d",1,"1-6d",3,"IFNgHIGH","Vaginal","Term",0,"cytof_Basophils",0.693481276005548
"164",340,2600164340,"56-120dd",3,"56-120dd",104,"IFNgHIGH","Vaginal","Term",0,"cytof_Basophils",0.420848170929104
"165",340,2600100528,"CB",0,"CB",0,"IFNgHIGH","Vaginal","Term",0,"cytof_Basophils",0.866080661840745
"166",343,2600100378,"1-6d",1,"1-6d",6,"IFNgLOW","Vaginal","Preterm",0,"cytof_Basophils",0.30345698193824
"167",343,2600100527,"1-6d",1,"1-6d",1,"IFNgLOW","Vaginal","Preterm",0,"cytof_Basophils",0.269113149847094
"168",343,2600164342,"56-120dd",3,"56-120dd",112,"IFNgLOW","Vaginal","Preterm",0,"cytof_Basophils",0.107773321328204
"169",347,2600100538,"CB",0,"CB",0,"IFNgLOW","C-section","Preterm",1,"cytof_Basophils",0.100329439952081
"170",347,2600100413,"1-6d",1,"1-6d",5,"IFNgLOW","C-section","Preterm",1,"cytof_Basophils",0.473529950540392
"171",347,2600164338,"56-120dd",3,"56-120dd",74,"IFNgLOW","C-section","Preterm",1,"cytof_Basophils",0.0934535769356571
"172",350,2600164314,"1-6d",1,"1-6d",5,"IFNgLOW","C-section","Preterm",1,"cytof_Basophils",0.0862477899003838
"173",350,2600164465,"1-6d",1,"1-6d",2,"IFNgLOW","C-section","Preterm",1,"cytof_Basophils",0.0188952572904201
"174",356,2600164316,"1-6d",1,"1-6d",2,"IFNgLOW","C-section","Preterm",1,"cytof_Basophils",0.0592255125284738
"175",356,2600164464,"CB",0,"CB",0,"IFNgLOW","C-section","Preterm",1,"cytof_Basophils",0.0359510167396922
"176",356,2600164343,"56-120dd",3,"56-120dd",58,"IFNgLOW","C-section","Preterm",1,"cytof_Basophils",0.142533136353232
"177",357,2600164461,"CB",0,"CB",0,"IFNgHIGH","Vaginal","Term",1,"cytof_Basophils",0.121830823198269
"178",357,2600164353,"56-120dd",3,"56-120dd",92,"IFNgHIGH","Vaginal","Term",1,"cytof_Basophils",0.214102198115901
"179",357,2600164322,"1-6d",1,"1-6d",3,"IFNgHIGH","Vaginal","Term",1,"cytof_Basophils",0.225372591784805
"180",363,2600164325,"1-6d",1,"1-6d",2,"IFNgLOW","Vaginal","Term",1,"cytof_Basophils",0.0591191250369495
"181",363,2600164467,"CB",0,"CB",0,"IFNgLOW","Vaginal","Term",1,"cytof_Basophils",0.174135128859996
"182",366,2600164367,"56-120dd",3,"56-120dd",92,"IFNgHIGH","Vaginal","Term",1,"cytof_Basophils",0.194524400983137
"183",366,2600164320,"1-6d",1,"1-6d",2,"IFNgHIGH","Vaginal","Term",1,"cytof_Basophils",0.147022556105704
"184",366,2600100547,"CB",0,"CB",0,"IFNgHIGH","Vaginal","Term",1,"cytof_Basophils",0.441332563639411
"185",367,2600100548,"CB",0,"CB",0,"IFNgHIGH","Vaginal","Term",1,"cytof_Basophils",0.375457209989584
"186",367,2600164323,"1-6d",1,"1-6d",2,"IFNgHIGH","Vaginal","Term",1,"cytof_Basophils",0.229191515236558
"187",376,2600100550,"1-6d",1,"1-6d",2,"IFNgLOW","C-section","Preterm",0,"cytof_Basophils",0.0543045398595323
"188",376,2600164331,"1-6d",1,"1-6d",5,"IFNgLOW","C-section","Preterm",0,"cytof_Basophils",0.216294160057679
"189",379,2600164336,"1-6d",1,"1-6d",4,"IFNgHIGH","C-section","Preterm",0,"cytof_Basophils",0.922361244786654
"190",379,2600164469,"CB",0,"CB",0,"IFNgHIGH","C-section","Preterm",0,"cytof_Basophils",0.588205466254247
"191",382,2600164335,"1-6d",1,"1-6d",3,"IFNgHIGH","Vaginal","Term",0,"cytof_Basophils",0.173605914573918
"192",382,2600164468,"CB",0,"CB",0,"IFNgHIGH","Vaginal","Term",0,"cytof_Basophils",0.354046807070523
"193",386,2600164471,"1-6d",1,"1-6d",2,"IFNgHIGH","C-section","Preterm",0,"cytof_Basophils",0.0413682550352923
"194",437,2600164476,"CB",0,"CB",0,"IFNgLOW","Vaginal","Preterm",1,"cytof_Basophils",0.728674234440396
"195",437,2600164346,"1-6d",1,"1-6d",4,"IFNgLOW","Vaginal","Preterm",1,"cytof_Basophils",0.69802893744484
"196",437,2600164378,"56-120dd",3,"56-120dd",76,"IFNgLOW","Vaginal","Preterm",1,"cytof_Basophils",0.279730311289628
"197",477,2600164470,"CB",0,"CB",0,"IFNgLOW","Vaginal","Term",0,"cytof_Basophils",0.296568281316199
"198",477,2600164345,"1-6d",1,"1-6d",4,"IFNgLOW","Vaginal","Term",0,"cytof_Basophils",0.128976784178848
"199",480,2600164474,"CB",0,"CB",0,"IFNgHIGH","Vaginal","Term",0,"cytof_Basophils",0.378538110240066
"200",480,2600164356,"1-6d",1,"1-6d",1,"IFNgHIGH","Vaginal","Term",0,"cytof_Basophils",0.62165858510506
"201",488,2600164478,"1-6d",1,"1-6d",3,"IFNgLOW","Vaginal","Term",0,"cytof_Basophils",0.224734456499458
"202",488,2600164372,"1-6d",1,"1-6d",2,"IFNgLOW","Vaginal","Term",0,"cytof_Basophils",0.322690018823585
"203",492,2600164373,"1-6d",1,"1-6d",2,"IFNgHIGH","Vaginal","Term",1,"cytof_Basophils",0.197360669258867
"204",492,2600100553,"CB",0,"CB",0,"IFNgHIGH","Vaginal","Term",1,"cytof_Basophils",0.183498263320008
"205",508,2600164368,"1-6d",1,"1-6d",2,"IFNgLOW","C-section","Preterm",0,"cytof_Basophils",0.436199671624966
"206",508,2600164473,"CB",0,"CB",0,"IFNgLOW","C-section","Preterm",0,"cytof_Basophils",0.662935995675813
"207",522,2600164496,"CB",0,"CB",0,"IFNgHIGH","Vaginal","Term",0,"cytof_Basophils",0.232841576774053
"208",522,2600164397,"1-6d",1,"1-6d",3,"IFNgHIGH","Vaginal","Term",0,"cytof_Basophils",0.200410597321341
"209",522,2600164442,"56-120dd",3,"56-120dd",99,"IFNgHIGH","Vaginal","Term",0,"cytof_Basophils",0.124636476942252
"210",529,2600164502,"1-6d",1,"1-6d",1,"IFNgLOW","C-section","Preterm",0,"cytof_Basophils",0.054617450275363
"211",529,2600164407,"1-6d",1,"1-6d",2,"IFNgLOW","C-section","Preterm",0,"cytof_Basophils",0.0336889387984278
"212",529,2600164409,"1-6d",1,"1-6d",6,"IFNgLOW","C-section","Preterm",0,"cytof_Basophils",0.0673949060683497
"213",530,2600164408,"1-6d",1,"1-6d",6,"IFNgLOW","C-section","Preterm",0,"cytof_Basophils",0.879839115133233
"214",530,2600164405,"1-6d",1,"1-6d",2,"IFNgLOW","C-section","Preterm",0,"cytof_Basophils",1.03539834816604
"215",531,2600164406,"1-6d",1,"1-6d",2,"IFNgHIGH","C-section","Preterm",0,"cytof_Basophils",0.45133142771175
"216",531,2600164411,"1-6d",1,"1-6d",6,"IFNgHIGH","C-section","Preterm",0,"cytof_Basophils",0.529707079890896
"217",531,2600164499,"1-6d",1,"1-6d",1,"IFNgHIGH","C-section","Preterm",0,"cytof_Basophils",0.578034682080925
"218",532,2600164414,"1-6d",1,"1-6d",2,"IFNgHIGH","Vaginal","Term",0,"cytof_Basophils",0.321239606953892
"219",532,2600164503,"CB",0,"CB",0,"IFNgHIGH","Vaginal","Term",0,"cytof_Basophils",0.164725553982799
"220",533,2600164416,"1-6d",1,"1-6d",3,"IFNgHIGH","Vaginal","Term",0,"cytof_Basophils",0.0897250635159002
"221",533,2600164504,"CB",0,"CB",0,"IFNgHIGH","Vaginal","Term",0,"cytof_Basophils",0.126618643797283
"222",534,2600164505,"CB",0,"CB",0,"IFNgHIGH","Vaginal","Term",1,"cytof_Basophils",0.0768098834106822
"223",534,2600164415,"1-6d",1,"1-6d",2,"IFNgHIGH","Vaginal","Term",1,"cytof_Basophils",0.101876566352208
"224",537,2600164417,"1-6d",1,"1-6d",2,"IFNgHIGH","Vaginal","Term",0,"cytof_Basophils",0.452247938281458
"225",537,2600164506,"CB",0,"CB",0,"IFNgHIGH","Vaginal","Term",0,"cytof_Basophils",0.110419056399482
"226",542,2600164452,"1-6d",1,"1-6d",6,"IFNgLOW","C-section","Preterm",0,"cytof_Basophils",0.47493185760304
"227",542,2600164513,"CB",0,"CB",0,"IFNgLOW","C-section","Preterm",0,"cytof_Basophils",0.349057061133466
"228",545,2600164514,"CB",0,"CB",0,"IFNgLOW","C-section","Preterm",0,"cytof_Basophils",0.202305565198655
"229",15,2600100700,"CB",0,"CB",0,"IFNgHIGH","Vaginal","Term",1,"cytof_gdT",0.138146167557932
"230",15,2600100490,"1-6d",1,"1-6d",2,"IFNgHIGH","Vaginal","Term",1,"cytof_gdT",0.14219991635299
"231",18,2600100486,"1-6d",1,"1-6d",2,"IFNgHIGH","Vaginal","Term",1,"cytof_gdT",4.20875420875421
"232",18,2600100707,"CB",0,"CB",0,"IFNgHIGH","Vaginal","Term",1,"cytof_gdT",2.20820189274448
"233",28,2600100706,"CB",0,"CB",0,"IFNgHIGH","Vaginal","Term",0,"cytof_gdT",4.22680412371134
"234",28,2600100503,"1-6d",1,"1-6d",5,"IFNgHIGH","Vaginal","Term",0,"cytof_gdT",3.57142857142858
"235",42,2600100429,"56-120dd",3,"56-120dd",108,"IFNgLOW","Vaginal","Term",1,"cytof_gdT",1.61727039882912
"236",42,2600100480,"1-6d",1,"1-6d",3,"IFNgLOW","Vaginal","Term",1,"cytof_gdT",1.17375066690378
"237",42,2600100343,"56-120dd",3,"56-120dd",63,"IFNgLOW","Vaginal","Term",1,"cytof_gdT",0.984615384615384
"238",42,2600100696,"CB",0,"CB",0,"IFNgLOW","Vaginal","Term",1,"cytof_gdT",4.21044499381953
"239",80,2600100695,"CB",0,"CB",0,"IFNgHIGH","C-section","Term",1,"cytof_gdT",3.18135764944276
"240",80,2600100485,"1-6d",1,"1-6d",4,"IFNgHIGH","C-section","Term",1,"cytof_gdT",5.72289156626507
"241",88,66600203,"56-120dd",3,"56-120dd",105,"IFNgLOW","Vaginal","Term",0,"cytof_gdT",0.267717764595692
"242",93,66600194,"56-120dd",3,"56-120dd",105,"IFNgLOW","Vaginal","Term",0,"cytof_gdT",0.670546558704453
"243",101,66600197,"56-120dd",3,"56-120dd",113,"IFNgLOW","Vaginal","Term",1,"cytof_gdT",0.151778891058844
"244",104,66600202,"56-120dd",3,"56-120dd",71,"IFNgLOW","Vaginal","Term",1,"cytof_gdT",0.500433489535892
"245",107,66600241,"1-6d",1,"1-6d",4,"IFNgLOW","Vaginal","Term",1,"cytof_gdT",NA
"246",107,66600231,"CB",0,"CB",0,"IFNgLOW","Vaginal","Term",1,"cytof_gdT",NA
"247",107,66627239,"56-120dd",3,"56-120dd",94,"IFNgLOW","Vaginal","Term",1,"cytof_gdT",NA
"248",110,66627240,"56-120dd",3,"56-120dd",85,"IFNgLOW","Vaginal","Term",1,"cytof_gdT",NA
"249",110,66600235,"CB",0,"CB",0,"IFNgLOW","Vaginal","Term",1,"cytof_gdT",NA
"250",110,66600233,"1-6d",1,"1-6d",2,"IFNgLOW","Vaginal","Term",1,"cytof_gdT",NA
"251",113,66593911,"1-6d",1,"1-6d",2,"IFNgLOW","Vaginal","Term",0,"cytof_gdT",0.0478659524034727
"252",113,66600237,"CB",0,"CB",0,"IFNgLOW","Vaginal","Term",0,"cytof_gdT",3.07941035163846
"253",116,66627285,"1-6d",1,"1-6d",3,"IFNgLOW","Vaginal","Term",1,"cytof_gdT",0.794028902652054
"254",116,66627428,"CB",0,"CB",0,"IFNgLOW","Vaginal","Term",1,"cytof_gdT",0.453857791225417
"255",119,66627306,"1-6d",1,"1-6d",3,"IFNgLOW","Vaginal","Term",1,"cytof_gdT",0.121011821532986
"256",119,66627297,"56-120dd",3,"56-120dd",112,"IFNgLOW","Vaginal","Term",1,"cytof_gdT",0.653251842293093
"257",119,66627429,"CB",0,"CB",0,"IFNgLOW","Vaginal","Term",1,"cytof_gdT",0.031716496807206
"258",122,66627275,"1-6d",1,"1-6d",3,"IFNgLOW","Vaginal","Term",0,"cytof_gdT",0.12521307266567
"259",122,66627435,"CB",0,"CB",0,"IFNgLOW","Vaginal","Term",0,"cytof_gdT",0.169256808739806
"260",126,2600100694,"CB",0,"CB",0,"IFNgHIGH","C-section","Term",0,"cytof_gdT",7.13392341735618
"261",126,2600100446,"56-120dd",3,"56-120dd",95,"IFNgHIGH","C-section","Term",0,"cytof_gdT",1.03826583134798
"262",126,2600100479,"1-6d",1,"1-6d",2,"IFNgHIGH","C-section","Term",0,"cytof_gdT",2.27690483249333
"263",129,2600100693,"CB",0,"CB",0,"IFNgHIGH","Vaginal","Term",1,"cytof_gdT",0.502149725950966
"264",129,2600100472,"1-6d",1,"1-6d",3,"IFNgHIGH","Vaginal","Term",1,"cytof_gdT",0.135118017143098
"265",141,2600100690,"CB",0,"CB",0,"IFNgLOW","Vaginal","Term",1,"cytof_gdT",14.0347859738138
"266",141,2600100443,"56-120dd",3,"56-120dd",85,"IFNgLOW","Vaginal","Term",1,"cytof_gdT",1.77331524929655
"267",141,2600100475,"1-6d",1,"1-6d",2,"IFNgLOW","Vaginal","Term",1,"cytof_gdT",0.24931134279438
"268",144,2600100686,"CB",0,"CB",0,"IFNgLOW","Vaginal","Term",0,"cytof_gdT",2.36398963730569
"269",144,2600100483,"1-6d",1,"1-6d",2,"IFNgLOW","Vaginal","Term",0,"cytof_gdT",4.76117808637265
"270",144,2600100439,"56-120dd",3,"56-120dd",79,"IFNgLOW","Vaginal","Term",0,"cytof_gdT",1.99556541019956
"271",147,2600100687,"CB",0,"CB",0,"IFNgLOW","C-section","Term",1,"cytof_gdT",2.44648318042813
"272",147,2600100430,"56-120dd",3,"56-120dd",77,"IFNgLOW","C-section","Term",1,"cytof_gdT",1.68
"273",147,2600100468,"1-6d",1,"1-6d",2,"IFNgLOW","C-section","Term",1,"cytof_gdT",3.6697247706422
"274",150,2600100684,"CB",0,"CB",0,"IFNgHIGH","C-section","Term",1,"cytof_gdT",2.89735099337749
"275",150,2600100469,"1-6d",1,"1-6d",3,"IFNgHIGH","C-section","Term",1,"cytof_gdT",1.88938509103401
"276",153,2600100470,"1-6d",1,"1-6d",2,"IFNgLOW","C-section","Term",0,"cytof_gdT",5.67098037956391
"277",153,2600100426,"56-120dd",3,"56-120dd",78,"IFNgLOW","C-section","Term",0,"cytof_gdT",1.23779397606932
"278",153,2600100685,"CB",0,"CB",0,"IFNgLOW","C-section","Term",0,"cytof_gdT",3.692928352535
"279",162,2600100425,"56-120dd",3,"56-120dd",69,"IFNgLOW","C-section","Term",0,"cytof_gdT",19.5075757575758
"280",162,2600100683,"CB",0,"CB",0,"IFNgLOW","C-section","Term",0,"cytof_gdT",22.874251497006
"281",162,2600100341,"1-6d",1,"1-6d",2,"IFNgLOW","C-section","Term",0,"cytof_gdT",18.7519549577729
"282",165,2600100680,"CB",0,"CB",0,"IFNgHIGH","Vaginal","Term",0,"cytof_gdT",15.1725790987536
"283",165,2600100477,"1-6d",1,"1-6d",2,"IFNgHIGH","Vaginal","Term",0,"cytof_gdT",12.1981170691773
"284",168,2600100679,"CB",0,"CB",0,"IFNgHIGH","Vaginal","Term",0,"cytof_gdT",3.54571875698636
"285",168,2600100467,"1-6d",1,"1-6d",2,"IFNgHIGH","Vaginal","Term",0,"cytof_gdT",5.52184713116423
"286",174,2600100626,"CB",0,"CB",0,"IFNgHIGH","C-section","Term",1,"cytof_gdT",6.23680135154161
"287",174,2600100463,"1-6d",1,"1-6d",2,"IFNgHIGH","C-section","Term",1,"cytof_gdT",8.97362223799704
"288",177,2600100462,"1-6d",1,"1-6d",2,"IFNgHIGH","C-section","Term",1,"cytof_gdT",10.0474102874373
"289",177,2600100675,"CB",0,"CB",0,"IFNgHIGH","C-section","Term",1,"cytof_gdT",6.14272266618599
"290",180,2600100466,"1-6d",1,"1-6d",2,"IFNgLOW","C-section","Term",0,"cytof_gdT",6.92430883344571
"291",180,2600100356,"56-120dd",3,"56-120dd",118,"IFNgLOW","C-section","Term",0,"cytof_gdT",13.8560802555143
"292",180,2600100677,"CB",0,"CB",0,"IFNgLOW","C-section","Term",0,"cytof_gdT",20.3856749311294
"293",189,2600100453,"1-6d",1,"1-6d",6,"IFNgLOW","C-section","Preterm",1,"cytof_gdT",0.202763758182179
"294",189,2600100666,"CB",0,"CB",0,"IFNgLOW","C-section","Preterm",1,"cytof_gdT",0.254654323961595
"295",203,66600227,"56-120dd",3,"56-120dd",84,"IFNgLOW","C-section","Preterm",0,"cytof_gdT",0.943738656987296
"296",204,66600193,"1-6d",1,"1-6d",2,"IFNgLOW","C-section","Preterm",1,"cytof_gdT",0.191234008880292
"297",204,66600238,"56-120dd",3,"56-120dd",89,"IFNgLOW","C-section","Preterm",1,"cytof_gdT",1.04951560818084
"298",205,66600239,"56-120dd",3,"56-120dd",89,"IFNgLOW","C-section","Preterm",0,"cytof_gdT",1.04435831180018
"299",205,66600192,"1-6d",1,"1-6d",2,"IFNgLOW","C-section","Preterm",0,"cytof_gdT",0.298181298314051
"300",206,66600240,"56-120dd",3,"56-120dd",83,"IFNgLOW","Vaginal","Preterm",1,"cytof_gdT",2.08703806920226
"301",210,66600164,"1-6d",1,"1-6d",6,"IFNgLOW","C-section","Preterm",1,"cytof_gdT",NA
"302",210,66627234,"56-120dd",3,"56-120dd",67,"IFNgLOW","C-section","Preterm",1,"cytof_gdT",NA
"303",210,66600210,"CB",0,"CB",0,"IFNgLOW","C-section","Preterm",1,"cytof_gdT",NA
"304",211,66627244,"56-120dd",3,"56-120dd",86,"IFNgLOW","C-section","Preterm",0,"cytof_gdT",NA
"305",211,66600168,"CB",0,"CB",0,"IFNgLOW","C-section","Preterm",0,"cytof_gdT",NA
"306",211,66600224,"1-6d",1,"1-6d",3,"IFNgLOW","C-section","Preterm",0,"cytof_gdT",NA
"307",212,66627412,"CB",0,"CB",0,"IFNgLOW","C-section","Preterm",0,"cytof_gdT",NA
"308",212,66627215,"1-6d",1,"1-6d",3,"IFNgLOW","C-section","Preterm",0,"cytof_gdT",NA
"309",213,66627411,"CB",0,"CB",0,"IFNgLOW","C-section","Preterm",0,"cytof_gdT",NA
"310",213,66627214,"1-6d",1,"1-6d",3,"IFNgLOW","C-section","Preterm",0,"cytof_gdT",NA
"311",213,66627246,"56-120dd",3,"56-120dd",86,"IFNgLOW","C-section","Preterm",0,"cytof_gdT",NA
"312",214,66627410,"CB",0,"CB",0,"IFNgLOW","C-section","Preterm",1,"cytof_gdT",NA
"313",214,66627213,"1-6d",1,"1-6d",3,"IFNgLOW","C-section","Preterm",1,"cytof_gdT",NA
"314",214,66627247,"56-120dd",3,"56-120dd",86,"IFNgLOW","C-section","Preterm",1,"cytof_gdT",NA
"315",215,66627218,"1-6d",1,"1-6d",3,"IFNgLOW","C-section","Preterm",0,"cytof_gdT",NA
"316",215,66627501,"CB",0,"CB",0,"IFNgLOW","C-section","Preterm",0,"cytof_gdT",NA
"317",215,66627254,"56-120dd",3,"56-120dd",95,"IFNgLOW","C-section","Preterm",0,"cytof_gdT",NA
"318",216,66627219,"1-6d",1,"1-6d",3,"IFNgLOW","C-section","Preterm",1,"cytof_gdT",2.51281833976015
"319",216,66627248,"56-120dd",3,"56-120dd",81,"IFNgLOW","C-section","Preterm",1,"cytof_gdT",3.20833055796088
"320",216,66627503,"CB",0,"CB",0,"IFNgLOW","C-section","Preterm",1,"cytof_gdT",2.54164520006869
"321",216,66627221,"CB",0,"CB",0,"IFNgLOW","C-section","Preterm",1,"cytof_gdT",4.55699079510587
"322",217,66627217,"1-6d",1,"1-6d",3,"IFNgLOW","C-section","Preterm",1,"cytof_gdT",NA
"323",217,66627249,"56-120dd",3,"56-120dd",81,"IFNgLOW","C-section","Preterm",1,"cytof_gdT",NA
"324",217,66627504,"CB",0,"CB",0,"IFNgLOW","C-section","Preterm",1,"cytof_gdT",NA
"325",217,66627222,"CB",0,"CB",0,"IFNgLOW","C-section","Preterm",1,"cytof_gdT",NA
"326",218,66627229,"1-6d",1,"1-6d",4,"IFNgLOW","Vaginal","Preterm",0,"cytof_gdT",NA
"327",218,66627256,"56-120dd",3,"56-120dd",104,"IFNgLOW","Vaginal","Preterm",0,"cytof_gdT",NA
"328",219,66627230,"1-6d",1,"1-6d",4,"IFNgLOW","C-section","Preterm",0,"cytof_gdT",NA
"329",219,66627413,"CB",0,"CB",0,"IFNgLOW","C-section","Preterm",0,"cytof_gdT",NA
"330",219,66627255,"56-120dd",3,"56-120dd",81,"IFNgLOW","C-section","Preterm",0,"cytof_gdT",NA
"331",220,66627235,"1-6d",1,"1-6d",5,"IFNgLOW","C-section","Preterm",0,"cytof_gdT",0.275274816024665
"332",220,66627414,"CB",0,"CB",0,"IFNgLOW","C-section","Preterm",0,"cytof_gdT",0.499375780274657
"333",220,66627257,"56-120dd",3,"56-120dd",90,"IFNgLOW","C-section","Preterm",0,"cytof_gdT",0.741870887765804
"334",221,66627261,"56-120dd",3,"56-120dd",104,"IFNgLOW","C-section","Preterm",0,"cytof_gdT",2.98919510685896
"335",221,66627415,"CB",0,"CB",0,"IFNgLOW","C-section","Preterm",0,"cytof_gdT",0.146854858448234
"336",221,66627241,"1-6d",1,"1-6d",2,"IFNgLOW","C-section","Preterm",0,"cytof_gdT",0.0684462696783026
"337",223,66627418,"1-6d",1,"1-6d",1,"IFNgLOW","C-section","Preterm",0,"cytof_gdT",0.117876710391068
"338",223,66627267,"56-120dd",3,"56-120dd",79,"IFNgLOW","C-section","Preterm",0,"cytof_gdT",0.842934086901915
"339",223,66627251,"1-6d",1,"1-6d",3,"IFNgLOW","C-section","Preterm",0,"cytof_gdT",0.376739616452767
"340",224,66627258,"1-6d",1,"1-6d",5,"IFNgLOW","C-section","Preterm",1,"cytof_gdT",2.2596294348004
"341",225,66627259,"1-6d",1,"1-6d",6,"IFNgLOW","C-section","Preterm",1,"cytof_gdT",3.61974081306586
"342",225,66627500,"CB",0,"CB",0,"IFNgLOW","C-section","Preterm",1,"cytof_gdT",6.21074668527564
"343",226,66627498,"CB",0,"CB",0,"IFNgLOW","C-section","Preterm",1,"cytof_gdT",0.325059169492187
"344",226,66627270,"1-6d",1,"1-6d",2,"IFNgLOW","C-section","Preterm",1,"cytof_gdT",0.0776100869232973
"345",230,66627425,"CB",0,"CB",0,"IFNgLOW","C-section","Preterm",0,"cytof_gdT",12.523026909879
"346",230,66600169,"1-6d",1,"1-6d",6,"IFNgLOW","C-section","Preterm",0,"cytof_gdT",1.89667809861641
"347",230,66600236,"56-120dd",3,"56-120dd",76,"IFNgLOW","C-section","Preterm",0,"cytof_gdT",2.43699329013238
"348",267,2600100465,"1-6d",1,"1-6d",2,"IFNgLOW","C-section","Term",0,"cytof_gdT",14.0180430256766
"349",267,2600100353,"56-120dd",3,"56-120dd",118,"IFNgLOW","C-section","Term",0,"cytof_gdT",10.6382978723404
"350",267,2600100678,"CB",0,"CB",0,"IFNgLOW","C-section","Term",0,"cytof_gdT",11.3650030066146
"351",270,2600100674,"CB",0,"CB",0,"IFNgHIGH","C-section","Term",0,"cytof_gdT",13.659078289839
"352",270,2600100460,"1-6d",1,"1-6d",2,"IFNgHIGH","C-section","Term",0,"cytof_gdT",14.1077317698791
"353",273,2600100673,"CB",0,"CB",0,"IFNgLOW","C-section","Term",1,"cytof_gdT",3.74677002583979
"354",273,2600100461,"1-6d",1,"1-6d",2,"IFNgLOW","C-section","Term",1,"cytof_gdT",12.7147766323024
"355",276,2600100671,"CB",0,"CB",0,"IFNgHIGH","C-section","Term",1,"cytof_gdT",0.929979769920589
"356",276,2600100458,"1-6d",1,"1-6d",2,"IFNgHIGH","C-section","Term",1,"cytof_gdT",2.24662526674179
"357",282,2600100669,"CB",0,"CB",0,"IFNgHIGH","Vaginal","Term",1,"cytof_gdT",0.558730158730159
"358",282,2600100456,"1-6d",1,"1-6d",2,"IFNgHIGH","Vaginal","Term",1,"cytof_gdT",0.656818033037293
"359",285,2600100350,"56-120dd",3,"56-120dd",86,"IFNgHIGH","Vaginal","Term",0,"cytof_gdT",1.05862554790232
"360",285,2600100455,"1-6d",1,"1-6d",2,"IFNgHIGH","Vaginal","Term",0,"cytof_gdT",1.17643115699155
"361",285,2600100668,"CB",0,"CB",0,"IFNgHIGH","Vaginal","Term",0,"cytof_gdT",0.945835760046592
"362",290,2600100447,"1-6d",1,"1-6d",3,"IFNgHIGH","Vaginal","Term",0,"cytof_gdT",1.02646999393817
"363",290,2600100405,"56-120dd",3,"56-120dd",94,"IFNgHIGH","Vaginal","Term",0,"cytof_gdT",0.912433610241046
"364",290,2600100664,"CB",0,"CB",0,"IFNgHIGH","Vaginal","Term",0,"cytof_gdT",1.00221238938053
"365",293,2600100410,"56-120dd",3,"56-120dd",86,"IFNgLOW","Vaginal","Term",1,"cytof_gdT",0.792995395875519
"366",293,2600100421,"1-6d",1,"1-6d",2,"IFNgLOW","Vaginal","Term",1,"cytof_gdT",1.15053292451453
"367",293,2600100662,"CB",0,"CB",0,"IFNgLOW","Vaginal","Term",1,"cytof_gdT",0.741256770719182
"368",297,2600100361,"1-6d",1,"1-6d",2,"IFNgHIGH","Vaginal","Term",1,"cytof_gdT",4.33255269320843
"369",297,2600100519,"CB",0,"CB",0,"IFNgHIGH","Vaginal","Term",1,"cytof_gdT",2.90324853780566
"370",299,2600100363,"1-6d",1,"1-6d",2,"IFNgHIGH","Vaginal","Term",1,"cytof_gdT",5.51989730423621
"371",299,2600100520,"CB",0,"CB",0,"IFNgHIGH","Vaginal","Term",1,"cytof_gdT",0.871466666666667
"372",302,2600100364,"1-6d",1,"1-6d",3,"IFNgHIGH","Vaginal","Term",1,"cytof_gdT",1.87522377372001
"373",302,2600100521,"CB",0,"CB",0,"IFNgHIGH","Vaginal","Term",1,"cytof_gdT",0.925006151518741
"374",305,2600100411,"56-120dd",3,"56-120dd",77,"IFNgHIGH","Vaginal","Term",1,"cytof_gdT",5.12693344905613
"375",305,2600100371,"1-6d",1,"1-6d",3,"IFNgHIGH","Vaginal","Term",1,"cytof_gdT",5.46155272974589
"376",305,2600100522,"CB",0,"CB",0,"IFNgHIGH","Vaginal","Term",1,"cytof_gdT",5.29656713386147
"377",308,2600100374,"1-6d",1,"1-6d",3,"IFNgHIGH","Vaginal","Term",1,"cytof_gdT",7.49306197964848
"378",308,2600100523,"CB",0,"CB",0,"IFNgHIGH","Vaginal","Term",1,"cytof_gdT",6.29174676615294
"379",311,2600164329,"56-120dd",3,"56-120dd",119,"IFNgHIGH","Vaginal","Term",0,"cytof_gdT",0.658531861320937
"380",311,2600100369,"1-6d",1,"1-6d",2,"IFNgHIGH","Vaginal","Term",0,"cytof_gdT",0.661654135338346
"381",311,2600100524,"CB",0,"CB",0,"IFNgHIGH","Vaginal","Term",0,"cytof_gdT",0.312223552063278
"382",324,2600100347,"1-6d",1,"1-6d",6,"IFNgLOW","Vaginal","Preterm",1,"cytof_gdT",0.461304411836875
"383",324,2600100517,"CB",0,"CB",0,"IFNgLOW","Vaginal","Preterm",1,"cytof_gdT",0.365220048899755
"384",332,2600100376,"1-6d",1,"1-6d",2,"IFNgHIGH","Vaginal","Term",0,"cytof_gdT",1.89252336448598
"385",332,2600100525,"CB",0,"CB",0,"IFNgHIGH","Vaginal","Term",0,"cytof_gdT",1.23375927403508
"386",334,2600100377,"1-6d",1,"1-6d",5,"IFNgLOW","Vaginal","Term",0,"cytof_gdT",4.19563964091161
"387",334,2600100526,"CB",0,"CB",0,"IFNgLOW","Vaginal","Term",0,"cytof_gdT",7.11010713247299
"388",337,2600100688,"CB",0,"CB",0,"IFNgLOW","Vaginal","Term",1,"cytof_gdT",5.84040691493711
"389",337,2600100471,"1-6d",1,"1-6d",5,"IFNgLOW","Vaginal","Term",1,"cytof_gdT",0.833646996500914
"390",337,2600100431,"56-120dd",3,"56-120dd",83,"IFNgLOW","Vaginal","Term",1,"cytof_gdT",2.01147036821545
"391",340,2600100380,"1-6d",1,"1-6d",3,"IFNgHIGH","Vaginal","Term",0,"cytof_gdT",0.423023578363384
"392",340,2600164340,"56-120dd",3,"56-120dd",104,"IFNgHIGH","Vaginal","Term",0,"cytof_gdT",0.485594043379734
"393",340,2600100528,"CB",0,"CB",0,"IFNgHIGH","Vaginal","Term",0,"cytof_gdT",0.369700103412616
"394",343,2600100378,"1-6d",1,"1-6d",6,"IFNgLOW","Vaginal","Preterm",0,"cytof_gdT",0.662750048553118
"395",343,2600100527,"1-6d",1,"1-6d",1,"IFNgLOW","Vaginal","Preterm",0,"cytof_gdT",0.688510266491917
"396",343,2600164342,"56-120dd",3,"56-120dd",112,"IFNgLOW","Vaginal","Preterm",0,"cytof_gdT",0.742135275981556
"397",347,2600100538,"CB",0,"CB",0,"IFNgLOW","C-section","Preterm",1,"cytof_gdT",1.78346810422282
"398",347,2600100413,"1-6d",1,"1-6d",5,"IFNgLOW","C-section","Preterm",1,"cytof_gdT",0.816999450448799
"399",347,2600164338,"56-120dd",3,"56-120dd",74,"IFNgLOW","C-section","Preterm",1,"cytof_gdT",4.9343488622027
"400",350,2600164314,"1-6d",1,"1-6d",5,"IFNgLOW","C-section","Preterm",1,"cytof_gdT",1.28509206951572
"401",350,2600164465,"1-6d",1,"1-6d",2,"IFNgLOW","C-section","Preterm",1,"cytof_gdT",1.78371228821566
"402",356,2600164316,"1-6d",1,"1-6d",2,"IFNgLOW","C-section","Preterm",1,"cytof_gdT",17.6127562642369
"403",356,2600164464,"CB",0,"CB",0,"IFNgLOW","C-section","Preterm",1,"cytof_gdT",7.34074823053589
"404",356,2600164343,"56-120dd",3,"56-120dd",58,"IFNgLOW","C-section","Preterm",1,"cytof_gdT",11.3537526789987
"405",357,2600164461,"CB",0,"CB",0,"IFNgHIGH","Vaginal","Term",1,"cytof_gdT",0.159640389018422
"406",357,2600164353,"56-120dd",3,"56-120dd",92,"IFNgHIGH","Vaginal","Term",1,"cytof_gdT",0.30259777333714
"407",357,2600164322,"1-6d",1,"1-6d",3,"IFNgHIGH","Vaginal","Term",1,"cytof_gdT",0.203562340966921
"408",363,2600164325,"1-6d",1,"1-6d",2,"IFNgLOW","Vaginal","Term",1,"cytof_gdT",15.9030446349394
"409",363,2600164467,"CB",0,"CB",0,"IFNgLOW","Vaginal","Term",1,"cytof_gdT",14.302298583701
"410",366,2600164367,"56-120dd",3,"56-120dd",92,"IFNgHIGH","Vaginal","Term",1,"cytof_gdT",1.60482630811088
"411",366,2600164320,"1-6d",1,"1-6d",2,"IFNgHIGH","Vaginal","Term",1,"cytof_gdT",0.515053212679984
"412",366,2600100547,"CB",0,"CB",0,"IFNgHIGH","Vaginal","Term",1,"cytof_gdT",1.06701923614085
"413",367,2600100548,"CB",0,"CB",0,"IFNgHIGH","Vaginal","Term",1,"cytof_gdT",1.17966233074146
"414",367,2600164323,"1-6d",1,"1-6d",2,"IFNgHIGH","Vaginal","Term",1,"cytof_gdT",0.88402441591244
"415",376,2600100550,"1-6d",1,"1-6d",2,"IFNgLOW","C-section","Preterm",0,"cytof_gdT",0.637173267685179
"416",376,2600164331,"1-6d",1,"1-6d",5,"IFNgLOW","C-section","Preterm",0,"cytof_gdT",0.534014395170653
"417",379,2600164336,"1-6d",1,"1-6d",4,"IFNgHIGH","C-section","Preterm",0,"cytof_gdT",0.649663137632339
"418",379,2600164469,"CB",0,"CB",0,"IFNgHIGH","C-section","Preterm",0,"cytof_gdT",0.477916941331575
"419",382,2600164335,"1-6d",1,"1-6d",3,"IFNgHIGH","Vaginal","Term",0,"cytof_gdT",3.47211829147835
"420",382,2600164468,"CB",0,"CB",0,"IFNgHIGH","Vaginal","Term",0,"cytof_gdT",2.40022908911046
"421",386,2600164471,"1-6d",1,"1-6d",2,"IFNgHIGH","C-section","Preterm",0,"cytof_gdT",3.2129344744077
"422",437,2600164476,"CB",0,"CB",0,"IFNgLOW","Vaginal","Preterm",1,"cytof_gdT",0.760290265273554
"423",437,2600164346,"1-6d",1,"1-6d",4,"IFNgLOW","Vaginal","Preterm",1,"cytof_gdT",0.575004680270653
"424",437,2600164378,"56-120dd",3,"56-120dd",76,"IFNgLOW","Vaginal","Preterm",1,"cytof_gdT",1.06154066848372
"425",477,2600164470,"CB",0,"CB",0,"IFNgLOW","Vaginal","Term",0,"cytof_gdT",9.56079649766982
"426",477,2600164345,"1-6d",1,"1-6d",4,"IFNgLOW","Vaginal","Term",0,"cytof_gdT",3.42926508522583
"427",480,2600164474,"CB",0,"CB",0,"IFNgHIGH","Vaginal","Term",0,"cytof_gdT",1.98549344274306
"428",480,2600164356,"1-6d",1,"1-6d",1,"IFNgHIGH","Vaginal","Term",0,"cytof_gdT",2.31256993659083
"429",488,2600164478,"1-6d",1,"1-6d",3,"IFNgLOW","Vaginal","Term",0,"cytof_gdT",2.91547403026323
"430",488,2600164372,"1-6d",1,"1-6d",2,"IFNgLOW","Vaginal","Term",0,"cytof_gdT",6.26907203236253
"431",492,2600164373,"1-6d",1,"1-6d",2,"IFNgHIGH","Vaginal","Term",1,"cytof_gdT",8.5012371862849
"432",492,2600100553,"CB",0,"CB",0,"IFNgHIGH","Vaginal","Term",1,"cytof_gdT",3.57259884096505
"433",508,2600164368,"1-6d",1,"1-6d",2,"IFNgLOW","C-section","Preterm",0,"cytof_gdT",0.400666552307202
"434",508,2600164473,"CB",0,"CB",0,"IFNgLOW","C-section","Preterm",0,"cytof_gdT",0.914120377730438
"435",522,2600164496,"CB",0,"CB",0,"IFNgHIGH","Vaginal","Term",0,"cytof_gdT",0.654866934677024
"436",522,2600164397,"1-6d",1,"1-6d",3,"IFNgHIGH","Vaginal","Term",0,"cytof_gdT",1.14625085541109
"437",522,2600164442,"56-120dd",3,"56-120dd",99,"IFNgHIGH","Vaginal","Term",0,"cytof_gdT",1.46794072843096
"438",529,2600164502,"1-6d",1,"1-6d",1,"IFNgLOW","C-section","Preterm",0,"cytof_gdT",9.2849665468117
"439",529,2600164407,"1-6d",1,"1-6d",2,"IFNgLOW","C-section","Preterm",0,"cytof_gdT",4.66778963129329
"440",529,2600164409,"1-6d",1,"1-6d",6,"IFNgLOW","C-section","Preterm",0,"cytof_gdT",4.10266490691078
"441",530,2600164408,"1-6d",1,"1-6d",6,"IFNgLOW","C-section","Preterm",0,"cytof_gdT",5.69733534439417
"442",530,2600164405,"1-6d",1,"1-6d",2,"IFNgLOW","C-section","Preterm",0,"cytof_gdT",7.34519060135828
"443",531,2600164406,"1-6d",1,"1-6d",2,"IFNgHIGH","C-section","Preterm",0,"cytof_gdT",22.8373702422145
"444",531,2600164411,"1-6d",1,"1-6d",6,"IFNgHIGH","C-section","Preterm",0,"cytof_gdT",8.75597896983832
"445",531,2600164499,"1-6d",1,"1-6d",1,"IFNgHIGH","C-section","Preterm",0,"cytof_gdT",3.46820809248555
"446",532,2600164414,"1-6d",1,"1-6d",2,"IFNgHIGH","Vaginal","Term",0,"cytof_gdT",2.92642983119174
"447",532,2600164503,"CB",0,"CB",0,"IFNgHIGH","Vaginal","Term",0,"cytof_gdT",2.07189980713039
"448",533,2600164416,"1-6d",1,"1-6d",3,"IFNgHIGH","Vaginal","Term",0,"cytof_gdT",3.47566561830013
"449",533,2600164504,"CB",0,"CB",0,"IFNgHIGH","Vaginal","Term",0,"cytof_gdT",3.31017311641467
"450",534,2600164505,"CB",0,"CB",0,"IFNgHIGH","Vaginal","Term",1,"cytof_gdT",2.86783848902832
"451",534,2600164415,"1-6d",1,"1-6d",2,"IFNgHIGH","Vaginal","Term",1,"cytof_gdT",7.06615864218912
"452",537,2600164417,"1-6d",1,"1-6d",2,"IFNgHIGH","Vaginal","Term",0,"cytof_gdT",7.4487895716946
"453",537,2600164506,"CB",0,"CB",0,"IFNgHIGH","Vaginal","Term",0,"cytof_gdT",1.39042248689444
"454",542,2600164452,"1-6d",1,"1-6d",6,"IFNgLOW","C-section","Preterm",0,"cytof_gdT",0.582307755843727
"455",542,2600164513,"CB",0,"CB",0,"IFNgLOW","C-section","Preterm",0,"cytof_gdT",1.19261162553934
"456",545,2600164514,"CB",0,"CB",0,"IFNgLOW","C-section","Preterm",0,"cytof_gdT",11.0920909297676
"457",15,2600100700,"CB",0,"CB",0,"IFNgHIGH","Vaginal","Term",1,"cytof_Memory.CD4.T",0.151515151515152
"458",15,2600100490,"1-6d",1,"1-6d",2,"IFNgHIGH","Vaginal","Term",1,"cytof_Memory.CD4.T",0.13801756587202
"459",18,2600100486,"1-6d",1,"1-6d",2,"IFNgHIGH","Vaginal","Term",1,"cytof_Memory.CD4.T",5.21885521885523
"460",18,2600100707,"CB",0,"CB",0,"IFNgHIGH","Vaginal","Term",1,"cytof_Memory.CD4.T",2.8391167192429
"461",28,2600100706,"CB",0,"CB",0,"IFNgHIGH","Vaginal","Term",0,"cytof_Memory.CD4.T",3.60824742268041
"462",28,2600100503,"1-6d",1,"1-6d",5,"IFNgHIGH","Vaginal","Term",0,"cytof_Memory.CD4.T",5.06912442396314
"463",42,2600100429,"56-120dd",3,"56-120dd",108,"IFNgLOW","Vaginal","Term",1,"cytof_Memory.CD4.T",6.41053787047201
"464",42,2600100480,"1-6d",1,"1-6d",3,"IFNgLOW","Vaginal","Term",1,"cytof_Memory.CD4.T",15.0631335585986
"465",42,2600100343,"56-120dd",3,"56-120dd",63,"IFNgLOW","Vaginal","Term",1,"cytof_Memory.CD4.T",9.9076923076923
"466",42,2600100696,"CB",0,"CB",0,"IFNgLOW","Vaginal","Term",1,"cytof_Memory.CD4.T",5.88689740420273
"467",80,2600100695,"CB",0,"CB",0,"IFNgHIGH","C-section","Term",1,"cytof_Memory.CD4.T",7.38939547450186
"468",80,2600100485,"1-6d",1,"1-6d",4,"IFNgHIGH","C-section","Term",1,"cytof_Memory.CD4.T",4.77773161611965
"469",88,66600203,"56-120dd",3,"56-120dd",105,"IFNgLOW","Vaginal","Term",0,"cytof_Memory.CD4.T",3.33047143303153
"470",93,66600194,"56-120dd",3,"56-120dd",105,"IFNgLOW","Vaginal","Term",0,"cytof_Memory.CD4.T",7.64029464687359
"471",101,66600197,"56-120dd",3,"56-120dd",113,"IFNgLOW","Vaginal","Term",1,"cytof_Memory.CD4.T",3.2213212193258
"472",104,66600202,"56-120dd",3,"56-120dd",71,"IFNgLOW","Vaginal","Term",1,"cytof_Memory.CD4.T",4.52255791749432
"473",107,66600241,"1-6d",1,"1-6d",4,"IFNgLOW","Vaginal","Term",1,"cytof_Memory.CD4.T",7.28061174287681
"474",107,66600231,"CB",0,"CB",0,"IFNgLOW","Vaginal","Term",1,"cytof_Memory.CD4.T",4.0682066259551
"475",107,66627239,"56-120dd",3,"56-120dd",94,"IFNgLOW","Vaginal","Term",1,"cytof_Memory.CD4.T",9.79041727163691
"476",110,66627240,"56-120dd",3,"56-120dd",85,"IFNgLOW","Vaginal","Term",1,"cytof_Memory.CD4.T",3.95825423594127
"477",110,66600235,"CB",0,"CB",0,"IFNgLOW","Vaginal","Term",1,"cytof_Memory.CD4.T",1.35322808690778
"478",110,66600233,"1-6d",1,"1-6d",2,"IFNgLOW","Vaginal","Term",1,"cytof_Memory.CD4.T",2.56624551398653
"479",113,66593911,"1-6d",1,"1-6d",2,"IFNgLOW","Vaginal","Term",0,"cytof_Memory.CD4.T",1.95304550704948
"480",113,66600237,"CB",0,"CB",0,"IFNgLOW","Vaginal","Term",0,"cytof_Memory.CD4.T",15.0554034576638
"481",116,66627285,"1-6d",1,"1-6d",3,"IFNgLOW","Vaginal","Term",1,"cytof_Memory.CD4.T",13.2126409401302
"482",116,66627428,"CB",0,"CB",0,"IFNgLOW","Vaginal","Term",1,"cytof_Memory.CD4.T",21.0287443267775
"483",119,66627306,"1-6d",1,"1-6d",3,"IFNgLOW","Vaginal","Term",1,"cytof_Memory.CD4.T",9.84873522308376
"484",119,66627297,"56-120dd",3,"56-120dd",112,"IFNgLOW","Vaginal","Term",1,"cytof_Memory.CD4.T",14.4150276284878
"485",119,66627429,"CB",0,"CB",0,"IFNgLOW","Vaginal","Term",1,"cytof_Memory.CD4.T",0.839429948830719
"486",122,66627275,"1-6d",1,"1-6d",3,"IFNgLOW","Vaginal","Term",0,"cytof_Memory.CD4.T",5.59039542077905
"487",122,66627435,"CB",0,"CB",0,"IFNgLOW","Vaginal","Term",0,"cytof_Memory.CD4.T",0.895009488639278
"488",126,2600100694,"CB",0,"CB",0,"IFNgHIGH","C-section","Term",0,"cytof_Memory.CD4.T",10.6792380219357
"489",126,2600100446,"56-120dd",3,"56-120dd",95,"IFNgHIGH","C-section","Term",0,"cytof_Memory.CD4.T",16.0357657578164
"490",126,2600100479,"1-6d",1,"1-6d",2,"IFNgHIGH","C-section","Term",0,"cytof_Memory.CD4.T",6.87815001482361
"491",129,2600100693,"CB",0,"CB",0,"IFNgHIGH","Vaginal","Term",1,"cytof_Memory.CD4.T",10.4417604778627
"492",129,2600100472,"1-6d",1,"1-6d",3,"IFNgHIGH","Vaginal","Term",1,"cytof_Memory.CD4.T",5.23793438331293
"493",141,2600100690,"CB",0,"CB",0,"IFNgLOW","Vaginal","Term",1,"cytof_Memory.CD4.T",12.7813729494979
"494",141,2600100443,"56-120dd",3,"56-120dd",85,"IFNgLOW","Vaginal","Term",1,"cytof_Memory.CD4.T",12.1237272009555
"495",141,2600100475,"1-6d",1,"1-6d",2,"IFNgLOW","Vaginal","Term",1,"cytof_Memory.CD4.T",13.6232086195474
"496",144,2600100686,"CB",0,"CB",0,"IFNgLOW","Vaginal","Term",0,"cytof_Memory.CD4.T",21.211139896373
"497",144,2600100483,"1-6d",1,"1-6d",2,"IFNgLOW","Vaginal","Term",0,"cytof_Memory.CD4.T",18.1748817335571
"498",144,2600100439,"56-120dd",3,"56-120dd",79,"IFNgLOW","Vaginal","Term",0,"cytof_Memory.CD4.T",18.8470066518847
"499",147,2600100687,"CB",0,"CB",0,"IFNgLOW","C-section","Term",1,"cytof_Memory.CD4.T",16.0932721712538
"500",147,2600100430,"56-120dd",3,"56-120dd",77,"IFNgLOW","C-section","Term",1,"cytof_Memory.CD4.T",11.0933333333333
"501",147,2600100468,"1-6d",1,"1-6d",2,"IFNgLOW","C-section","Term",1,"cytof_Memory.CD4.T",26.8557130942452
"502",150,2600100684,"CB",0,"CB",0,"IFNgHIGH","C-section","Term",1,"cytof_Memory.CD4.T",12.3758278145695
"503",150,2600100469,"1-6d",1,"1-6d",3,"IFNgHIGH","C-section","Term",1,"cytof_Memory.CD4.T",13.2944005496393
"504",153,2600100470,"1-6d",1,"1-6d",2,"IFNgLOW","C-section","Term",0,"cytof_Memory.CD4.T",32.3528467293921
"505",153,2600100426,"56-120dd",3,"56-120dd",78,"IFNgLOW","C-section","Term",0,"cytof_Memory.CD4.T",19.6919268326227
"506",153,2600100685,"CB",0,"CB",0,"IFNgLOW","C-section","Term",0,"cytof_Memory.CD4.T",39.7300128011172
"507",162,2600100425,"56-120dd",3,"56-120dd",69,"IFNgLOW","C-section","Term",0,"cytof_Memory.CD4.T",11.2452651515151
"508",162,2600100683,"CB",0,"CB",0,"IFNgLOW","C-section","Term",0,"cytof_Memory.CD4.T",12.9141716566866
"509",162,2600100341,"1-6d",1,"1-6d",2,"IFNgLOW","C-section","Term",0,"cytof_Memory.CD4.T",10.4942133249922
"510",165,2600100680,"CB",0,"CB",0,"IFNgHIGH","Vaginal","Term",0,"cytof_Memory.CD4.T",7.15484180249281
"511",165,2600100477,"1-6d",1,"1-6d",2,"IFNgHIGH","Vaginal","Term",0,"cytof_Memory.CD4.T",5.40319279574293
"512",168,2600100679,"CB",0,"CB",0,"IFNgHIGH","Vaginal","Term",0,"cytof_Memory.CD4.T",28.025933378046
"513",168,2600100467,"1-6d",1,"1-6d",2,"IFNgHIGH","Vaginal","Term",0,"cytof_Memory.CD4.T",27.2875351223684
"514",174,2600100626,"CB",0,"CB",0,"IFNgHIGH","C-section","Term",1,"cytof_Memory.CD4.T",9.96409967619316
"515",174,2600100463,"1-6d",1,"1-6d",2,"IFNgHIGH","C-section","Term",1,"cytof_Memory.CD4.T",11.4130863446349
"516",177,2600100462,"1-6d",1,"1-6d",2,"IFNgHIGH","C-section","Term",1,"cytof_Memory.CD4.T",16.034198885164
"517",177,2600100675,"CB",0,"CB",0,"IFNgHIGH","C-section","Term",1,"cytof_Memory.CD4.T",15.9085901980813
"518",180,2600100466,"1-6d",1,"1-6d",2,"IFNgLOW","C-section","Term",0,"cytof_Memory.CD4.T",13.3513149022252
"519",180,2600100356,"56-120dd",3,"56-120dd",118,"IFNgLOW","C-section","Term",0,"cytof_Memory.CD4.T",15.0961394182332
"520",180,2600100677,"CB",0,"CB",0,"IFNgLOW","C-section","Term",0,"cytof_Memory.CD4.T",0.813482417760493
"521",189,2600100453,"1-6d",1,"1-6d",6,"IFNgLOW","C-section","Preterm",1,"cytof_Memory.CD4.T",20.7700614903136
"522",189,2600100666,"CB",0,"CB",0,"IFNgLOW","C-section","Preterm",1,"cytof_Memory.CD4.T",24.7347350792066
"523",203,66600227,"56-120dd",3,"56-120dd",84,"IFNgLOW","C-section","Preterm",0,"cytof_Memory.CD4.T",3.7885662431942
"524",204,66600193,"1-6d",1,"1-6d",2,"IFNgLOW","C-section","Preterm",1,"cytof_Memory.CD4.T",NA
"525",204,66600238,"56-120dd",3,"56-120dd",89,"IFNgLOW","C-section","Preterm",1,"cytof_Memory.CD4.T",NA
"526",205,66600239,"56-120dd",3,"56-120dd",89,"IFNgLOW","C-section","Preterm",0,"cytof_Memory.CD4.T",NA
"527",205,66600192,"1-6d",1,"1-6d",2,"IFNgLOW","C-section","Preterm",0,"cytof_Memory.CD4.T",NA
"528",206,66600240,"56-120dd",3,"56-120dd",83,"IFNgLOW","Vaginal","Preterm",1,"cytof_Memory.CD4.T",5.73470994682874
"529",210,66600164,"1-6d",1,"1-6d",6,"IFNgLOW","C-section","Preterm",1,"cytof_Memory.CD4.T",NA
"530",210,66627234,"56-120dd",3,"56-120dd",67,"IFNgLOW","C-section","Preterm",1,"cytof_Memory.CD4.T",NA
"531",210,66600210,"CB",0,"CB",0,"IFNgLOW","C-section","Preterm",1,"cytof_Memory.CD4.T",NA
"532",211,66627244,"56-120dd",3,"56-120dd",86,"IFNgLOW","C-section","Preterm",0,"cytof_Memory.CD4.T",NA
"533",211,66600168,"CB",0,"CB",0,"IFNgLOW","C-section","Preterm",0,"cytof_Memory.CD4.T",NA
"534",211,66600224,"1-6d",1,"1-6d",3,"IFNgLOW","C-section","Preterm",0,"cytof_Memory.CD4.T",NA
"535",212,66627412,"CB",0,"CB",0,"IFNgLOW","C-section","Preterm",0,"cytof_Memory.CD4.T",0.260890143316422
"536",212,66627215,"1-6d",1,"1-6d",3,"IFNgLOW","C-section","Preterm",0,"cytof_Memory.CD4.T",1.3658940397351
"537",213,66627411,"CB",0,"CB",0,"IFNgLOW","C-section","Preterm",0,"cytof_Memory.CD4.T",0.572988424346213
"538",213,66627214,"1-6d",1,"1-6d",3,"IFNgLOW","C-section","Preterm",0,"cytof_Memory.CD4.T",1.41611346819062
"539",213,66627246,"56-120dd",3,"56-120dd",86,"IFNgLOW","C-section","Preterm",0,"cytof_Memory.CD4.T",4.274921687857
"540",214,66627410,"CB",0,"CB",0,"IFNgLOW","C-section","Preterm",1,"cytof_Memory.CD4.T",1.83032303950407
"541",214,66627213,"1-6d",1,"1-6d",3,"IFNgLOW","C-section","Preterm",1,"cytof_Memory.CD4.T",2.66368082974836
"542",214,66627247,"56-120dd",3,"56-120dd",86,"IFNgLOW","C-section","Preterm",1,"cytof_Memory.CD4.T",5.08065034380824
"543",215,66627218,"1-6d",1,"1-6d",3,"IFNgLOW","C-section","Preterm",0,"cytof_Memory.CD4.T",0.772994129158513
"544",215,66627501,"CB",0,"CB",0,"IFNgLOW","C-section","Preterm",0,"cytof_Memory.CD4.T",1.96982323008457
"545",215,66627254,"56-120dd",3,"56-120dd",95,"IFNgLOW","C-section","Preterm",0,"cytof_Memory.CD4.T",0.663554646811466
"546",216,66627219,"1-6d",1,"1-6d",3,"IFNgLOW","C-section","Preterm",1,"cytof_Memory.CD4.T",6.89224119666087
"547",216,66627248,"56-120dd",3,"56-120dd",81,"IFNgLOW","C-section","Preterm",1,"cytof_Memory.CD4.T",0.934745442838429
"548",216,66627503,"CB",0,"CB",0,"IFNgLOW","C-section","Preterm",1,"cytof_Memory.CD4.T",34.2459704128947
"549",216,66627221,"CB",0,"CB",0,"IFNgLOW","C-section","Preterm",1,"cytof_Memory.CD4.T",3.80696238493883
"550",217,66627217,"1-6d",1,"1-6d",3,"IFNgLOW","C-section","Preterm",1,"cytof_Memory.CD4.T",16.0675306957708
"551",217,66627249,"56-120dd",3,"56-120dd",81,"IFNgLOW","C-section","Preterm",1,"cytof_Memory.CD4.T",18.8774772168379
"552",217,66627504,"CB",0,"CB",0,"IFNgLOW","C-section","Preterm",1,"cytof_Memory.CD4.T",31.8503937007874
"553",217,66627222,"CB",0,"CB",0,"IFNgLOW","C-section","Preterm",1,"cytof_Memory.CD4.T",18.088068474786
"554",218,66627229,"1-6d",1,"1-6d",4,"IFNgLOW","Vaginal","Preterm",0,"cytof_Memory.CD4.T",0.166351292341603
"555",218,66627256,"56-120dd",3,"56-120dd",104,"IFNgLOW","Vaginal","Preterm",0,"cytof_Memory.CD4.T",5.40093689721686
"556",219,66627230,"1-6d",1,"1-6d",4,"IFNgLOW","C-section","Preterm",0,"cytof_Memory.CD4.T",1.74947515745277
"557",219,66627413,"CB",0,"CB",0,"IFNgLOW","C-section","Preterm",0,"cytof_Memory.CD4.T",2.08484408992023
"558",219,66627255,"56-120dd",3,"56-120dd",81,"IFNgLOW","C-section","Preterm",0,"cytof_Memory.CD4.T",10.8240294127568
"559",220,66627235,"1-6d",1,"1-6d",5,"IFNgLOW","C-section","Preterm",0,"cytof_Memory.CD4.T",13.4719494962471
"560",220,66627414,"CB",0,"CB",0,"IFNgLOW","C-section","Preterm",0,"cytof_Memory.CD4.T",12.1167984463865
"561",220,66627257,"56-120dd",3,"56-120dd",90,"IFNgLOW","C-section","Preterm",0,"cytof_Memory.CD4.T",14.8927243253552
"562",221,66627261,"56-120dd",3,"56-120dd",104,"IFNgLOW","C-section","Preterm",0,"cytof_Memory.CD4.T",22.0080283053295
"563",221,66627415,"CB",0,"CB",0,"IFNgLOW","C-section","Preterm",0,"cytof_Memory.CD4.T",2.81879742188138
"564",221,66627241,"1-6d",1,"1-6d",2,"IFNgLOW","C-section","Preterm",0,"cytof_Memory.CD4.T",2.08997144138404
"565",223,66627418,"1-6d",1,"1-6d",1,"IFNgLOW","C-section","Preterm",0,"cytof_Memory.CD4.T",1.29664381430175
"566",223,66627267,"56-120dd",3,"56-120dd",79,"IFNgLOW","C-section","Preterm",0,"cytof_Memory.CD4.T",7.37869236528754
"567",223,66627251,"1-6d",1,"1-6d",3,"IFNgLOW","C-section","Preterm",0,"cytof_Memory.CD4.T",3.34810895278765
"568",224,66627258,"1-6d",1,"1-6d",5,"IFNgLOW","C-section","Preterm",1,"cytof_Memory.CD4.T",7.1745864749547
"569",225,66627259,"1-6d",1,"1-6d",6,"IFNgLOW","C-section","Preterm",1,"cytof_Memory.CD4.T",8.76974968933073
"570",225,66627500,"CB",0,"CB",0,"IFNgLOW","C-section","Preterm",1,"cytof_Memory.CD4.T",6.38110094002708
"571",226,66627498,"CB",0,"CB",0,"IFNgLOW","C-section","Preterm",1,"cytof_Memory.CD4.T",28.7601609685661
"572",226,66627270,"1-6d",1,"1-6d",2,"IFNgLOW","C-section","Preterm",1,"cytof_Memory.CD4.T",9.69051485337663
"573",230,66627425,"CB",0,"CB",0,"IFNgLOW","C-section","Preterm",0,"cytof_Memory.CD4.T",14.073505508398
"574",230,66600169,"1-6d",1,"1-6d",6,"IFNgLOW","C-section","Preterm",0,"cytof_Memory.CD4.T",5.06022133943841
"575",230,66600236,"56-120dd",3,"56-120dd",76,"IFNgLOW","C-section","Preterm",0,"cytof_Memory.CD4.T",2.60976520249251
"576",267,2600100465,"1-6d",1,"1-6d",2,"IFNgLOW","C-section","Term",0,"cytof_Memory.CD4.T",0.624566273421237
"577",267,2600100353,"56-120dd",3,"56-120dd",118,"IFNgLOW","C-section","Term",0,"cytof_Memory.CD4.T",0.0675447483958123
"578",267,2600100678,"CB",0,"CB",0,"IFNgLOW","C-section","Term",0,"cytof_Memory.CD4.T",0.120264582080577
"579",270,2600100674,"CB",0,"CB",0,"IFNgHIGH","C-section","Term",0,"cytof_Memory.CD4.T",0.388672959466963
"580",270,2600100460,"1-6d",1,"1-6d",2,"IFNgHIGH","C-section","Term",0,"cytof_Memory.CD4.T",0.146573836570172
"581",273,2600100673,"CB",0,"CB",0,"IFNgLOW","C-section","Term",1,"cytof_Memory.CD4.T",9.99138673557278
"582",273,2600100461,"1-6d",1,"1-6d",2,"IFNgLOW","C-section","Term",1,"cytof_Memory.CD4.T",24.2268041237114
"583",276,2600100671,"CB",0,"CB",0,"IFNgHIGH","C-section","Term",1,"cytof_Memory.CD4.T",9.2394094024578
"584",276,2600100458,"1-6d",1,"1-6d",2,"IFNgHIGH","C-section","Term",1,"cytof_Memory.CD4.T",12.328865658043
"585",282,2600100669,"CB",0,"CB",0,"IFNgHIGH","Vaginal","Term",1,"cytof_Memory.CD4.T",9.66153846153846
"586",282,2600100456,"1-6d",1,"1-6d",2,"IFNgHIGH","Vaginal","Term",1,"cytof_Memory.CD4.T",17.3500338228555
"587",285,2600100350,"56-120dd",3,"56-120dd",86,"IFNgHIGH","Vaginal","Term",0,"cytof_Memory.CD4.T",48.4332602796911
"588",285,2600100455,"1-6d",1,"1-6d",2,"IFNgHIGH","Vaginal","Term",0,"cytof_Memory.CD4.T",23.5420297627028
"589",285,2600100668,"CB",0,"CB",0,"IFNgHIGH","Vaginal","Term",0,"cytof_Memory.CD4.T",26.2783925451369
"590",290,2600100447,"1-6d",1,"1-6d",3,"IFNgHIGH","Vaginal","Term",0,"cytof_Memory.CD4.T",25.9284703980602
"591",290,2600100405,"56-120dd",3,"56-120dd",94,"IFNgHIGH","Vaginal","Term",0,"cytof_Memory.CD4.T",21.0853874438241
"592",290,2600100664,"CB",0,"CB",0,"IFNgHIGH","Vaginal","Term",0,"cytof_Memory.CD4.T",22.8473451327434
"593",293,2600100410,"56-120dd",3,"56-120dd",86,"IFNgLOW","Vaginal","Term",1,"cytof_Memory.CD4.T",10.6958223509316
"594",293,2600100421,"1-6d",1,"1-6d",2,"IFNgLOW","Vaginal","Term",1,"cytof_Memory.CD4.T",14.2006132282085
"595",293,2600100662,"CB",0,"CB",0,"IFNgLOW","Vaginal","Term",1,"cytof_Memory.CD4.T",11.4945677698112
"596",297,2600100361,"1-6d",1,"1-6d",2,"IFNgHIGH","Vaginal","Term",1,"cytof_Memory.CD4.T",12.4512099921936
"597",297,2600100519,"CB",0,"CB",0,"IFNgHIGH","Vaginal","Term",1,"cytof_Memory.CD4.T",6.50412233105489
"598",299,2600100363,"1-6d",1,"1-6d",2,"IFNgHIGH","Vaginal","Term",1,"cytof_Memory.CD4.T",29.1078305519897
"599",299,2600100520,"CB",0,"CB",0,"IFNgHIGH","Vaginal","Term",1,"cytof_Memory.CD4.T",19.9477333333333
"600",302,2600100364,"1-6d",1,"1-6d",3,"IFNgHIGH","Vaginal","Term",1,"cytof_Memory.CD4.T",23.1963838166846
"601",302,2600100521,"CB",0,"CB",0,"IFNgHIGH","Vaginal","Term",1,"cytof_Memory.CD4.T",23.4377420736542
"602",305,2600100411,"56-120dd",3,"56-120dd",77,"IFNgHIGH","Vaginal","Term",1,"cytof_Memory.CD4.T",30.6500108490127
"603",305,2600100371,"1-6d",1,"1-6d",3,"IFNgHIGH","Vaginal","Term",1,"cytof_Memory.CD4.T",30.6712557449352
"604",305,2600100522,"CB",0,"CB",0,"IFNgHIGH","Vaginal","Term",1,"cytof_Memory.CD4.T",19.4749136705261
"605",308,2600100374,"1-6d",1,"1-6d",3,"IFNgHIGH","Vaginal","Term",1,"cytof_Memory.CD4.T",22.9972247918594
"606",308,2600100523,"CB",0,"CB",0,"IFNgHIGH","Vaginal","Term",1,"cytof_Memory.CD4.T",19.543188556906
"607",311,2600164329,"56-120dd",3,"56-120dd",119,"IFNgHIGH","Vaginal","Term",0,"cytof_Memory.CD4.T",23.2810381561108
"608",311,2600100369,"1-6d",1,"1-6d",2,"IFNgHIGH","Vaginal","Term",0,"cytof_Memory.CD4.T",14.3759398496241
"609",311,2600100524,"CB",0,"CB",0,"IFNgHIGH","Vaginal","Term",0,"cytof_Memory.CD4.T",7.0276317843576
"610",324,2600100347,"1-6d",1,"1-6d",6,"IFNgLOW","Vaginal","Preterm",1,"cytof_Memory.CD4.T",14.803454875595
"611",324,2600100517,"CB",0,"CB",0,"IFNgLOW","Vaginal","Preterm",1,"cytof_Memory.CD4.T",12.5848105134474
"612",332,2600100376,"1-6d",1,"1-6d",2,"IFNgHIGH","Vaginal","Term",0,"cytof_Memory.CD4.T",24.5249221183801
"613",332,2600100525,"CB",0,"CB",0,"IFNgHIGH","Vaginal","Term",0,"cytof_Memory.CD4.T",16.1222326755666
"614",334,2600100377,"1-6d",1,"1-6d",5,"IFNgLOW","Vaginal","Term",0,"cytof_Memory.CD4.T",19.7922181826739
"615",334,2600100526,"CB",0,"CB",0,"IFNgLOW","Vaginal","Term",0,"cytof_Memory.CD4.T",15.1405694348146
"616",337,2600100688,"CB",0,"CB",0,"IFNgLOW","Vaginal","Term",1,"cytof_Memory.CD4.T",5.10279181590697
"617",337,2600100471,"1-6d",1,"1-6d",5,"IFNgLOW","Vaginal","Term",1,"cytof_Memory.CD4.T",8.26816109740287
"618",337,2600100431,"56-120dd",3,"56-120dd",83,"IFNgLOW","Vaginal","Term",1,"cytof_Memory.CD4.T",10.8968498046713
"619",340,2600100380,"1-6d",1,"1-6d",3,"IFNgHIGH","Vaginal","Term",0,"cytof_Memory.CD4.T",14.0221914008322
"620",340,2600164340,"56-120dd",3,"56-120dd",104,"IFNgHIGH","Vaginal","Term",0,"cytof_Memory.CD4.T",18.4363871803172
"621",340,2600100528,"CB",0,"CB",0,"IFNgHIGH","Vaginal","Term",0,"cytof_Memory.CD4.T",12.2362978283351
"622",343,2600100378,"1-6d",1,"1-6d",6,"IFNgLOW","Vaginal","Preterm",0,"cytof_Memory.CD4.T",11.7474266847931
"623",343,2600100527,"1-6d",1,"1-6d",1,"IFNgLOW","Vaginal","Preterm",0,"cytof_Memory.CD4.T",9.77894276976845
"624",343,2600164342,"56-120dd",3,"56-120dd",112,"IFNgLOW","Vaginal","Preterm",0,"cytof_Memory.CD4.T",9.85921257264468
"625",347,2600100538,"CB",0,"CB",0,"IFNgLOW","C-section","Preterm",1,"cytof_Memory.CD4.T",9.36507936507936
"626",347,2600100413,"1-6d",1,"1-6d",5,"IFNgLOW","C-section","Preterm",1,"cytof_Memory.CD4.T",4.59241619344202
"627",347,2600164338,"56-120dd",3,"56-120dd",74,"IFNgLOW","C-section","Preterm",1,"cytof_Memory.CD4.T",22.3868043549367
"628",350,2600164314,"1-6d",1,"1-6d",5,"IFNgLOW","C-section","Preterm",1,"cytof_Memory.CD4.T",10.1341153132951
"629",350,2600164465,"1-6d",1,"1-6d",2,"IFNgLOW","C-section","Preterm",1,"cytof_Memory.CD4.T",5.0601499023745
"630",356,2600164316,"1-6d",1,"1-6d",2,"IFNgLOW","C-section","Preterm",1,"cytof_Memory.CD4.T",7.94533029612757
"631",356,2600164464,"CB",0,"CB",0,"IFNgLOW","C-section","Preterm",1,"cytof_Memory.CD4.T",3.12212110998764
"632",356,2600164343,"56-120dd",3,"56-120dd",58,"IFNgLOW","C-section","Preterm",1,"cytof_Memory.CD4.T",5.24771634865478
"633",357,2600164461,"CB",0,"CB",0,"IFNgHIGH","Vaginal","Term",1,"cytof_Memory.CD4.T",4.26407881193942
"634",357,2600164353,"56-120dd",3,"56-120dd",92,"IFNgHIGH","Vaginal","Term",1,"cytof_Memory.CD4.T",16.1490151298886
"635",357,2600164322,"1-6d",1,"1-6d",3,"IFNgHIGH","Vaginal","Term",1,"cytof_Memory.CD4.T",8.21519447473646
"636",363,2600164325,"1-6d",1,"1-6d",2,"IFNgLOW","Vaginal","Term",1,"cytof_Memory.CD4.T",10.4936446940585
"637",363,2600164467,"CB",0,"CB",0,"IFNgLOW","Vaginal","Term",1,"cytof_Memory.CD4.T",8.64871140004643
"638",366,2600164367,"56-120dd",3,"56-120dd",92,"IFNgHIGH","Vaginal","Term",1,"cytof_Memory.CD4.T",23.6097419922979
"639",366,2600164320,"1-6d",1,"1-6d",2,"IFNgHIGH","Vaginal","Term",1,"cytof_Memory.CD4.T",5.3222165310265
"640",366,2600100547,"CB",0,"CB",0,"IFNgHIGH","Vaginal","Term",1,"cytof_Memory.CD4.T",13.3051526042346
"641",367,2600100548,"CB",0,"CB",0,"IFNgHIGH","Vaginal","Term",1,"cytof_Memory.CD4.T",12.5087808541046
"642",367,2600164323,"1-6d",1,"1-6d",2,"IFNgHIGH","Vaginal","Term",1,"cytof_Memory.CD4.T",12.2734395098108
"643",376,2600100550,"1-6d",1,"1-6d",2,"IFNgLOW","C-section","Preterm",0,"cytof_Memory.CD4.T",11.7831800738542
"644",376,2600164331,"1-6d",1,"1-6d",5,"IFNgLOW","C-section","Preterm",0,"cytof_Memory.CD4.T",10.5055417741009
"645",379,2600164336,"1-6d",1,"1-6d",4,"IFNgHIGH","C-section","Preterm",0,"cytof_Memory.CD4.T",16.9286707304032
"646",379,2600164469,"CB",0,"CB",0,"IFNgHIGH","C-section","Preterm",0,"cytof_Memory.CD4.T",11.4839511180975
"647",382,2600164335,"1-6d",1,"1-6d",3,"IFNgHIGH","Vaginal","Term",0,"cytof_Memory.CD4.T",5.83675057619205
"648",382,2600164468,"CB",0,"CB",0,"IFNgHIGH","Vaginal","Term",0,"cytof_Memory.CD4.T",6.85575195897222
"649",386,2600164471,"1-6d",1,"1-6d",2,"IFNgHIGH","C-section","Preterm",0,"cytof_Memory.CD4.T",0.834259809878395
"650",437,2600164476,"CB",0,"CB",0,"IFNgLOW","Vaginal","Preterm",1,"cytof_Memory.CD4.T",17.1900876215712
"651",437,2600164346,"1-6d",1,"1-6d",4,"IFNgLOW","Vaginal","Preterm",1,"cytof_Memory.CD4.T",12.3452167633923
"652",437,2600164378,"56-120dd",3,"56-120dd",76,"IFNgLOW","Vaginal","Preterm",1,"cytof_Memory.CD4.T",17.4580404533066
"653",477,2600164470,"CB",0,"CB",0,"IFNgLOW","Vaginal","Term",0,"cytof_Memory.CD4.T",4.6744810055077
"654",477,2600164345,"1-6d",1,"1-6d",4,"IFNgLOW","Vaginal","Term",0,"cytof_Memory.CD4.T",4.84548075464064
"655",480,2600164474,"CB",0,"CB",0,"IFNgHIGH","Vaginal","Term",0,"cytof_Memory.CD4.T",3.4446968031846
"656",480,2600164356,"1-6d",1,"1-6d",1,"IFNgHIGH","Vaginal","Term",0,"cytof_Memory.CD4.T",3.48750466243939
"657",488,2600164478,"1-6d",1,"1-6d",3,"IFNgLOW","Vaginal","Term",0,"cytof_Memory.CD4.T",2.54572511027932
"658",488,2600164372,"1-6d",1,"1-6d",2,"IFNgLOW","Vaginal","Term",0,"cytof_Memory.CD4.T",5.57458699185091
"659",492,2600164373,"1-6d",1,"1-6d",2,"IFNgHIGH","Vaginal","Term",1,"cytof_Memory.CD4.T",3.36691410392364
"660",492,2600100553,"CB",0,"CB",0,"IFNgHIGH","Vaginal","Term",1,"cytof_Memory.CD4.T",4.1670957654967
"661",508,2600164368,"1-6d",1,"1-6d",2,"IFNgLOW","C-section","Preterm",0,"cytof_Memory.CD4.T",3.76283480775357
"662",508,2600164473,"CB",0,"CB",0,"IFNgLOW","C-section","Preterm",0,"cytof_Memory.CD4.T",5.61428889383485
"663",522,2600164496,"CB",0,"CB",0,"IFNgHIGH","Vaginal","Term",0,"cytof_Memory.CD4.T",7.68922925799937
"664",522,2600164397,"1-6d",1,"1-6d",3,"IFNgHIGH","Vaginal","Term",0,"cytof_Memory.CD4.T",20.8378140580702
"665",522,2600164442,"56-120dd",3,"56-120dd",99,"IFNgHIGH","Vaginal","Term",0,"cytof_Memory.CD4.T",26.9630245118405
"666",529,2600164502,"1-6d",1,"1-6d",1,"IFNgLOW","C-section","Preterm",0,"cytof_Memory.CD4.T",11.3695325656547
"667",529,2600164407,"1-6d",1,"1-6d",2,"IFNgLOW","C-section","Preterm",0,"cytof_Memory.CD4.T",1.23900430469774
"668",529,2600164409,"1-6d",1,"1-6d",6,"IFNgLOW","C-section","Preterm",0,"cytof_Memory.CD4.T",4.06896745387661
"669",530,2600164408,"1-6d",1,"1-6d",6,"IFNgLOW","C-section","Preterm",0,"cytof_Memory.CD4.T",2.98039215686275
"670",530,2600164405,"1-6d",1,"1-6d",2,"IFNgLOW","C-section","Preterm",0,"cytof_Memory.CD4.T",5.38780738388461
"671",531,2600164406,"1-6d",1,"1-6d",2,"IFNgHIGH","C-section","Preterm",0,"cytof_Memory.CD4.T",3.98676094478712
"672",531,2600164411,"1-6d",1,"1-6d",6,"IFNgHIGH","C-section","Preterm",0,"cytof_Memory.CD4.T",1.52587263311855
"673",531,2600164499,"1-6d",1,"1-6d",1,"IFNgHIGH","C-section","Preterm",0,"cytof_Memory.CD4.T",11.0982658959538
"674",532,2600164414,"1-6d",1,"1-6d",2,"IFNgHIGH","Vaginal","Term",0,"cytof_Memory.CD4.T",3.59032501889645
"675",532,2600164503,"CB",0,"CB",0,"IFNgHIGH","Vaginal","Term",0,"cytof_Memory.CD4.T",3.01720926767489
"676",533,2600164416,"1-6d",1,"1-6d",3,"IFNgHIGH","Vaginal","Term",0,"cytof_Memory.CD4.T",3.20176805598844
"677",533,2600164504,"CB",0,"CB",0,"IFNgHIGH","Vaginal","Term",0,"cytof_Memory.CD4.T",4.27524126703766
"678",534,2600164505,"CB",0,"CB",0,"IFNgHIGH","Vaginal","Term",1,"cytof_Memory.CD4.T",4.55846444915186
"679",534,2600164415,"1-6d",1,"1-6d",2,"IFNgHIGH","Vaginal","Term",1,"cytof_Memory.CD4.T",7.79763238859798
"680",537,2600164417,"1-6d",1,"1-6d",2,"IFNgHIGH","Vaginal","Term",0,"cytof_Memory.CD4.T",4.82841181165203
"681",537,2600164506,"CB",0,"CB",0,"IFNgHIGH","Vaginal","Term",0,"cytof_Memory.CD4.T",2.48067666513009
"682",542,2600164452,"1-6d",1,"1-6d",6,"IFNgLOW","C-section","Preterm",0,"cytof_Memory.CD4.T",16.411993061865
"683",542,2600164513,"CB",0,"CB",0,"IFNgLOW","C-section","Preterm",0,"cytof_Memory.CD4.T",44.2623745576187
"684",545,2600164514,"CB",0,"CB",0,"IFNgLOW","C-section","Preterm",0,"cytof_Memory.CD4.T",10.1847085722494
"685",15,2600100700,"CB",0,"CB",0,"IFNgHIGH","Vaginal","Term",1,"cytof_Memory.CD8.T",0.0980392156862745
"686",15,2600100490,"1-6d",1,"1-6d",2,"IFNgHIGH","Vaginal","Term",1,"cytof_Memory.CD8.T",0.108741112505228
"687",18,2600100486,"1-6d",1,"1-6d",2,"IFNgHIGH","Vaginal","Term",1,"cytof_Memory.CD8.T",0.505050505050505
"688",18,2600100707,"CB",0,"CB",0,"IFNgHIGH","Vaginal","Term",1,"cytof_Memory.CD8.T",1.26182965299685
"689",28,2600100706,"CB",0,"CB",0,"IFNgHIGH","Vaginal","Term",0,"cytof_Memory.CD8.T",0.721649484536083
"690",28,2600100503,"1-6d",1,"1-6d",5,"IFNgHIGH","Vaginal","Term",0,"cytof_Memory.CD8.T",1.84331797235023
"691",42,2600100429,"56-120dd",3,"56-120dd",108,"IFNgLOW","Vaginal","Term",1,"cytof_Memory.CD8.T",1.38309549945116
"692",42,2600100480,"1-6d",1,"1-6d",3,"IFNgLOW","Vaginal","Term",1,"cytof_Memory.CD8.T",1.49386448515028
"693",42,2600100343,"56-120dd",3,"56-120dd",63,"IFNgLOW","Vaginal","Term",1,"cytof_Memory.CD8.T",1.78461538461538
"694",42,2600100696,"CB",0,"CB",0,"IFNgLOW","Vaginal","Term",1,"cytof_Memory.CD8.T",0.896168108776267
"695",80,2600100695,"CB",0,"CB",0,"IFNgHIGH","C-section","Term",1,"cytof_Memory.CD8.T",0.857818304626815
"696",80,2600100485,"1-6d",1,"1-6d",4,"IFNgHIGH","C-section","Term",1,"cytof_Memory.CD8.T",0.52970502700457
"697",88,66600203,"56-120dd",3,"56-120dd",105,"IFNgLOW","Vaginal","Term",0,"cytof_Memory.CD8.T",0.0827349359975023
"698",93,66600194,"56-120dd",3,"56-120dd",105,"IFNgLOW","Vaginal","Term",0,"cytof_Memory.CD8.T",0.406264057579847
"699",101,66600197,"56-120dd",3,"56-120dd",113,"IFNgLOW","Vaginal","Term",1,"cytof_Memory.CD8.T",0.163454190371062
"700",104,66600202,"56-120dd",3,"56-120dd",71,"IFNgLOW","Vaginal","Term",1,"cytof_Memory.CD8.T",0.48067953600158
"701",107,66600241,"1-6d",1,"1-6d",4,"IFNgLOW","Vaginal","Term",1,"cytof_Memory.CD8.T",1.38176297774842
"702",107,66600231,"CB",0,"CB",0,"IFNgLOW","Vaginal","Term",1,"cytof_Memory.CD8.T",0.855954382815168
"703",107,66627239,"56-120dd",3,"56-120dd",94,"IFNgLOW","Vaginal","Term",1,"cytof_Memory.CD8.T",2.35528060097217
"704",110,66627240,"56-120dd",3,"56-120dd",85,"IFNgLOW","Vaginal","Term",1,"cytof_Memory.CD8.T",1.71556724970643
"705",110,66600235,"CB",0,"CB",0,"IFNgLOW","Vaginal","Term",1,"cytof_Memory.CD8.T",0.749608881526659
"706",110,66600233,"1-6d",1,"1-6d",2,"IFNgLOW","Vaginal","Term",1,"cytof_Memory.CD8.T",0.972174426036085
"707",113,66593911,"1-6d",1,"1-6d",2,"IFNgLOW","Vaginal","Term",0,"cytof_Memory.CD8.T",0.0103184089013474
"708",113,66600237,"CB",0,"CB",0,"IFNgLOW","Vaginal","Term",0,"cytof_Memory.CD8.T",0.0571955860259743
"709",116,66627285,"1-6d",1,"1-6d",3,"IFNgLOW","Vaginal","Term",1,"cytof_Memory.CD8.T",0.0794028902652054
"710",116,66627428,"CB",0,"CB",0,"IFNgLOW","Vaginal","Term",1,"cytof_Memory.CD8.T",0.151285930408472
"711",119,66627306,"1-6d",1,"1-6d",3,"IFNgLOW","Vaginal","Term",1,"cytof_Memory.CD8.T",1.41502478708529
"712",119,66627297,"56-120dd",3,"56-120dd",112,"IFNgLOW","Vaginal","Term",1,"cytof_Memory.CD8.T",1.67898013301379
"713",119,66627429,"CB",0,"CB",0,"IFNgLOW","Vaginal","Term",1,"cytof_Memory.CD8.T",0.0930350573011375
"714",122,66627275,"1-6d",1,"1-6d",3,"IFNgLOW","Vaginal","Term",0,"cytof_Memory.CD8.T",1.41311896294114
"715",122,66627435,"CB",0,"CB",0,"IFNgLOW","Vaginal","Term",0,"cytof_Memory.CD8.T",0.102579884084731
"716",126,2600100694,"CB",0,"CB",0,"IFNgHIGH","C-section","Term",0,"cytof_Memory.CD8.T",2.53030594573793
"717",126,2600100446,"56-120dd",3,"56-120dd",95,"IFNgHIGH","C-section","Term",0,"cytof_Memory.CD8.T",2.36771669754993
"718",126,2600100479,"1-6d",1,"1-6d",2,"IFNgHIGH","C-section","Term",0,"cytof_Memory.CD8.T",1.0850874592351
"719",129,2600100693,"CB",0,"CB",0,"IFNgHIGH","Vaginal","Term",1,"cytof_Memory.CD8.T",2.07423939085628
"720",129,2600100472,"1-6d",1,"1-6d",3,"IFNgHIGH","Vaginal","Term",1,"cytof_Memory.CD8.T",0.576362791876029
"721",141,2600100690,"CB",0,"CB",0,"IFNgLOW","Vaginal","Term",1,"cytof_Memory.CD8.T",2.79921742308602
"722",141,2600100443,"56-120dd",3,"56-120dd",85,"IFNgLOW","Vaginal","Term",1,"cytof_Memory.CD8.T",1.69031761776554
"723",141,2600100475,"1-6d",1,"1-6d",2,"IFNgLOW","Vaginal","Term",1,"cytof_Memory.CD8.T",1.73820565570627
"724",144,2600100686,"CB",0,"CB",0,"IFNgLOW","Vaginal","Term",0,"cytof_Memory.CD8.T",2.2020725388601
"725",144,2600100483,"1-6d",1,"1-6d",2,"IFNgLOW","Vaginal","Term",0,"cytof_Memory.CD8.T",2.24324736761789
"726",144,2600100439,"56-120dd",3,"56-120dd",79,"IFNgLOW","Vaginal","Term",0,"cytof_Memory.CD8.T",1.44124168514413
"727",147,2600100687,"CB",0,"CB",0,"IFNgLOW","C-section","Term",1,"cytof_Memory.CD8.T",5.8868501529052
"728",147,2600100430,"56-120dd",3,"56-120dd",77,"IFNgLOW","C-section","Term",1,"cytof_Memory.CD8.T",2.85333333333333
"729",147,2600100468,"1-6d",1,"1-6d",2,"IFNgLOW","C-section","Term",1,"cytof_Memory.CD8.T",9.34111759799833
"730",150,2600100684,"CB",0,"CB",0,"IFNgHIGH","C-section","Term",1,"cytof_Memory.CD8.T",6.62251655629139
"731",150,2600100469,"1-6d",1,"1-6d",3,"IFNgHIGH","C-section","Term",1,"cytof_Memory.CD8.T",4.84369632428719
"732",153,2600100470,"1-6d",1,"1-6d",2,"IFNgLOW","C-section","Term",0,"cytof_Memory.CD8.T",4.56311614912816
"733",153,2600100426,"56-120dd",3,"56-120dd",78,"IFNgLOW","C-section","Term",0,"cytof_Memory.CD8.T",1.84568835098336
"734",153,2600100685,"CB",0,"CB",0,"IFNgLOW","C-section","Term",0,"cytof_Memory.CD8.T",5.77214011404631
"735",162,2600100425,"56-120dd",3,"56-120dd",69,"IFNgLOW","C-section","Term",0,"cytof_Memory.CD8.T",0.49715909090909
"736",162,2600100683,"CB",0,"CB",0,"IFNgLOW","C-section","Term",0,"cytof_Memory.CD8.T",1.83632734530938
"737",162,2600100341,"1-6d",1,"1-6d",2,"IFNgLOW","C-section","Term",0,"cytof_Memory.CD8.T",0.875821082264623
"738",165,2600100680,"CB",0,"CB",0,"IFNgHIGH","Vaginal","Term",0,"cytof_Memory.CD8.T",1.43815915627996
"739",165,2600100477,"1-6d",1,"1-6d",2,"IFNgHIGH","Vaginal","Term",0,"cytof_Memory.CD8.T",0.757265656979124
"740",168,2600100679,"CB",0,"CB",0,"IFNgHIGH","Vaginal","Term",0,"cytof_Memory.CD8.T",3.47864967583278
"741",168,2600100467,"1-6d",1,"1-6d",2,"IFNgHIGH","Vaginal","Term",0,"cytof_Memory.CD8.T",2.02386284969663
"742",174,2600100626,"CB",0,"CB",0,"IFNgHIGH","C-section","Term",1,"cytof_Memory.CD8.T",2.98289455159792
"743",174,2600100463,"1-6d",1,"1-6d",2,"IFNgHIGH","C-section","Term",1,"cytof_Memory.CD8.T",2.87101826499454
"744",177,2600100462,"1-6d",1,"1-6d",2,"IFNgHIGH","C-section","Term",1,"cytof_Memory.CD8.T",4.53075717601317
"745",177,2600100675,"CB",0,"CB",0,"IFNgHIGH","C-section","Term",1,"cytof_Memory.CD8.T",5.35159927096477
"746",180,2600100466,"1-6d",1,"1-6d",2,"IFNgLOW","C-section","Term",0,"cytof_Memory.CD8.T",3.5021915037087
"747",180,2600100356,"56-120dd",3,"56-120dd",118,"IFNgLOW","C-section","Term",0,"cytof_Memory.CD8.T",5.65904267861354
"748",180,2600100677,"CB",0,"CB",0,"IFNgLOW","C-section","Term",0,"cytof_Memory.CD8.T",4.00907470426187
"749",189,2600100453,"1-6d",1,"1-6d",6,"IFNgLOW","C-section","Preterm",1,"cytof_Memory.CD8.T",4.83988274965288
"750",189,2600100666,"CB",0,"CB",0,"IFNgLOW","C-section","Preterm",1,"cytof_Memory.CD8.T",5.32996088417817
"751",203,66600227,"56-120dd",3,"56-120dd",84,"IFNgLOW","C-section","Preterm",0,"cytof_Memory.CD8.T",0.37885662431942
"752",204,66600193,"1-6d",1,"1-6d",2,"IFNgLOW","C-section","Preterm",1,"cytof_Memory.CD8.T",NA
"753",204,66600238,"56-120dd",3,"56-120dd",89,"IFNgLOW","C-section","Preterm",1,"cytof_Memory.CD8.T",NA
"754",205,66600239,"56-120dd",3,"56-120dd",89,"IFNgLOW","C-section","Preterm",0,"cytof_Memory.CD8.T",NA
"755",205,66600192,"1-6d",1,"1-6d",2,"IFNgLOW","C-section","Preterm",0,"cytof_Memory.CD8.T",NA
"756",206,66600240,"56-120dd",3,"56-120dd",83,"IFNgLOW","Vaginal","Preterm",1,"cytof_Memory.CD8.T",0.775008625952172
"757",210,66600164,"1-6d",1,"1-6d",6,"IFNgLOW","C-section","Preterm",1,"cytof_Memory.CD8.T",NA
"758",210,66627234,"56-120dd",3,"56-120dd",67,"IFNgLOW","C-section","Preterm",1,"cytof_Memory.CD8.T",NA
"759",210,66600210,"CB",0,"CB",0,"IFNgLOW","C-section","Preterm",1,"cytof_Memory.CD8.T",NA
"760",211,66627244,"56-120dd",3,"56-120dd",86,"IFNgLOW","C-section","Preterm",0,"cytof_Memory.CD8.T",NA
"761",211,66600168,"CB",0,"CB",0,"IFNgLOW","C-section","Preterm",0,"cytof_Memory.CD8.T",NA
"762",211,66600224,"1-6d",1,"1-6d",3,"IFNgLOW","C-section","Preterm",0,"cytof_Memory.CD8.T",NA
"763",212,66627412,"CB",0,"CB",0,"IFNgLOW","C-section","Preterm",0,"cytof_Memory.CD8.T",NA
"764",212,66627215,"1-6d",1,"1-6d",3,"IFNgLOW","C-section","Preterm",0,"cytof_Memory.CD8.T",NA
"765",213,66627411,"CB",0,"CB",0,"IFNgLOW","C-section","Preterm",0,"cytof_Memory.CD8.T",NA
"766",213,66627214,"1-6d",1,"1-6d",3,"IFNgLOW","C-section","Preterm",0,"cytof_Memory.CD8.T",NA
"767",213,66627246,"56-120dd",3,"56-120dd",86,"IFNgLOW","C-section","Preterm",0,"cytof_Memory.CD8.T",NA
"768",214,66627410,"CB",0,"CB",0,"IFNgLOW","C-section","Preterm",1,"cytof_Memory.CD8.T",NA
"769",214,66627213,"1-6d",1,"1-6d",3,"IFNgLOW","C-section","Preterm",1,"cytof_Memory.CD8.T",NA
"770",214,66627247,"56-120dd",3,"56-120dd",86,"IFNgLOW","C-section","Preterm",1,"cytof_Memory.CD8.T",NA
"771",215,66627218,"1-6d",1,"1-6d",3,"IFNgLOW","C-section","Preterm",0,"cytof_Memory.CD8.T",0.413754542913056
"772",215,66627501,"CB",0,"CB",0,"IFNgLOW","C-section","Preterm",0,"cytof_Memory.CD8.T",0.613464300278364
"773",215,66627254,"56-120dd",3,"56-120dd",95,"IFNgLOW","C-section","Preterm",0,"cytof_Memory.CD8.T",0.329205406170029
"774",216,66627219,"1-6d",1,"1-6d",3,"IFNgLOW","C-section","Preterm",1,"cytof_Memory.CD8.T",1.48735115894741
"775",216,66627248,"56-120dd",3,"56-120dd",81,"IFNgLOW","C-section","Preterm",1,"cytof_Memory.CD8.T",1.23004507204867
"776",216,66627503,"CB",0,"CB",0,"IFNgLOW","C-section","Preterm",1,"cytof_Memory.CD8.T",2.86548416378402
"777",216,66627221,"CB",0,"CB",0,"IFNgLOW","C-section","Preterm",1,"cytof_Memory.CD8.T",1.86370695859691
"778",217,66627217,"1-6d",1,"1-6d",3,"IFNgLOW","C-section","Preterm",1,"cytof_Memory.CD8.T",2.57673942701228
"779",217,66627249,"56-120dd",3,"56-120dd",81,"IFNgLOW","C-section","Preterm",1,"cytof_Memory.CD8.T",2.67611745985824
"780",217,66627504,"CB",0,"CB",0,"IFNgLOW","C-section","Preterm",1,"cytof_Memory.CD8.T",4.29133858267716
"781",217,66627222,"CB",0,"CB",0,"IFNgLOW","C-section","Preterm",1,"cytof_Memory.CD8.T",3.92217524320237
"782",218,66627229,"1-6d",1,"1-6d",4,"IFNgLOW","Vaginal","Preterm",0,"cytof_Memory.CD8.T",0.0374290407768606
"783",218,66627256,"56-120dd",3,"56-120dd",104,"IFNgLOW","Vaginal","Preterm",0,"cytof_Memory.CD8.T",3.7806558280518
"784",219,66627230,"1-6d",1,"1-6d",4,"IFNgLOW","C-section","Preterm",0,"cytof_Memory.CD8.T",0.489853044086774
"785",219,66627413,"CB",0,"CB",0,"IFNgLOW","C-section","Preterm",0,"cytof_Memory.CD8.T",0.253807106598985
"786",219,66627255,"56-120dd",3,"56-120dd",81,"IFNgLOW","C-section","Preterm",0,"cytof_Memory.CD8.T",14.1397105946639
"787",220,66627235,"1-6d",1,"1-6d",5,"IFNgLOW","C-section","Preterm",0,"cytof_Memory.CD8.T",NA
"788",220,66627414,"CB",0,"CB",0,"IFNgLOW","C-section","Preterm",0,"cytof_Memory.CD8.T",NA
"789",220,66627257,"56-120dd",3,"56-120dd",90,"IFNgLOW","C-section","Preterm",0,"cytof_Memory.CD8.T",NA
"790",221,66627261,"56-120dd",3,"56-120dd",104,"IFNgLOW","C-section","Preterm",0,"cytof_Memory.CD8.T",NA
"791",221,66627415,"CB",0,"CB",0,"IFNgLOW","C-section","Preterm",0,"cytof_Memory.CD8.T",NA
"792",221,66627241,"1-6d",1,"1-6d",2,"IFNgLOW","C-section","Preterm",0,"cytof_Memory.CD8.T",NA
"793",223,66627418,"1-6d",1,"1-6d",1,"IFNgLOW","C-section","Preterm",0,"cytof_Memory.CD8.T",NA
"794",223,66627267,"56-120dd",3,"56-120dd",79,"IFNgLOW","C-section","Preterm",0,"cytof_Memory.CD8.T",NA
"795",223,66627251,"1-6d",1,"1-6d",3,"IFNgLOW","C-section","Preterm",0,"cytof_Memory.CD8.T",NA
"796",224,66627258,"1-6d",1,"1-6d",5,"IFNgLOW","C-section","Preterm",1,"cytof_Memory.CD8.T",1.86217780115729
"797",225,66627259,"1-6d",1,"1-6d",6,"IFNgLOW","C-section","Preterm",1,"cytof_Memory.CD8.T",2.25634652938043
"798",225,66627500,"CB",0,"CB",0,"IFNgLOW","C-section","Preterm",1,"cytof_Memory.CD8.T",2.99864537580558
"799",226,66627498,"CB",0,"CB",0,"IFNgLOW","C-section","Preterm",1,"cytof_Memory.CD8.T",3.25610117237089
"800",226,66627270,"1-6d",1,"1-6d",2,"IFNgLOW","C-section","Preterm",1,"cytof_Memory.CD8.T",1.67120387174834
"801",230,66627425,"CB",0,"CB",0,"IFNgLOW","C-section","Preterm",0,"cytof_Memory.CD8.T",6.03485642044428
"802",230,66600169,"1-6d",1,"1-6d",6,"IFNgLOW","C-section","Preterm",0,"cytof_Memory.CD8.T",2.67218054638084
"803",230,66600236,"56-120dd",3,"56-120dd",76,"IFNgLOW","C-section","Preterm",0,"cytof_Memory.CD8.T",1.65928038823428
"804",267,2600100465,"1-6d",1,"1-6d",2,"IFNgLOW","C-section","Term",0,"cytof_Memory.CD8.T",0.138792505204719
"805",267,2600100353,"56-120dd",3,"56-120dd",118,"IFNgLOW","C-section","Term",0,"cytof_Memory.CD8.T",0.0675447483958123
"806",267,2600100678,"CB",0,"CB",0,"IFNgLOW","C-section","Term",0,"cytof_Memory.CD8.T",0.240529164161155
"807",270,2600100674,"CB",0,"CB",0,"IFNgHIGH","C-section","Term",0,"cytof_Memory.CD8.T",0.111049416990561
"808",270,2600100460,"1-6d",1,"1-6d",2,"IFNgHIGH","C-section","Term",0,"cytof_Memory.CD8.T",NA
"809",273,2600100673,"CB",0,"CB",0,"IFNgLOW","C-section","Term",1,"cytof_Memory.CD8.T",2.4978466838932
"810",273,2600100461,"1-6d",1,"1-6d",2,"IFNgLOW","C-section","Term",1,"cytof_Memory.CD8.T",5.84192439862543
"811",276,2600100671,"CB",0,"CB",0,"IFNgHIGH","C-section","Term",1,"cytof_Memory.CD8.T",0.795615809656088
"812",276,2600100458,"1-6d",1,"1-6d",2,"IFNgHIGH","C-section","Term",1,"cytof_Memory.CD8.T",0.879948210132591
"813",282,2600100669,"CB",0,"CB",0,"IFNgHIGH","Vaginal","Term",1,"cytof_Memory.CD8.T",1.92039072039072
"814",282,2600100456,"1-6d",1,"1-6d",2,"IFNgHIGH","Vaginal","Term",1,"cytof_Memory.CD8.T",2.98732188447859
"815",285,2600100350,"56-120dd",3,"56-120dd",86,"IFNgHIGH","Vaginal","Term",0,"cytof_Memory.CD8.T",5.9316948445001
"816",285,2600100455,"1-6d",1,"1-6d",2,"IFNgHIGH","Vaginal","Term",0,"cytof_Memory.CD8.T",3.40193055369352
"817",285,2600100668,"CB",0,"CB",0,"IFNgHIGH","Vaginal","Term",0,"cytof_Memory.CD8.T",5.96156086196855
"818",290,2600100447,"1-6d",1,"1-6d",3,"IFNgHIGH","Vaginal","Term",0,"cytof_Memory.CD8.T",3.05920387957163
"819",290,2600100405,"56-120dd",3,"56-120dd",94,"IFNgHIGH","Vaginal","Term",0,"cytof_Memory.CD8.T",0.701348222797222
"820",290,2600100664,"CB",0,"CB",0,"IFNgHIGH","Vaginal","Term",0,"cytof_Memory.CD8.T",3.23008849557522
"821",293,2600100410,"56-120dd",3,"56-120dd",86,"IFNgLOW","Vaginal","Term",1,"cytof_Memory.CD8.T",3.92199006776096
"822",293,2600100421,"1-6d",1,"1-6d",2,"IFNgLOW","Vaginal","Term",1,"cytof_Memory.CD8.T",1.05270842458753
"823",293,2600100662,"CB",0,"CB",0,"IFNgLOW","Vaginal","Term",1,"cytof_Memory.CD8.T",1.60618679357525
"824",297,2600100361,"1-6d",1,"1-6d",2,"IFNgHIGH","Vaginal","Term",1,"cytof_Memory.CD8.T",3.00546448087431
"825",297,2600100519,"CB",0,"CB",0,"IFNgHIGH","Vaginal","Term",1,"cytof_Memory.CD8.T",1.99069832992742
"826",299,2600100363,"1-6d",1,"1-6d",2,"IFNgHIGH","Vaginal","Term",1,"cytof_Memory.CD8.T",0.738125802310654
"827",299,2600100520,"CB",0,"CB",0,"IFNgHIGH","Vaginal","Term",1,"cytof_Memory.CD8.T",1.61386666666667
"828",302,2600100364,"1-6d",1,"1-6d",3,"IFNgHIGH","Vaginal","Term",1,"cytof_Memory.CD8.T",2.20193340494093
"829",302,2600100521,"CB",0,"CB",0,"IFNgHIGH","Vaginal","Term",1,"cytof_Memory.CD8.T",3.64078775893337
"830",305,2600100411,"56-120dd",3,"56-120dd",77,"IFNgHIGH","Vaginal","Term",1,"cytof_Memory.CD8.T",1.95282229317132
"831",305,2600100371,"1-6d",1,"1-6d",3,"IFNgHIGH","Vaginal","Term",1,"cytof_Memory.CD8.T",3.61080769151501
"832",305,2600100522,"CB",0,"CB",0,"IFNgHIGH","Vaginal","Term",1,"cytof_Memory.CD8.T",1.49553118017469
"833",308,2600100374,"1-6d",1,"1-6d",3,"IFNgHIGH","Vaginal","Term",1,"cytof_Memory.CD8.T",2.53469010175764
"834",308,2600100523,"CB",0,"CB",0,"IFNgHIGH","Vaginal","Term",1,"cytof_Memory.CD8.T",3.65579485842755
"835",311,2600164329,"56-120dd",3,"56-120dd",119,"IFNgHIGH","Vaginal","Term",0,"cytof_Memory.CD8.T",1.68506682161533
"836",311,2600100369,"1-6d",1,"1-6d",2,"IFNgHIGH","Vaginal","Term",0,"cytof_Memory.CD8.T",0.87218045112782
"837",311,2600100524,"CB",0,"CB",0,"IFNgHIGH","Vaginal","Term",0,"cytof_Memory.CD8.T",1.50127491283759
"838",324,2600100347,"1-6d",1,"1-6d",6,"IFNgLOW","Vaginal","Preterm",1,"cytof_Memory.CD8.T",2.82917014280807
"839",324,2600100517,"CB",0,"CB",0,"IFNgLOW","Vaginal","Preterm",1,"cytof_Memory.CD8.T",4.54080073349634
"840",332,2600100376,"1-6d",1,"1-6d",2,"IFNgHIGH","Vaginal","Term",0,"cytof_Memory.CD8.T",1.14485981308411
"841",332,2600100525,"CB",0,"CB",0,"IFNgHIGH","Vaginal","Term",0,"cytof_Memory.CD8.T",1.38976551428469
"842",334,2600100377,"1-6d",1,"1-6d",5,"IFNgLOW","Vaginal","Term",0,"cytof_Memory.CD8.T",3.03083783370395
"843",334,2600100526,"CB",0,"CB",0,"IFNgLOW","Vaginal","Term",0,"cytof_Memory.CD8.T",3.8077877927132
"844",337,2600100688,"CB",0,"CB",0,"IFNgLOW","Vaginal","Term",1,"cytof_Memory.CD8.T",0.353270202639713
"845",337,2600100471,"1-6d",1,"1-6d",5,"IFNgLOW","Vaginal","Term",1,"cytof_Memory.CD8.T",0.907532098197482
"846",337,2600100431,"56-120dd",3,"56-120dd",83,"IFNgLOW","Vaginal","Term",1,"cytof_Memory.CD8.T",2.09458897847227
"847",340,2600100380,"1-6d",1,"1-6d",3,"IFNgHIGH","Vaginal","Term",0,"cytof_Memory.CD8.T",3.34257975034674
"848",340,2600164340,"56-120dd",3,"56-120dd",104,"IFNgHIGH","Vaginal","Term",0,"cytof_Memory.CD8.T",1.82907089673033
"849",340,2600100528,"CB",0,"CB",0,"IFNgHIGH","Vaginal","Term",0,"cytof_Memory.CD8.T",4.06670113753878
"850",343,2600100378,"1-6d",1,"1-6d",6,"IFNgLOW","Vaginal","Preterm",0,"cytof_Memory.CD8.T",1.82559720334046
"851",343,2600100527,"1-6d",1,"1-6d",1,"IFNgLOW","Vaginal","Preterm",0,"cytof_Memory.CD8.T",1.46614242027086
"852",343,2600164342,"56-120dd",3,"56-120dd",112,"IFNgLOW","Vaginal","Preterm",0,"cytof_Memory.CD8.T",1.28645875965185
"853",347,2600100538,"CB",0,"CB",0,"IFNgLOW","C-section","Preterm",1,"cytof_Memory.CD8.T",1.57232704402516
"854",347,2600100413,"1-6d",1,"1-6d",5,"IFNgLOW","C-section","Preterm",1,"cytof_Memory.CD8.T",1.07895218904561
"855",347,2600164338,"56-120dd",3,"56-120dd",74,"IFNgLOW","C-section","Preterm",1,"cytof_Memory.CD8.T",5.82683052193823
"856",350,2600164314,"1-6d",1,"1-6d",5,"IFNgLOW","C-section","Preterm",1,"cytof_Memory.CD8.T",2.15188235801458
"857",350,2600164465,"1-6d",1,"1-6d",2,"IFNgLOW","C-section","Preterm",1,"cytof_Memory.CD8.T",2.38962020532846
"858",356,2600164316,"1-6d",1,"1-6d",2,"IFNgLOW","C-section","Preterm",1,"cytof_Memory.CD8.T",1.70842824601367
"859",356,2600164464,"CB",0,"CB",0,"IFNgLOW","C-section","Preterm",1,"cytof_Memory.CD8.T",1.19200089877542
"860",356,2600164343,"56-120dd",3,"56-120dd",58,"IFNgLOW","C-section","Preterm",1,"cytof_Memory.CD8.T",1.8997482261387
"861",357,2600164461,"CB",0,"CB",0,"IFNgHIGH","Vaginal","Term",1,"cytof_Memory.CD8.T",0.300375995126767
"862",357,2600164353,"56-120dd",3,"56-120dd",92,"IFNgHIGH","Vaginal","Term",1,"cytof_Memory.CD8.T",1.75849272052527
"863",357,2600164322,"1-6d",1,"1-6d",3,"IFNgHIGH","Vaginal","Term",1,"cytof_Memory.CD8.T",0.596146855688841
"864",363,2600164325,"1-6d",1,"1-6d",2,"IFNgLOW","Vaginal","Term",1,"cytof_Memory.CD8.T",0.768548625480343
"865",363,2600164467,"CB",0,"CB",0,"IFNgLOW","Vaginal","Term",1,"cytof_Memory.CD8.T",1.3814720222893
"866",366,2600164367,"56-120dd",3,"56-120dd",92,"IFNgHIGH","Vaginal","Term",1,"cytof_Memory.CD8.T",2.0556497509299
"867",366,2600164320,"1-6d",1,"1-6d",2,"IFNgHIGH","Vaginal","Term",1,"cytof_Memory.CD8.T",0.547303321761235
"868",366,2600100547,"CB",0,"CB",0,"IFNgHIGH","Vaginal","Term",1,"cytof_Memory.CD8.T",1.69456807135807
"869",367,2600100548,"CB",0,"CB",0,"IFNgHIGH","Vaginal","Term",1,"cytof_Memory.CD8.T",1.52120727660296
"870",367,2600164323,"1-6d",1,"1-6d",2,"IFNgHIGH","Vaginal","Term",1,"cytof_Memory.CD8.T",1.43595500362497
"871",376,2600100550,"1-6d",1,"1-6d",2,"IFNgLOW","C-section","Preterm",0,"cytof_Memory.CD8.T",3.34696980667584
"872",376,2600164331,"1-6d",1,"1-6d",5,"IFNgLOW","C-section","Preterm",0,"cytof_Memory.CD8.T",1.91487541700781
"873",379,2600164336,"1-6d",1,"1-6d",4,"IFNgHIGH","C-section","Preterm",0,"cytof_Memory.CD8.T",3.4461554913913
"874",379,2600164469,"CB",0,"CB",0,"IFNgHIGH","C-section","Preterm",0,"cytof_Memory.CD8.T",4.72212362456265
"875",382,2600164335,"1-6d",1,"1-6d",3,"IFNgHIGH","Vaginal","Term",0,"cytof_Memory.CD8.T",1.20925499117005
"876",382,2600164468,"CB",0,"CB",0,"IFNgHIGH","Vaginal","Term",0,"cytof_Memory.CD8.T",1.64267305339339
"877",386,2600164471,"1-6d",1,"1-6d",2,"IFNgHIGH","C-section","Preterm",0,"cytof_Memory.CD8.T",0.91010161077643
"878",437,2600164476,"CB",0,"CB",0,"IFNgLOW","Vaginal","Preterm",1,"cytof_Memory.CD8.T",5.39580259552558
"879",437,2600164346,"1-6d",1,"1-6d",4,"IFNgLOW","Vaginal","Preterm",1,"cytof_Memory.CD8.T",4.18549918429569
"880",437,2600164378,"56-120dd",3,"56-120dd",76,"IFNgLOW","Vaginal","Preterm",1,"cytof_Memory.CD8.T",4.64065413857409
"881",477,2600164470,"CB",0,"CB",0,"IFNgLOW","Vaginal","Term",0,"cytof_Memory.CD8.T",2.66911453184578
"882",477,2600164345,"1-6d",1,"1-6d",4,"IFNgLOW","Vaginal","Term",0,"cytof_Memory.CD8.T",1.59324262809165
"883",480,2600164474,"CB",0,"CB",0,"IFNgHIGH","Vaginal","Term",0,"cytof_Memory.CD8.T",1.35418956211689
"884",480,2600164356,"1-6d",1,"1-6d",1,"IFNgHIGH","Vaginal","Term",0,"cytof_Memory.CD8.T",1.06303618052966
"885",488,2600164478,"1-6d",1,"1-6d",3,"IFNgLOW","Vaginal","Term",0,"cytof_Memory.CD8.T",1.69841547023408
"886",488,2600164372,"1-6d",1,"1-6d",2,"IFNgLOW","Vaginal","Term",0,"cytof_Memory.CD8.T",1.85546760823562
"887",492,2600164373,"1-6d",1,"1-6d",2,"IFNgHIGH","Vaginal","Term",1,"cytof_Memory.CD8.T",1.44338399905738
"888",492,2600100553,"CB",0,"CB",0,"IFNgHIGH","Vaginal","Term",1,"cytof_Memory.CD8.T",1.391216424967
"889",508,2600164368,"1-6d",1,"1-6d",2,"IFNgLOW","C-section","Preterm",0,"cytof_Memory.CD8.T",0.680643026931654
"890",508,2600164473,"CB",0,"CB",0,"IFNgLOW","C-section","Preterm",0,"cytof_Memory.CD8.T",0.655782010110966
"891",522,2600164496,"CB",0,"CB",0,"IFNgHIGH","Vaginal","Term",0,"cytof_Memory.CD8.T",0.996853000563913
"892",522,2600164397,"1-6d",1,"1-6d",3,"IFNgHIGH","Vaginal","Term",0,"cytof_Memory.CD8.T",2.60044970182814
"893",522,2600164442,"56-120dd",3,"56-120dd",99,"IFNgHIGH","Vaginal","Term",0,"cytof_Memory.CD8.T",1.69413285325209
"894",529,2600164502,"1-6d",1,"1-6d",1,"IFNgLOW","C-section","Preterm",0,"cytof_Memory.CD8.T",3.85053024441309
"895",529,2600164407,"1-6d",1,"1-6d",2,"IFNgLOW","C-section","Preterm",0,"cytof_Memory.CD8.T",1.05558674901741
"896",529,2600164409,"1-6d",1,"1-6d",6,"IFNgLOW","C-section","Preterm",0,"cytof_Memory.CD8.T",1.55008283957204
"897",530,2600164408,"1-6d",1,"1-6d",6,"IFNgLOW","C-section","Preterm",0,"cytof_Memory.CD8.T",0.89492207139266
"898",530,2600164405,"1-6d",1,"1-6d",2,"IFNgLOW","C-section","Preterm",0,"cytof_Memory.CD8.T",2.4857566013316
"899",531,2600164406,"1-6d",1,"1-6d",2,"IFNgHIGH","C-section","Preterm",0,"cytof_Memory.CD8.T",1.9858582819317
"900",531,2600164411,"1-6d",1,"1-6d",6,"IFNgHIGH","C-section","Preterm",0,"cytof_Memory.CD8.T",1.17009922125153
"901",531,2600164499,"1-6d",1,"1-6d",1,"IFNgHIGH","C-section","Preterm",0,"cytof_Memory.CD8.T",2.42774566473989
"902",532,2600164414,"1-6d",1,"1-6d",2,"IFNgHIGH","Vaginal","Term",0,"cytof_Memory.CD8.T",1.2912572436382
"903",532,2600164503,"CB",0,"CB",0,"IFNgHIGH","Vaginal","Term",0,"cytof_Memory.CD8.T",1.36829819464103
"904",533,2600164416,"1-6d",1,"1-6d",3,"IFNgHIGH","Vaginal","Term",0,"cytof_Memory.CD8.T",1.12392447983075
"905",533,2600164504,"CB",0,"CB",0,"IFNgHIGH","Vaginal","Term",0,"cytof_Memory.CD8.T",1.29810710447635
"906",534,2600164505,"CB",0,"CB",0,"IFNgHIGH","Vaginal","Term",1,"cytof_Memory.CD8.T",0.930612376902056
"907",534,2600164415,"1-6d",1,"1-6d",2,"IFNgHIGH","Vaginal","Term",1,"cytof_Memory.CD8.T",2.0395688583712
"908",537,2600164417,"1-6d",1,"1-6d",2,"IFNgHIGH","Vaginal","Term",0,"cytof_Memory.CD8.T",1.46315509444001
"909",537,2600164506,"CB",0,"CB",0,"IFNgHIGH","Vaginal","Term",0,"cytof_Memory.CD8.T",0.888712599564757
"910",542,2600164452,"1-6d",1,"1-6d",6,"IFNgLOW","C-section","Preterm",0,"cytof_Memory.CD8.T",1.39175683488891
"911",542,2600164513,"CB",0,"CB",0,"IFNgLOW","C-section","Preterm",0,"cytof_Memory.CD8.T",2.63732001745285
"912",545,2600164514,"CB",0,"CB",0,"IFNgLOW","C-section","Preterm",0,"cytof_Memory.CD8.T",3.8665501514299
"913",15,2600100700,"CB",0,"CB",0,"IFNgHIGH","Vaginal","Term",1,"cytof_Monocytes",0.405525846702317
"914",15,2600100490,"1-6d",1,"1-6d",2,"IFNgHIGH","Vaginal","Term",1,"cytof_Monocytes",0.317858636553743
"915",18,2600100486,"1-6d",1,"1-6d",2,"IFNgHIGH","Vaginal","Term",1,"cytof_Monocytes",20.8754208754209
"916",18,2600100707,"CB",0,"CB",0,"IFNgHIGH","Vaginal","Term",1,"cytof_Monocytes",12.3028391167192
"917",28,2600100706,"CB",0,"CB",0,"IFNgHIGH","Vaginal","Term",0,"cytof_Monocytes",7.83505154639175
"918",28,2600100503,"1-6d",1,"1-6d",5,"IFNgHIGH","Vaginal","Term",0,"cytof_Monocytes",7.83410138248848
"919",42,2600100429,"56-120dd",3,"56-120dd",108,"IFNgLOW","Vaginal","Term",1,"cytof_Monocytes",16.311745334797
"920",42,2600100480,"1-6d",1,"1-6d",3,"IFNgLOW","Vaginal","Term",1,"cytof_Monocytes",25.7988025371984
"921",42,2600100343,"56-120dd",3,"56-120dd",63,"IFNgLOW","Vaginal","Term",1,"cytof_Monocytes",16.7384615384615
"922",42,2600100696,"CB",0,"CB",0,"IFNgLOW","Vaginal","Term",1,"cytof_Monocytes",18.4718788627936
"923",80,2600100695,"CB",0,"CB",0,"IFNgHIGH","C-section","Term",1,"cytof_Monocytes",11.5298885511651
"924",80,2600100485,"1-6d",1,"1-6d",4,"IFNgHIGH","C-section","Term",1,"cytof_Monocytes",29.6530951391774
"925",88,66600203,"56-120dd",3,"56-120dd",105,"IFNgLOW","Vaginal","Term",0,"cytof_Monocytes",4.13518576334686
"926",93,66600194,"56-120dd",3,"56-120dd",105,"IFNgLOW","Vaginal","Term",0,"cytof_Monocytes",4.61369770580297
"927",101,66600197,"56-120dd",3,"56-120dd",113,"IFNgLOW","Vaginal","Term",1,"cytof_Monocytes",3.58643967054428
"928",104,66600202,"56-120dd",3,"56-120dd",71,"IFNgLOW","Vaginal","Term",1,"cytof_Monocytes",4.02212442795843
"929",107,66600241,"1-6d",1,"1-6d",4,"IFNgLOW","Vaginal","Term",1,"cytof_Monocytes",14.2843086265304
"930",107,66600231,"CB",0,"CB",0,"IFNgLOW","Vaginal","Term",1,"cytof_Monocytes",11.4165181073757
"931",107,66627239,"56-120dd",3,"56-120dd",94,"IFNgLOW","Vaginal","Term",1,"cytof_Monocytes",4.93150684931507
"932",110,66627240,"56-120dd",3,"56-120dd",85,"IFNgLOW","Vaginal","Term",1,"cytof_Monocytes",6.83666351748678
"933",110,66600235,"CB",0,"CB",0,"IFNgLOW","Vaginal","Term",1,"cytof_Monocytes",5.64465527194238
"934",110,66600233,"1-6d",1,"1-6d",2,"IFNgLOW","Vaginal","Term",1,"cytof_Monocytes",7.26365468757681
"935",113,66593911,"1-6d",1,"1-6d",2,"IFNgLOW","Vaginal","Term",0,"cytof_Monocytes",9.7652275352474
"936",113,66600237,"CB",0,"CB",0,"IFNgLOW","Vaginal","Term",0,"cytof_Monocytes",25.9431552135683
"937",116,66627285,"1-6d",1,"1-6d",3,"IFNgLOW","Vaginal","Term",1,"cytof_Monocytes",46.8318246784183
"938",116,66627428,"CB",0,"CB",0,"IFNgLOW","Vaginal","Term",1,"cytof_Monocytes",19.9697428139183
"939",119,66627306,"1-6d",1,"1-6d",3,"IFNgLOW","Vaginal","Term",1,"cytof_Monocytes",22.8814033303674
"940",119,66627297,"56-120dd",3,"56-120dd",112,"IFNgLOW","Vaginal","Term",1,"cytof_Monocytes",5.80789101755082
"941",119,66627429,"CB",0,"CB",0,"IFNgLOW","Vaginal","Term",1,"cytof_Monocytes",6.85287774347697
"942",122,66627275,"1-6d",1,"1-6d",3,"IFNgLOW","Vaginal","Term",0,"cytof_Monocytes",12.2482585913004
"943",122,66627435,"CB",0,"CB",0,"IFNgLOW","Vaginal","Term",0,"cytof_Monocytes",12.2595783966764
"944",126,2600100694,"CB",0,"CB",0,"IFNgHIGH","C-section","Term",0,"cytof_Monocytes",15.4271695208774
"945",126,2600100446,"56-120dd",3,"56-120dd",95,"IFNgHIGH","C-section","Term",0,"cytof_Monocytes",9.98558781140623
"946",126,2600100479,"1-6d",1,"1-6d",2,"IFNgHIGH","C-section","Term",0,"cytof_Monocytes",13.3649570115624
"947",129,2600100693,"CB",0,"CB",0,"IFNgHIGH","Vaginal","Term",1,"cytof_Monocytes",15.0562867176474
"948",129,2600100472,"1-6d",1,"1-6d",3,"IFNgHIGH","Vaginal","Term",1,"cytof_Monocytes",20.491491787358
"949",141,2600100690,"CB",0,"CB",0,"IFNgLOW","Vaginal","Term",1,"cytof_Monocytes",8.53094833702406
"950",141,2600100443,"56-120dd",3,"56-120dd",85,"IFNgLOW","Vaginal","Term",1,"cytof_Monocytes",17.4396242838924
"951",141,2600100475,"1-6d",1,"1-6d",2,"IFNgLOW","Vaginal","Term",1,"cytof_Monocytes",26.8314794797588
"952",144,2600100686,"CB",0,"CB",0,"IFNgLOW","Vaginal","Term",0,"cytof_Monocytes",15.5440414507772
"953",144,2600100483,"1-6d",1,"1-6d",2,"IFNgLOW","Vaginal","Term",0,"cytof_Monocytes",10.010682130322
"954",144,2600100439,"56-120dd",3,"56-120dd",79,"IFNgLOW","Vaginal","Term",0,"cytof_Monocytes",7.98226164079823
"955",147,2600100687,"CB",0,"CB",0,"IFNgLOW","C-section","Term",1,"cytof_Monocytes",15.1758409785933
"956",147,2600100430,"56-120dd",3,"56-120dd",77,"IFNgLOW","C-section","Term",1,"cytof_Monocytes",13.4666666666667
"957",147,2600100468,"1-6d",1,"1-6d",2,"IFNgLOW","C-section","Term",1,"cytof_Monocytes",7.9649708090075
"958",150,2600100684,"CB",0,"CB",0,"IFNgHIGH","C-section","Term",1,"cytof_Monocytes",9.85099337748345
"959",150,2600100469,"1-6d",1,"1-6d",3,"IFNgHIGH","C-section","Term",1,"cytof_Monocytes",12.2638268636207
"960",153,2600100470,"1-6d",1,"1-6d",2,"IFNgLOW","C-section","Term",0,"cytof_Monocytes",14.0361581195209
"961",153,2600100426,"56-120dd",3,"56-120dd",78,"IFNgLOW","C-section","Term",0,"cytof_Monocytes",12.1468848851602
"962",153,2600100685,"CB",0,"CB",0,"IFNgLOW","C-section","Term",0,"cytof_Monocytes",9.07327669808759
"963",162,2600100425,"56-120dd",3,"56-120dd",69,"IFNgLOW","C-section","Term",0,"cytof_Monocytes",7.62310606060606
"964",162,2600100683,"CB",0,"CB",0,"IFNgLOW","C-section","Term",0,"cytof_Monocytes",4.39121756487025
"965",162,2600100341,"1-6d",1,"1-6d",2,"IFNgLOW","C-section","Term",0,"cytof_Monocytes",8.32030028151392
"966",165,2600100680,"CB",0,"CB",0,"IFNgHIGH","Vaginal","Term",0,"cytof_Monocytes",11.241610738255
"967",165,2600100477,"1-6d",1,"1-6d",2,"IFNgHIGH","Vaginal","Term",0,"cytof_Monocytes",4.4821940237413
"968",168,2600100679,"CB",0,"CB",0,"IFNgHIGH","Vaginal","Term",0,"cytof_Monocytes",11.4553990610329
"969",168,2600100467,"1-6d",1,"1-6d",2,"IFNgHIGH","Vaginal","Term",0,"cytof_Monocytes",6.80050494767276
"970",174,2600100626,"CB",0,"CB",0,"IFNgHIGH","C-section","Term",1,"cytof_Monocytes",14.8018442911446
"971",174,2600100463,"1-6d",1,"1-6d",2,"IFNgHIGH","C-section","Term",1,"cytof_Monocytes",19.1337367181602
"972",177,2600100462,"1-6d",1,"1-6d",2,"IFNgHIGH","C-section","Term",1,"cytof_Monocytes",8.67667770923013
"973",177,2600100675,"CB",0,"CB",0,"IFNgHIGH","C-section","Term",1,"cytof_Monocytes",7.84313725490196
"974",180,2600100466,"1-6d",1,"1-6d",2,"IFNgLOW","C-section","Term",0,"cytof_Monocytes",6.26685772083614
"975",180,2600100356,"56-120dd",3,"56-120dd",118,"IFNgLOW","C-section","Term",0,"cytof_Monocytes",6.08025551435126
"976",180,2600100677,"CB",0,"CB",0,"IFNgLOW","C-section","Term",0,"cytof_Monocytes",2.78398962890941
"977",189,2600100453,"1-6d",1,"1-6d",6,"IFNgLOW","C-section","Preterm",1,"cytof_Monocytes",22.5244087893681
"978",189,2600100666,"CB",0,"CB",0,"IFNgLOW","C-section","Preterm",1,"cytof_Monocytes",17.753535909701
"979",203,66600227,"56-120dd",3,"56-120dd",84,"IFNgLOW","C-section","Preterm",0,"cytof_Monocytes",8.22822141560799
"980",204,66600193,"1-6d",1,"1-6d",2,"IFNgLOW","C-section","Preterm",1,"cytof_Monocytes",5.14133731920692
"981",204,66600238,"56-120dd",3,"56-120dd",89,"IFNgLOW","C-section","Preterm",1,"cytof_Monocytes",5.63778256189451
"982",205,66600239,"56-120dd",3,"56-120dd",89,"IFNgLOW","C-section","Preterm",0,"cytof_Monocytes",10.3574504737296
"983",205,66600192,"1-6d",1,"1-6d",2,"IFNgLOW","C-section","Preterm",0,"cytof_Monocytes",2.53964687981865
"984",206,66600240,"56-120dd",3,"56-120dd",83,"IFNgLOW","Vaginal","Preterm",1,"cytof_Monocytes",4.79602940786156
"985",210,66600164,"1-6d",1,"1-6d",6,"IFNgLOW","C-section","Preterm",1,"cytof_Monocytes",28.5121910764638
"986",210,66627234,"56-120dd",3,"56-120dd",67,"IFNgLOW","C-section","Preterm",1,"cytof_Monocytes",11.0974587014608
"987",210,66600210,"CB",0,"CB",0,"IFNgLOW","C-section","Preterm",1,"cytof_Monocytes",6.35130664902417
"988",211,66627244,"56-120dd",3,"56-120dd",86,"IFNgLOW","C-section","Preterm",0,"cytof_Monocytes",14.4091977173548
"989",211,66600168,"CB",0,"CB",0,"IFNgLOW","C-section","Preterm",0,"cytof_Monocytes",6.79076180627372
"990",211,66600224,"1-6d",1,"1-6d",3,"IFNgLOW","C-section","Preterm",0,"cytof_Monocytes",14.03663003663
"991",212,66627412,"CB",0,"CB",0,"IFNgLOW","C-section","Preterm",0,"cytof_Monocytes",0.11601530709425
"992",212,66627215,"1-6d",1,"1-6d",3,"IFNgLOW","C-section","Preterm",0,"cytof_Monocytes",5.62265618766457
"993",213,66627411,"CB",0,"CB",0,"IFNgLOW","C-section","Preterm",0,"cytof_Monocytes",0.455815510603504
"994",213,66627214,"1-6d",1,"1-6d",3,"IFNgLOW","C-section","Preterm",0,"cytof_Monocytes",6.27567755152303
"995",213,66627246,"56-120dd",3,"56-120dd",86,"IFNgLOW","C-section","Preterm",0,"cytof_Monocytes",9.71333807154702
"996",214,66627410,"CB",0,"CB",0,"IFNgLOW","C-section","Preterm",1,"cytof_Monocytes",0.472837110469149
"997",214,66627213,"1-6d",1,"1-6d",3,"IFNgLOW","C-section","Preterm",1,"cytof_Monocytes",6.7083112342114
"998",214,66627247,"56-120dd",3,"56-120dd",86,"IFNgLOW","C-section","Preterm",1,"cytof_Monocytes",4.80945954630165
"999",215,66627218,"1-6d",1,"1-6d",3,"IFNgLOW","C-section","Preterm",0,"cytof_Monocytes",20.6206318143696
"1000",215,66627501,"CB",0,"CB",0,"IFNgLOW","C-section","Preterm",0,"cytof_Monocytes",7.24100636513538
"1001",215,66627254,"56-120dd",3,"56-120dd",95,"IFNgLOW","C-section","Preterm",0,"cytof_Monocytes",13.0936306469658
"1002",216,66627219,"1-6d",1,"1-6d",3,"IFNgLOW","C-section","Preterm",1,"cytof_Monocytes",16.8375778634688
"1003",216,66627248,"56-120dd",3,"56-120dd",81,"IFNgLOW","C-section","Preterm",1,"cytof_Monocytes",4.62044006305646
"1004",216,66627503,"CB",0,"CB",0,"IFNgLOW","C-section","Preterm",1,"cytof_Monocytes",4.13630676381836
"1005",216,66627221,"CB",0,"CB",0,"IFNgLOW","C-section","Preterm",1,"cytof_Monocytes",9.73900526535095
"1006",217,66627217,"1-6d",1,"1-6d",3,"IFNgLOW","C-section","Preterm",1,"cytof_Monocytes",14.1575716234652
"1007",217,66627249,"56-120dd",3,"56-120dd",81,"IFNgLOW","C-section","Preterm",1,"cytof_Monocytes",4.15521481267178
"1008",217,66627504,"CB",0,"CB",0,"IFNgLOW","C-section","Preterm",1,"cytof_Monocytes",2.51968503937008
"1009",217,66627222,"CB",0,"CB",0,"IFNgLOW","C-section","Preterm",1,"cytof_Monocytes",16.8351036403011
"1010",218,66627229,"1-6d",1,"1-6d",4,"IFNgLOW","Vaginal","Preterm",0,"cytof_Monocytes",9.68164521428128
"1011",218,66627256,"56-120dd",3,"56-120dd",104,"IFNgLOW","Vaginal","Preterm",0,"cytof_Monocytes",9.14301460457423
"1012",219,66627230,"1-6d",1,"1-6d",4,"IFNgLOW","C-section","Preterm",0,"cytof_Monocytes",21.6375087473758
"1013",219,66627413,"CB",0,"CB",0,"IFNgLOW","C-section","Preterm",0,"cytof_Monocytes",57.1609862219
"1014",219,66627255,"56-120dd",3,"56-120dd",81,"IFNgLOW","C-section","Preterm",0,"cytof_Monocytes",8.79009680574761
"1015",220,66627235,"1-6d",1,"1-6d",5,"IFNgLOW","C-section","Preterm",0,"cytof_Monocytes",9.08590409425408
"1016",220,66627414,"CB",0,"CB",0,"IFNgLOW","C-section","Preterm",0,"cytof_Monocytes",3.49216257455958
"1017",220,66627257,"56-120dd",3,"56-120dd",90,"IFNgLOW","C-section","Preterm",0,"cytof_Monocytes",7.33098121483741
"1018",221,66627261,"56-120dd",3,"56-120dd",104,"IFNgLOW","C-section","Preterm",0,"cytof_Monocytes",7.52851952337885
"1019",221,66627415,"CB",0,"CB",0,"IFNgLOW","C-section","Preterm",0,"cytof_Monocytes",8.5237007424329
"1020",221,66627241,"1-6d",1,"1-6d",2,"IFNgLOW","C-section","Preterm",0,"cytof_Monocytes",10.9891666076613
"1021",223,66627418,"1-6d",1,"1-6d",1,"IFNgLOW","C-section","Preterm",0,"cytof_Monocytes",11.1916863913696
"1022",223,66627267,"56-120dd",3,"56-120dd",79,"IFNgLOW","C-section","Preterm",0,"cytof_Monocytes",3.21111996715213
"1023",223,66627251,"1-6d",1,"1-6d",3,"IFNgLOW","C-section","Preterm",0,"cytof_Monocytes",8.91410800900461
"1024",224,66627258,"1-6d",1,"1-6d",5,"IFNgLOW","C-section","Preterm",1,"cytof_Monocytes",13.8739844526273
"1025",225,66627259,"1-6d",1,"1-6d",6,"IFNgLOW","C-section","Preterm",1,"cytof_Monocytes",29.0289366234688
"1026",225,66627500,"CB",0,"CB",0,"IFNgLOW","C-section","Preterm",1,"cytof_Monocytes",6.76080620664175
"1027",226,66627498,"CB",0,"CB",0,"IFNgLOW","C-section","Preterm",1,"cytof_Monocytes",13.4114454802772
"1028",226,66627270,"1-6d",1,"1-6d",2,"IFNgLOW","C-section","Preterm",1,"cytof_Monocytes",15.9522558665265
"1029",230,66627425,"CB",0,"CB",0,"IFNgLOW","C-section","Preterm",0,"cytof_Monocytes",12.0922882427307
"1030",230,66600169,"1-6d",1,"1-6d",6,"IFNgLOW","C-section","Preterm",0,"cytof_Monocytes",24.4803590657774
"1031",230,66600236,"56-120dd",3,"56-120dd",76,"IFNgLOW","C-section","Preterm",0,"cytof_Monocytes",15.8567285327309
"1032",267,2600100465,"1-6d",1,"1-6d",2,"IFNgLOW","C-section","Term",0,"cytof_Monocytes",1.94309507286607
"1033",267,2600100353,"56-120dd",3,"56-120dd",118,"IFNgLOW","C-section","Term",0,"cytof_Monocytes",1.48598446470787
"1034",267,2600100678,"CB",0,"CB",0,"IFNgLOW","C-section","Term",0,"cytof_Monocytes",1.20264582080577
"1035",270,2600100674,"CB",0,"CB",0,"IFNgHIGH","C-section","Term",0,"cytof_Monocytes",1.16601887840089
"1036",270,2600100460,"1-6d",1,"1-6d",2,"IFNgHIGH","C-section","Term",0,"cytof_Monocytes",1.68559912055698
"1037",273,2600100673,"CB",0,"CB",0,"IFNgLOW","C-section","Term",1,"cytof_Monocytes",10.8527131782946
"1038",273,2600100461,"1-6d",1,"1-6d",2,"IFNgLOW","C-section","Term",1,"cytof_Monocytes",9.45017182130584
"1039",276,2600100671,"CB",0,"CB",0,"IFNgHIGH","C-section","Term",1,"cytof_Monocytes",24.8195899634651
"1040",276,2600100458,"1-6d",1,"1-6d",2,"IFNgHIGH","C-section","Term",1,"cytof_Monocytes",29.654494449373
"1041",282,2600100669,"CB",0,"CB",0,"IFNgHIGH","Vaginal","Term",1,"cytof_Monocytes",14.9606837606838
"1042",282,2600100456,"1-6d",1,"1-6d",2,"IFNgHIGH","Vaginal","Term",1,"cytof_Monocytes",9.45730682785258
"1043",285,2600100350,"56-120dd",3,"56-120dd",86,"IFNgHIGH","Vaginal","Term",0,"cytof_Monocytes",7.50234815278647
"1044",285,2600100455,"1-6d",1,"1-6d",2,"IFNgHIGH","Vaginal","Term",0,"cytof_Monocytes",7.20270813782008
"1045",285,2600100668,"CB",0,"CB",0,"IFNgHIGH","Vaginal","Term",0,"cytof_Monocytes",8.71209473888565
"1046",290,2600100447,"1-6d",1,"1-6d",3,"IFNgHIGH","Vaginal","Term",0,"cytof_Monocytes",16.9165487977369
"1047",290,2600100405,"56-120dd",3,"56-120dd",94,"IFNgHIGH","Vaginal","Term",0,"cytof_Monocytes",5.62440419447092
"1048",290,2600100664,"CB",0,"CB",0,"IFNgHIGH","Vaginal","Term",0,"cytof_Monocytes",21.5929203539823
"1049",293,2600100410,"56-120dd",3,"56-120dd",86,"IFNgLOW","Vaginal","Term",1,"cytof_Monocytes",7.77271236099957
"1050",293,2600100421,"1-6d",1,"1-6d",2,"IFNgLOW","Vaginal","Term",1,"cytof_Monocytes",5.68550153307052
"1051",293,2600100662,"CB",0,"CB",0,"IFNgLOW","Vaginal","Term",1,"cytof_Monocytes",11.5188327749773
"1052",297,2600100361,"1-6d",1,"1-6d",2,"IFNgHIGH","Vaginal","Term",1,"cytof_Monocytes",9.79703356752538
"1053",297,2600100519,"CB",0,"CB",0,"IFNgHIGH","Vaginal","Term",1,"cytof_Monocytes",10.7955746599958
"1054",299,2600100363,"1-6d",1,"1-6d",2,"IFNgHIGH","Vaginal","Term",1,"cytof_Monocytes",5.80872913992297
"1055",299,2600100520,"CB",0,"CB",0,"IFNgHIGH","Vaginal","Term",1,"cytof_Monocytes",7.74613333333334
"1056",302,2600100364,"1-6d",1,"1-6d",3,"IFNgHIGH","Vaginal","Term",1,"cytof_Monocytes",10.8216970998926
"1057",302,2600100521,"CB",0,"CB",0,"IFNgHIGH","Vaginal","Term",1,"cytof_Monocytes",14.7381275688287
"1058",305,2600100411,"56-120dd",3,"56-120dd",77,"IFNgHIGH","Vaginal","Term",1,"cytof_Monocytes",5.26022131985989
"1059",305,2600100371,"1-6d",1,"1-6d",3,"IFNgHIGH","Vaginal","Term",1,"cytof_Monocytes",12.7594237546629
"1060",305,2600100522,"CB",0,"CB",0,"IFNgHIGH","Vaginal","Term",1,"cytof_Monocytes",7.85852122689416
"1061",308,2600100374,"1-6d",1,"1-6d",3,"IFNgHIGH","Vaginal","Term",1,"cytof_Monocytes",9.82423681776134
"1062",308,2600100523,"CB",0,"CB",0,"IFNgHIGH","Vaginal","Term",1,"cytof_Monocytes",14.7404776644619
"1063",311,2600164329,"56-120dd",3,"56-120dd",119,"IFNgHIGH","Vaginal","Term",0,"cytof_Monocytes",5.86868099941894
"1064",311,2600100369,"1-6d",1,"1-6d",2,"IFNgHIGH","Vaginal","Term",0,"cytof_Monocytes",4.78195488721805
"1065",311,2600100524,"CB",0,"CB",0,"IFNgHIGH","Vaginal","Term",0,"cytof_Monocytes",9.32247489202269
"1066",324,2600100347,"1-6d",1,"1-6d",6,"IFNgLOW","Vaginal","Preterm",1,"cytof_Monocytes",25.8673995190656
"1067",324,2600100517,"CB",0,"CB",0,"IFNgLOW","Vaginal","Preterm",1,"cytof_Monocytes",27.2959963325184
"1068",332,2600100376,"1-6d",1,"1-6d",2,"IFNgHIGH","Vaginal","Term",0,"cytof_Monocytes",13.0295950155763
"1069",332,2600100525,"CB",0,"CB",0,"IFNgHIGH","Vaginal","Term",0,"cytof_Monocytes",13.2081313786903
"1070",334,2600100377,"1-6d",1,"1-6d",5,"IFNgLOW","Vaginal","Term",0,"cytof_Monocytes",10.4738037250126
"1071",334,2600100526,"CB",0,"CB",0,"IFNgLOW","Vaginal","Term",0,"cytof_Monocytes",9.52002862830177
"1072",337,2600100688,"CB",0,"CB",0,"IFNgLOW","Vaginal","Term",1,"cytof_Monocytes",30.8718904862372
"1073",337,2600100471,"1-6d",1,"1-6d",5,"IFNgLOW","Vaginal","Term",1,"cytof_Monocytes",35.7143852898945
"1074",337,2600100431,"56-120dd",3,"56-120dd",83,"IFNgLOW","Vaginal","Term",1,"cytof_Monocytes",17.0143795195744
"1075",340,2600100380,"1-6d",1,"1-6d",3,"IFNgHIGH","Vaginal","Term",0,"cytof_Monocytes",7.95423023578363
"1076",340,2600164340,"56-120dd",3,"56-120dd",104,"IFNgHIGH","Vaginal","Term",0,"cytof_Monocytes",6.717384266753
"1077",340,2600100528,"CB",0,"CB",0,"IFNgHIGH","Vaginal","Term",0,"cytof_Monocytes",8.28593588417787
"1078",343,2600100378,"1-6d",1,"1-6d",6,"IFNgLOW","Vaginal","Preterm",0,"cytof_Monocytes",12.195329190134
"1079",343,2600100527,"1-6d",1,"1-6d",1,"IFNgLOW","Vaginal","Preterm",0,"cytof_Monocytes",10.7785058977719
"1080",343,2600164342,"56-120dd",3,"56-120dd",112,"IFNgLOW","Vaginal","Preterm",0,"cytof_Monocytes",5.661509917874
"1081",347,2600100538,"CB",0,"CB",0,"IFNgLOW","C-section","Preterm",1,"cytof_Monocytes",12.1188978736149
"1082",347,2600100413,"1-6d",1,"1-6d",5,"IFNgLOW","C-section","Preterm",1,"cytof_Monocytes",43.7653416376626
"1083",347,2600164338,"56-120dd",3,"56-120dd",74,"IFNgLOW","C-section","Preterm",1,"cytof_Monocytes",9.31264894163823
"1084",350,2600164314,"1-6d",1,"1-6d",5,"IFNgLOW","C-section","Preterm",1,"cytof_Monocytes",7.11544266678166
"1085",350,2600164465,"1-6d",1,"1-6d",2,"IFNgLOW","C-section","Preterm",1,"cytof_Monocytes",5.48592303331864
"1086",356,2600164316,"1-6d",1,"1-6d",2,"IFNgLOW","C-section","Preterm",1,"cytof_Monocytes",11.4897494305239
"1087",356,2600164464,"CB",0,"CB",0,"IFNgLOW","C-section","Preterm",1,"cytof_Monocytes",2.8704639928098
"1088",356,2600164343,"56-120dd",3,"56-120dd",58,"IFNgLOW","C-section","Preterm",1,"cytof_Monocytes",8.98166836596682
"1089",357,2600164461,"CB",0,"CB",0,"IFNgHIGH","Vaginal","Term",1,"cytof_Monocytes",11.7209654042473
"1090",357,2600164353,"56-120dd",3,"56-120dd",92,"IFNgHIGH","Vaginal","Term",1,"cytof_Monocytes",16.1547245218384
"1091",357,2600164322,"1-6d",1,"1-6d",3,"IFNgHIGH","Vaginal","Term",1,"cytof_Monocytes",16.5503453289713
"1092",363,2600164325,"1-6d",1,"1-6d",2,"IFNgLOW","Vaginal","Term",1,"cytof_Monocytes",4.58173219036359
"1093",363,2600164467,"CB",0,"CB",0,"IFNgLOW","Vaginal","Term",1,"cytof_Monocytes",6.05990248432783
"1094",366,2600164367,"56-120dd",3,"56-120dd",92,"IFNgHIGH","Vaginal","Term",1,"cytof_Monocytes",5.82127413482644
"1095",366,2600164320,"1-6d",1,"1-6d",2,"IFNgHIGH","Vaginal","Term",1,"cytof_Monocytes",7.03621497543301
"1096",366,2600100547,"CB",0,"CB",0,"IFNgHIGH","Vaginal","Term",1,"cytof_Monocytes",10.0612651533491
"1097",367,2600100548,"CB",0,"CB",0,"IFNgHIGH","Vaginal","Term",1,"cytof_Monocytes",9.3525179856115
"1098",367,2600164323,"1-6d",1,"1-6d",2,"IFNgHIGH","Vaginal","Term",1,"cytof_Monocytes",10.4492621436423
"1099",376,2600100550,"1-6d",1,"1-6d",2,"IFNgLOW","C-section","Preterm",0,"cytof_Monocytes",3.72981681268554
"1100",376,2600164331,"1-6d",1,"1-6d",5,"IFNgLOW","C-section","Preterm",0,"cytof_Monocytes",16.0632018867694
"1101",379,2600164336,"1-6d",1,"1-6d",4,"IFNgHIGH","C-section","Preterm",0,"cytof_Monocytes",29.0958186290236
"1102",379,2600164469,"CB",0,"CB",0,"IFNgHIGH","C-section","Preterm",0,"cytof_Monocytes",9.39861061812281
"1103",382,2600164335,"1-6d",1,"1-6d",3,"IFNgHIGH","Vaginal","Term",0,"cytof_Monocytes",8.70124816666168
"1104",382,2600164468,"CB",0,"CB",0,"IFNgHIGH","Vaginal","Term",0,"cytof_Monocytes",6.33249160440475
"1105",386,2600164471,"1-6d",1,"1-6d",2,"IFNgHIGH","C-section","Preterm",0,"cytof_Monocytes",7.19807637614086
"1106",437,2600164476,"CB",0,"CB",0,"IFNgLOW","Vaginal","Preterm",1,"cytof_Monocytes",8.81334497606215
"1107",437,2600164346,"1-6d",1,"1-6d",4,"IFNgLOW","Vaginal","Preterm",1,"cytof_Monocytes",22.2807627503945
"1108",437,2600164378,"56-120dd",3,"56-120dd",76,"IFNgLOW","Vaginal","Preterm",1,"cytof_Monocytes",8.06914359489312
"1109",477,2600164470,"CB",0,"CB",0,"IFNgLOW","Vaginal","Term",0,"cytof_Monocytes",7.07527185425788
"1110",477,2600164345,"1-6d",1,"1-6d",4,"IFNgLOW","Vaginal","Term",0,"cytof_Monocytes",5.96580850740985
"1111",480,2600164474,"CB",0,"CB",0,"IFNgHIGH","Vaginal","Term",0,"cytof_Monocytes",6.19581410115516
"1112",480,2600164356,"1-6d",1,"1-6d",1,"IFNgHIGH","Vaginal","Term",0,"cytof_Monocytes",6.54606490115629
"1113",488,2600164478,"1-6d",1,"1-6d",3,"IFNgLOW","Vaginal","Term",0,"cytof_Monocytes",5.93192671834547
"1114",488,2600164372,"1-6d",1,"1-6d",2,"IFNgLOW","Vaginal","Term",0,"cytof_Monocytes",15.4376775671978
"1115",492,2600164373,"1-6d",1,"1-6d",2,"IFNgHIGH","Vaginal","Term",1,"cytof_Monocytes",9.30540827147402
"1116",492,2600100553,"CB",0,"CB",0,"IFNgHIGH","Vaginal","Term",1,"cytof_Monocytes",13.5835525638265
"1117",508,2600164368,"1-6d",1,"1-6d",2,"IFNgLOW","C-section","Preterm",0,"cytof_Monocytes",16.4683755238072
"1118",508,2600164473,"CB",0,"CB",0,"IFNgLOW","C-section","Preterm",0,"cytof_Monocytes",21.9086833487012
"1119",522,2600164496,"CB",0,"CB",0,"IFNgHIGH","Vaginal","Term",0,"cytof_Monocytes",9.63200116420788
"1120",522,2600164397,"1-6d",1,"1-6d",3,"IFNgHIGH","Vaginal","Term",0,"cytof_Monocytes",7.3125427705543
"1121",522,2600164442,"56-120dd",3,"56-120dd",99,"IFNgHIGH","Vaginal","Term",0,"cytof_Monocytes",7.63052208835341
"1122",529,2600164502,"1-6d",1,"1-6d",1,"IFNgLOW","C-section","Preterm",0,"cytof_Monocytes",9.94947885849529
"1123",529,2600164407,"1-6d",1,"1-6d",2,"IFNgLOW","C-section","Preterm",0,"cytof_Monocytes",15.11884708965
"1124",529,2600164409,"1-6d",1,"1-6d",6,"IFNgLOW","C-section","Preterm",0,"cytof_Monocytes",24.4345848192974
"1125",530,2600164408,"1-6d",1,"1-6d",6,"IFNgLOW","C-section","Preterm",0,"cytof_Monocytes",8.48064353946707
"1126",530,2600164405,"1-6d",1,"1-6d",2,"IFNgLOW","C-section","Preterm",0,"cytof_Monocytes",12.5035024750824
"1127",531,2600164406,"1-6d",1,"1-6d",2,"IFNgHIGH","C-section","Preterm",0,"cytof_Monocytes",11.2832856927937
"1128",531,2600164411,"1-6d",1,"1-6d",6,"IFNgHIGH","C-section","Preterm",0,"cytof_Monocytes",44.8709333122504
"1129",531,2600164499,"1-6d",1,"1-6d",1,"IFNgHIGH","C-section","Preterm",0,"cytof_Monocytes",8.20809248554914
"1130",532,2600164414,"1-6d",1,"1-6d",2,"IFNgHIGH","Vaginal","Term",0,"cytof_Monocytes",4.29705215419501
"1131",532,2600164503,"CB",0,"CB",0,"IFNgHIGH","Vaginal","Term",0,"cytof_Monocytes",4.38054086269835
"1132",533,2600164416,"1-6d",1,"1-6d",3,"IFNgHIGH","Vaginal","Term",0,"cytof_Monocytes",6.82288272461961
"1133",533,2600164504,"CB",0,"CB",0,"IFNgHIGH","Vaginal","Term",0,"cytof_Monocytes",7.41517082876691
"1134",534,2600164505,"CB",0,"CB",0,"IFNgHIGH","Vaginal","Term",1,"cytof_Monocytes",4.32237512330008
"1135",534,2600164415,"1-6d",1,"1-6d",2,"IFNgHIGH","Vaginal","Term",1,"cytof_Monocytes",6.44471158744066
"1136",537,2600164417,"1-6d",1,"1-6d",2,"IFNgHIGH","Vaginal","Term",0,"cytof_Monocytes",6.35807395583932
"1137",537,2600164506,"CB",0,"CB",0,"IFNgHIGH","Vaginal","Term",0,"cytof_Monocytes",7.52993642864034
"1138",542,2600164452,"1-6d",1,"1-6d",6,"IFNgLOW","C-section","Preterm",0,"cytof_Monocytes",22.4704716279838
"1139",542,2600164513,"CB",0,"CB",0,"IFNgLOW","C-section","Preterm",0,"cytof_Monocytes",1.61923692248024
"1140",545,2600164514,"CB",0,"CB",0,"IFNgLOW","C-section","Preterm",0,"cytof_Monocytes",9.11332702874176
"1141",15,2600100700,"CB",0,"CB",0,"IFNgHIGH","Vaginal","Term",1,"cytof_Naive.B.cells",0.0802139037433155
"1142",15,2600100490,"1-6d",1,"1-6d",2,"IFNgHIGH","Vaginal","Term",1,"cytof_Naive.B.cells",0.0669176076955249
"1143",18,2600100486,"1-6d",1,"1-6d",2,"IFNgHIGH","Vaginal","Term",1,"cytof_Naive.B.cells",1.85185185185186
"1144",18,2600100707,"CB",0,"CB",0,"IFNgHIGH","Vaginal","Term",1,"cytof_Naive.B.cells",0.946372239747635
"1145",28,2600100706,"CB",0,"CB",0,"IFNgHIGH","Vaginal","Term",0,"cytof_Naive.B.cells",1.03092783505155
"1146",28,2600100503,"1-6d",1,"1-6d",5,"IFNgHIGH","Vaginal","Term",0,"cytof_Naive.B.cells",1.84331797235023
"1147",42,2600100429,"56-120dd",3,"56-120dd",108,"IFNgLOW","Vaginal","Term",1,"cytof_Naive.B.cells",17.1533113794365
"1148",42,2600100480,"1-6d",1,"1-6d",3,"IFNgLOW","Vaginal","Term",1,"cytof_Naive.B.cells",3.30191475487581
"1149",42,2600100343,"56-120dd",3,"56-120dd",63,"IFNgLOW","Vaginal","Term",1,"cytof_Naive.B.cells",22.5846153846154
"1150",42,2600100696,"CB",0,"CB",0,"IFNgLOW","Vaginal","Term",1,"cytof_Naive.B.cells",4.98300370828183
"1151",80,2600100695,"CB",0,"CB",0,"IFNgHIGH","C-section","Term",1,"cytof_Naive.B.cells",1.87774400540358
"1152",80,2600100485,"1-6d",1,"1-6d",4,"IFNgHIGH","C-section","Term",1,"cytof_Naive.B.cells",3.54175321977565
"1153",88,66600203,"56-120dd",3,"56-120dd",105,"IFNgLOW","Vaginal","Term",0,"cytof_Naive.B.cells",7.98392132375898
"1154",93,66600194,"56-120dd",3,"56-120dd",105,"IFNgLOW","Vaginal","Term",0,"cytof_Naive.B.cells",15.8077485380117
"1155",101,66600197,"56-120dd",3,"56-120dd",113,"IFNgLOW","Vaginal","Term",1,"cytof_Naive.B.cells",7.37878916532223
"1156",104,66600202,"56-120dd",3,"56-120dd",71,"IFNgLOW","Vaginal","Term",1,"cytof_Naive.B.cells",8.2121574609585
"1157",107,66600241,"1-6d",1,"1-6d",4,"IFNgLOW","Vaginal","Term",1,"cytof_Naive.B.cells",NA
"1158",107,66600231,"CB",0,"CB",0,"IFNgLOW","Vaginal","Term",1,"cytof_Naive.B.cells",NA
"1159",107,66627239,"56-120dd",3,"56-120dd",94,"IFNgLOW","Vaginal","Term",1,"cytof_Naive.B.cells",NA
"1160",110,66627240,"56-120dd",3,"56-120dd",85,"IFNgLOW","Vaginal","Term",1,"cytof_Naive.B.cells",NA
"1161",110,66600235,"CB",0,"CB",0,"IFNgLOW","Vaginal","Term",1,"cytof_Naive.B.cells",NA
"1162",110,66600233,"1-6d",1,"1-6d",2,"IFNgLOW","Vaginal","Term",1,"cytof_Naive.B.cells",NA
"1163",113,66593911,"1-6d",1,"1-6d",2,"IFNgLOW","Vaginal","Term",0,"cytof_Naive.B.cells",NA
"1164",113,66600237,"CB",0,"CB",0,"IFNgLOW","Vaginal","Term",0,"cytof_Naive.B.cells",NA
"1165",116,66627285,"1-6d",1,"1-6d",3,"IFNgLOW","Vaginal","Term",1,"cytof_Naive.B.cells",NA
"1166",116,66627428,"CB",0,"CB",0,"IFNgLOW","Vaginal","Term",1,"cytof_Naive.B.cells",NA
"1167",119,66627306,"1-6d",1,"1-6d",3,"IFNgLOW","Vaginal","Term",1,"cytof_Naive.B.cells",1.25384517605186
"1168",119,66627297,"56-120dd",3,"56-120dd",112,"IFNgLOW","Vaginal","Term",1,"cytof_Naive.B.cells",9.22210089952117
"1169",119,66627429,"CB",0,"CB",0,"IFNgLOW","Vaginal","Term",1,"cytof_Naive.B.cells",2.44639912039582
"1170",122,66627275,"1-6d",1,"1-6d",3,"IFNgLOW","Vaginal","Term",0,"cytof_Naive.B.cells",4.35404785454239
"1171",122,66627435,"CB",0,"CB",0,"IFNgLOW","Vaginal","Term",0,"cytof_Naive.B.cells",10.3246653331282
"1172",126,2600100694,"CB",0,"CB",0,"IFNgHIGH","C-section","Term",0,"cytof_Naive.B.cells",6.51337309986532
"1173",126,2600100446,"56-120dd",3,"56-120dd",95,"IFNgHIGH","C-section","Term",0,"cytof_Naive.B.cells",22.5006617841701
"1174",126,2600100479,"1-6d",1,"1-6d",2,"IFNgHIGH","C-section","Term",0,"cytof_Naive.B.cells",11.3193003261192
"1175",129,2600100693,"CB",0,"CB",0,"IFNgHIGH","Vaginal","Term",1,"cytof_Naive.B.cells",15.2220289474548
"1176",129,2600100472,"1-6d",1,"1-6d",3,"IFNgHIGH","Vaginal","Term",1,"cytof_Naive.B.cells",4.90647299750876
"1177",141,2600100690,"CB",0,"CB",0,"IFNgLOW","Vaginal","Term",1,"cytof_Naive.B.cells",4.4460688409692
"1178",141,2600100443,"56-120dd",3,"56-120dd",85,"IFNgLOW","Vaginal","Term",1,"cytof_Naive.B.cells",17.4133079616996
"1179",141,2600100475,"1-6d",1,"1-6d",2,"IFNgLOW","Vaginal","Term",1,"cytof_Naive.B.cells",5.77949021932425
"1180",144,2600100686,"CB",0,"CB",0,"IFNgLOW","Vaginal","Term",0,"cytof_Naive.B.cells",4.59844559585491
"1181",144,2600100483,"1-6d",1,"1-6d",2,"IFNgLOW","Vaginal","Term",0,"cytof_Naive.B.cells",2.96047611780864
"1182",144,2600100439,"56-120dd",3,"56-120dd",79,"IFNgLOW","Vaginal","Term",0,"cytof_Naive.B.cells",21.5077605321508
"1183",147,2600100687,"CB",0,"CB",0,"IFNgLOW","C-section","Term",1,"cytof_Naive.B.cells",7.79816513761468
"1184",147,2600100430,"56-120dd",3,"56-120dd",77,"IFNgLOW","C-section","Term",1,"cytof_Naive.B.cells",26.1333333333333
"1185",147,2600100468,"1-6d",1,"1-6d",2,"IFNgLOW","C-section","Term",1,"cytof_Naive.B.cells",5.96330275229358
"1186",150,2600100684,"CB",0,"CB",0,"IFNgHIGH","C-section","Term",1,"cytof_Naive.B.cells",8.94039735099338
"1187",150,2600100469,"1-6d",1,"1-6d",3,"IFNgHIGH","C-section","Term",1,"cytof_Naive.B.cells",6.97354860872553
"1188",153,2600100470,"1-6d",1,"1-6d",2,"IFNgLOW","C-section","Term",0,"cytof_Naive.B.cells",12.0355801034007
"1189",153,2600100426,"56-120dd",3,"56-120dd",78,"IFNgLOW","C-section","Term",0,"cytof_Naive.B.cells",26.4805391280429
"1190",153,2600100685,"CB",0,"CB",0,"IFNgLOW","C-section","Term",0,"cytof_Naive.B.cells",12.6692268901044
"1191",162,2600100425,"56-120dd",3,"56-120dd",69,"IFNgLOW","C-section","Term",0,"cytof_Naive.B.cells",23.8399621212121
"1192",162,2600100683,"CB",0,"CB",0,"IFNgLOW","C-section","Term",0,"cytof_Naive.B.cells",0.29940119760479
"1193",162,2600100341,"1-6d",1,"1-6d",2,"IFNgLOW","C-section","Term",0,"cytof_Naive.B.cells",0.265874257116046
"1194",165,2600100680,"CB",0,"CB",0,"IFNgHIGH","Vaginal","Term",0,"cytof_Naive.B.cells",10.0671140939597
"1195",165,2600100477,"1-6d",1,"1-6d",2,"IFNgHIGH","Vaginal","Term",0,"cytof_Naive.B.cells",3.95006139991813
"1196",168,2600100679,"CB",0,"CB",0,"IFNgHIGH","Vaginal","Term",0,"cytof_Naive.B.cells",6.01833221551532
"1197",168,2600100467,"1-6d",1,"1-6d",2,"IFNgHIGH","Vaginal","Term",0,"cytof_Naive.B.cells",1.51891517693529
"1198",174,2600100626,"CB",0,"CB",0,"IFNgHIGH","C-section","Term",1,"cytof_Naive.B.cells",15.5550471631705
"1199",174,2600100463,"1-6d",1,"1-6d",2,"IFNgHIGH","C-section","Term",1,"cytof_Naive.B.cells",8.10375328172712
"1200",177,2600100462,"1-6d",1,"1-6d",2,"IFNgHIGH","C-section","Term",1,"cytof_Naive.B.cells",8.93852532185435
"1201",177,2600100675,"CB",0,"CB",0,"IFNgHIGH","C-section","Term",1,"cytof_Naive.B.cells",6.99993991467884
"1202",180,2600100466,"1-6d",1,"1-6d",2,"IFNgLOW","C-section","Term",0,"cytof_Naive.B.cells",4.46308159136885
"1203",180,2600100356,"56-120dd",3,"56-120dd",118,"IFNgLOW","C-section","Term",0,"cytof_Naive.B.cells",23.0295170521532
"1204",180,2600100677,"CB",0,"CB",0,"IFNgLOW","C-section","Term",0,"cytof_Naive.B.cells",7.81396856263167
"1205",189,2600100453,"1-6d",1,"1-6d",6,"IFNgLOW","C-section","Preterm",1,"cytof_Naive.B.cells",6.07630088378551
"1206",189,2600100666,"CB",0,"CB",0,"IFNgLOW","C-section","Preterm",1,"cytof_Naive.B.cells",15.0997396102183
"1207",203,66600227,"56-120dd",3,"56-120dd",84,"IFNgLOW","C-section","Preterm",0,"cytof_Naive.B.cells",NA
"1208",204,66600193,"1-6d",1,"1-6d",2,"IFNgLOW","C-section","Preterm",1,"cytof_Naive.B.cells",0.0527542093462874
"1209",204,66600238,"56-120dd",3,"56-120dd",89,"IFNgLOW","C-section","Preterm",1,"cytof_Naive.B.cells",0.296017222820237
"1210",205,66600239,"56-120dd",3,"56-120dd",89,"IFNgLOW","C-section","Preterm",0,"cytof_Naive.B.cells",0.861326442721792
"1211",205,66600192,"1-6d",1,"1-6d",2,"IFNgLOW","C-section","Preterm",0,"cytof_Naive.B.cells",0.0510584414921319
"1212",206,66600240,"56-120dd",3,"56-120dd",83,"IFNgLOW","Vaginal","Preterm",1,"cytof_Naive.B.cells",NA
"1213",210,66600164,"1-6d",1,"1-6d",6,"IFNgLOW","C-section","Preterm",1,"cytof_Naive.B.cells",NA
"1214",210,66627234,"56-120dd",3,"56-120dd",67,"IFNgLOW","C-section","Preterm",1,"cytof_Naive.B.cells",NA
"1215",210,66600210,"CB",0,"CB",0,"IFNgLOW","C-section","Preterm",1,"cytof_Naive.B.cells",NA
"1216",211,66627244,"56-120dd",3,"56-120dd",86,"IFNgLOW","C-section","Preterm",0,"cytof_Naive.B.cells",NA
"1217",211,66600168,"CB",0,"CB",0,"IFNgLOW","C-section","Preterm",0,"cytof_Naive.B.cells",NA
"1218",211,66600224,"1-6d",1,"1-6d",3,"IFNgLOW","C-section","Preterm",0,"cytof_Naive.B.cells",NA
"1219",212,66627412,"CB",0,"CB",0,"IFNgLOW","C-section","Preterm",0,"cytof_Naive.B.cells",NA
"1220",212,66627215,"1-6d",1,"1-6d",3,"IFNgLOW","C-section","Preterm",0,"cytof_Naive.B.cells",NA
"1221",213,66627411,"CB",0,"CB",0,"IFNgLOW","C-section","Preterm",0,"cytof_Naive.B.cells",NA
"1222",213,66627214,"1-6d",1,"1-6d",3,"IFNgLOW","C-section","Preterm",0,"cytof_Naive.B.cells",NA
"1223",213,66627246,"56-120dd",3,"56-120dd",86,"IFNgLOW","C-section","Preterm",0,"cytof_Naive.B.cells",NA
"1224",214,66627410,"CB",0,"CB",0,"IFNgLOW","C-section","Preterm",1,"cytof_Naive.B.cells",NA
"1225",214,66627213,"1-6d",1,"1-6d",3,"IFNgLOW","C-section","Preterm",1,"cytof_Naive.B.cells",NA
"1226",214,66627247,"56-120dd",3,"56-120dd",86,"IFNgLOW","C-section","Preterm",1,"cytof_Naive.B.cells",NA
"1227",215,66627218,"1-6d",1,"1-6d",3,"IFNgLOW","C-section","Preterm",0,"cytof_Naive.B.cells",0.261392228124126
"1228",215,66627501,"CB",0,"CB",0,"IFNgLOW","C-section","Preterm",0,"cytof_Naive.B.cells",5.65770110459033
"1229",215,66627254,"56-120dd",3,"56-120dd",95,"IFNgLOW","C-section","Preterm",0,"cytof_Naive.B.cells",1.70260921003562
"1230",216,66627219,"1-6d",1,"1-6d",3,"IFNgLOW","C-section","Preterm",1,"cytof_Naive.B.cells",0.847493537861773
"1231",216,66627248,"56-120dd",3,"56-120dd",81,"IFNgLOW","C-section","Preterm",1,"cytof_Naive.B.cells",3.04624880658985
"1232",216,66627503,"CB",0,"CB",0,"IFNgLOW","C-section","Preterm",1,"cytof_Naive.B.cells",5.44883589705846
"1233",216,66627221,"CB",0,"CB",0,"IFNgLOW","C-section","Preterm",1,"cytof_Naive.B.cells",1.04928216977916
"1234",217,66627217,"1-6d",1,"1-6d",3,"IFNgLOW","C-section","Preterm",1,"cytof_Naive.B.cells",1.10163710777626
"1235",217,66627249,"56-120dd",3,"56-120dd",81,"IFNgLOW","C-section","Preterm",1,"cytof_Naive.B.cells",6.34673802979894
"1236",217,66627504,"CB",0,"CB",0,"IFNgLOW","C-section","Preterm",1,"cytof_Naive.B.cells",6.53543307086614
"1237",217,66627222,"CB",0,"CB",0,"IFNgLOW","C-section","Preterm",1,"cytof_Naive.B.cells",0.565466982915679
"1238",218,66627229,"1-6d",1,"1-6d",4,"IFNgLOW","Vaginal","Preterm",0,"cytof_Naive.B.cells",NA
"1239",218,66627256,"56-120dd",3,"56-120dd",104,"IFNgLOW","Vaginal","Preterm",0,"cytof_Naive.B.cells",NA
"1240",219,66627230,"1-6d",1,"1-6d",4,"IFNgLOW","C-section","Preterm",0,"cytof_Naive.B.cells",NA
"1241",219,66627413,"CB",0,"CB",0,"IFNgLOW","C-section","Preterm",0,"cytof_Naive.B.cells",NA
"1242",219,66627255,"56-120dd",3,"56-120dd",81,"IFNgLOW","C-section","Preterm",0,"cytof_Naive.B.cells",NA
"1243",220,66627235,"1-6d",1,"1-6d",5,"IFNgLOW","C-section","Preterm",0,"cytof_Naive.B.cells",NA
"1244",220,66627414,"CB",0,"CB",0,"IFNgLOW","C-section","Preterm",0,"cytof_Naive.B.cells",NA
"1245",220,66627257,"56-120dd",3,"56-120dd",90,"IFNgLOW","C-section","Preterm",0,"cytof_Naive.B.cells",NA
"1246",221,66627261,"56-120dd",3,"56-120dd",104,"IFNgLOW","C-section","Preterm",0,"cytof_Naive.B.cells",NA
"1247",221,66627415,"CB",0,"CB",0,"IFNgLOW","C-section","Preterm",0,"cytof_Naive.B.cells",NA
"1248",221,66627241,"1-6d",1,"1-6d",2,"IFNgLOW","C-section","Preterm",0,"cytof_Naive.B.cells",NA
"1249",223,66627418,"1-6d",1,"1-6d",1,"IFNgLOW","C-section","Preterm",0,"cytof_Naive.B.cells",3.65983610422188
"1250",223,66627267,"56-120dd",3,"56-120dd",79,"IFNgLOW","C-section","Preterm",0,"cytof_Naive.B.cells",14.0678211723788
"1251",223,66627251,"1-6d",1,"1-6d",3,"IFNgLOW","C-section","Preterm",0,"cytof_Naive.B.cells",4.65548051706932
"1252",224,66627258,"1-6d",1,"1-6d",5,"IFNgLOW","C-section","Preterm",1,"cytof_Naive.B.cells",0.76217195628032
"1253",225,66627259,"1-6d",1,"1-6d",6,"IFNgLOW","C-section","Preterm",1,"cytof_Naive.B.cells",0.759808272678857
"1254",225,66627500,"CB",0,"CB",0,"IFNgLOW","C-section","Preterm",1,"cytof_Naive.B.cells",5.56216904067976
"1255",226,66627498,"CB",0,"CB",0,"IFNgLOW","C-section","Preterm",1,"cytof_Naive.B.cells",6.69676983928395
"1256",226,66627270,"1-6d",1,"1-6d",2,"IFNgLOW","C-section","Preterm",1,"cytof_Naive.B.cells",0.810328907568376
"1257",230,66627425,"CB",0,"CB",0,"IFNgLOW","C-section","Preterm",0,"cytof_Naive.B.cells",8.59761603756548
"1258",230,66600169,"1-6d",1,"1-6d",6,"IFNgLOW","C-section","Preterm",0,"cytof_Naive.B.cells",1.56729316164295
"1259",230,66600236,"56-120dd",3,"56-120dd",76,"IFNgLOW","C-section","Preterm",0,"cytof_Naive.B.cells",8.41557148736994
"1260",267,2600100465,"1-6d",1,"1-6d",2,"IFNgLOW","C-section","Term",0,"cytof_Naive.B.cells",13.1158917418459
"1261",267,2600100353,"56-120dd",3,"56-120dd",118,"IFNgLOW","C-section","Term",0,"cytof_Naive.B.cells",24.8902397838568
"1262",267,2600100678,"CB",0,"CB",0,"IFNgLOW","C-section","Term",0,"cytof_Naive.B.cells",14.3114852675887
"1263",270,2600100674,"CB",0,"CB",0,"IFNgHIGH","C-section","Term",0,"cytof_Naive.B.cells",11.2159911160466
"1264",270,2600100460,"1-6d",1,"1-6d",2,"IFNgHIGH","C-section","Term",0,"cytof_Naive.B.cells",6.92561377794065
"1265",273,2600100673,"CB",0,"CB",0,"IFNgLOW","C-section","Term",1,"cytof_Naive.B.cells",4.34969853574504
"1266",273,2600100461,"1-6d",1,"1-6d",2,"IFNgLOW","C-section","Term",1,"cytof_Naive.B.cells",3.26460481099657
"1267",276,2600100671,"CB",0,"CB",0,"IFNgHIGH","C-section","Term",1,"cytof_Naive.B.cells",3.59914248618618
"1268",276,2600100458,"1-6d",1,"1-6d",2,"IFNgHIGH","C-section","Term",1,"cytof_Naive.B.cells",3.00429184549356
"1269",282,2600100669,"CB",0,"CB",0,"IFNgHIGH","Vaginal","Term",1,"cytof_Naive.B.cells",4.23345543345543
"1270",282,2600100456,"1-6d",1,"1-6d",2,"IFNgHIGH","Vaginal","Term",1,"cytof_Naive.B.cells",3.7772492198922
"1271",285,2600100350,"56-120dd",3,"56-120dd",86,"IFNgHIGH","Vaginal","Term",0,"cytof_Naive.B.cells",12.4152055938218
"1272",285,2600100455,"1-6d",1,"1-6d",2,"IFNgHIGH","Vaginal","Term",0,"cytof_Naive.B.cells",1.74621262903874
"1273",285,2600100668,"CB",0,"CB",0,"IFNgHIGH","Vaginal","Term",0,"cytof_Naive.B.cells",6.22947000582411
"1274",290,2600100447,"1-6d",1,"1-6d",3,"IFNgHIGH","Vaginal","Term",0,"cytof_Naive.B.cells",2.42473226914528
"1275",290,2600100405,"56-120dd",3,"56-120dd",94,"IFNgHIGH","Vaginal","Term",0,"cytof_Naive.B.cells",21.3768214626174
"1276",290,2600100664,"CB",0,"CB",0,"IFNgHIGH","Vaginal","Term",0,"cytof_Naive.B.cells",3.12831858407079
"1277",293,2600100410,"56-120dd",3,"56-120dd",86,"IFNgLOW","Vaginal","Term",1,"cytof_Naive.B.cells",8.45767486057535
"1278",293,2600100421,"1-6d",1,"1-6d",2,"IFNgLOW","Vaginal","Term",1,"cytof_Naive.B.cells",3.66622864651774
"1279",293,2600100662,"CB",0,"CB",0,"IFNgLOW","Vaginal","Term",1,"cytof_Naive.B.cells",5.05103478505901
"1280",297,2600100361,"1-6d",1,"1-6d",2,"IFNgHIGH","Vaginal","Term",1,"cytof_Naive.B.cells",1.63934426229508
"1281",297,2600100519,"CB",0,"CB",0,"IFNgHIGH","Vaginal","Term",1,"cytof_Naive.B.cells",1.0922415615531
"1282",299,2600100363,"1-6d",1,"1-6d",2,"IFNgHIGH","Vaginal","Term",1,"cytof_Naive.B.cells",3.36970474967908
"1283",299,2600100520,"CB",0,"CB",0,"IFNgHIGH","Vaginal","Term",1,"cytof_Naive.B.cells",2.31466666666666
"1284",302,2600100364,"1-6d",1,"1-6d",3,"IFNgHIGH","Vaginal","Term",1,"cytof_Naive.B.cells",1.94235588972431
"1285",302,2600100521,"CB",0,"CB",0,"IFNgHIGH","Vaginal","Term",1,"cytof_Naive.B.cells",2.29018764410502
"1286",305,2600100411,"56-120dd",3,"56-120dd",77,"IFNgHIGH","Vaginal","Term",1,"cytof_Naive.B.cells",12.3461764979387
"1287",305,2600100371,"1-6d",1,"1-6d",3,"IFNgHIGH","Vaginal","Term",1,"cytof_Naive.B.cells",2.54735063168525
"1288",305,2600100522,"CB",0,"CB",0,"IFNgHIGH","Vaginal","Term",1,"cytof_Naive.B.cells",3.44556164940077
"1289",308,2600100374,"1-6d",1,"1-6d",3,"IFNgHIGH","Vaginal","Term",1,"cytof_Naive.B.cells",2.96022201665126
"1290",308,2600100523,"CB",0,"CB",0,"IFNgHIGH","Vaginal","Term",1,"cytof_Naive.B.cells",5.3501026359519
"1291",311,2600164329,"56-120dd",3,"56-120dd",119,"IFNgHIGH","Vaginal","Term",0,"cytof_Naive.B.cells",21.0149138098005
"1292",311,2600100369,"1-6d",1,"1-6d",2,"IFNgHIGH","Vaginal","Term",0,"cytof_Naive.B.cells",2.91729323308271
"1293",311,2600100524,"CB",0,"CB",0,"IFNgHIGH","Vaginal","Term",0,"cytof_Naive.B.cells",3.61398761513243
"1294",324,2600100347,"1-6d",1,"1-6d",6,"IFNgLOW","Vaginal","Preterm",1,"cytof_Naive.B.cells",17.2179417971242
"1295",324,2600100517,"CB",0,"CB",0,"IFNgLOW","Vaginal","Preterm",1,"cytof_Naive.B.cells",17.3915036674816
"1296",332,2600100376,"1-6d",1,"1-6d",2,"IFNgHIGH","Vaginal","Term",0,"cytof_Naive.B.cells",2.1183800623053
"1297",332,2600100525,"CB",0,"CB",0,"IFNgHIGH","Vaginal","Term",0,"cytof_Naive.B.cells",3.02842648057067
"1298",334,2600100377,"1-6d",1,"1-6d",5,"IFNgLOW","Vaginal","Term",0,"cytof_Naive.B.cells",4.49095807890061
"1299",334,2600100526,"CB",0,"CB",0,"IFNgLOW","Vaginal","Term",0,"cytof_Naive.B.cells",8.67012591979602
"1300",337,2600100688,"CB",0,"CB",0,"IFNgLOW","Vaginal","Term",1,"cytof_Naive.B.cells",1.17266081154016
"1301",337,2600100471,"1-6d",1,"1-6d",5,"IFNgLOW","Vaginal","Term",1,"cytof_Naive.B.cells",4.51535555462619
"1302",337,2600100431,"56-120dd",3,"56-120dd",83,"IFNgLOW","Vaginal","Term",1,"cytof_Naive.B.cells",13.9473028010972
"1303",340,2600100380,"1-6d",1,"1-6d",3,"IFNgHIGH","Vaginal","Term",0,"cytof_Naive.B.cells",2.26768377253814
"1304",340,2600164340,"56-120dd",3,"56-120dd",104,"IFNgHIGH","Vaginal","Term",0,"cytof_Naive.B.cells",14.5354483651667
"1305",340,2600100528,"CB",0,"CB",0,"IFNgHIGH","Vaginal","Term",0,"cytof_Naive.B.cells",4.69751809720786
"1306",343,2600100378,"1-6d",1,"1-6d",6,"IFNgLOW","Vaginal","Preterm",0,"cytof_Naive.B.cells",5.39789279471742
"1307",343,2600100527,"1-6d",1,"1-6d",1,"IFNgLOW","Vaginal","Preterm",0,"cytof_Naive.B.cells",6.6352118829183
"1308",343,2600164342,"56-120dd",3,"56-120dd",112,"IFNgLOW","Vaginal","Preterm",0,"cytof_Naive.B.cells",13.7704291833783
"1309",347,2600100538,"CB",0,"CB",0,"IFNgLOW","C-section","Preterm",1,"cytof_Naive.B.cells",4.12997903563941
"1310",347,2600100413,"1-6d",1,"1-6d",5,"IFNgLOW","C-section","Preterm",1,"cytof_Naive.B.cells",2.21285949807657
"1311",347,2600164338,"56-120dd",3,"56-120dd",74,"IFNgLOW","C-section","Preterm",1,"cytof_Naive.B.cells",34.7647306200645
"1312",350,2600164314,"1-6d",1,"1-6d",5,"IFNgLOW","C-section","Preterm",1,"cytof_Naive.B.cells",6.91707275001078
"1313",350,2600164465,"1-6d",1,"1-6d",2,"IFNgLOW","C-section","Preterm",1,"cytof_Naive.B.cells",0.837689739875291
"1314",356,2600164316,"1-6d",1,"1-6d",2,"IFNgLOW","C-section","Preterm",1,"cytof_Naive.B.cells",2.84738041002278
"1315",356,2600164464,"CB",0,"CB",0,"IFNgLOW","C-section","Preterm",1,"cytof_Naive.B.cells",5.22525558925963
"1316",356,2600164343,"56-120dd",3,"56-120dd",58,"IFNgLOW","C-section","Preterm",1,"cytof_Naive.B.cells",19.5239185168231
"1317",357,2600164461,"CB",0,"CB",0,"IFNgHIGH","Vaginal","Term",1,"cytof_Naive.B.cells",4.99926481399794
"1318",357,2600164353,"56-120dd",3,"56-120dd",92,"IFNgHIGH","Vaginal","Term",1,"cytof_Naive.B.cells",15.1784184984299
"1319",357,2600164322,"1-6d",1,"1-6d",3,"IFNgHIGH","Vaginal","Term",1,"cytof_Naive.B.cells",6.53580516175936
"1320",363,2600164325,"1-6d",1,"1-6d",2,"IFNgLOW","Vaginal","Term",1,"cytof_Naive.B.cells",3.99054093999408
"1321",363,2600164467,"CB",0,"CB",0,"IFNgLOW","Vaginal","Term",1,"cytof_Naive.B.cells",8.77641049454376
"1322",366,2600164367,"56-120dd",3,"56-120dd",92,"IFNgHIGH","Vaginal","Term",1,"cytof_Naive.B.cells",9.12556024341838
"1323",366,2600164320,"1-6d",1,"1-6d",2,"IFNgHIGH","Vaginal","Term",1,"cytof_Naive.B.cells",1.09934930662266
"1324",366,2600100547,"CB",0,"CB",0,"IFNgHIGH","Vaginal","Term",1,"cytof_Naive.B.cells",6.08182342973128
"1325",367,2600100548,"CB",0,"CB",0,"IFNgHIGH","Vaginal","Term",1,"cytof_Naive.B.cells",5.6924157643582
"1326",367,2600164323,"1-6d",1,"1-6d",2,"IFNgHIGH","Vaginal","Term",1,"cytof_Naive.B.cells",2.28256039664165
"1327",376,2600100550,"1-6d",1,"1-6d",2,"IFNgLOW","C-section","Preterm",0,"cytof_Naive.B.cells",5.5535442763015
"1328",376,2600164331,"1-6d",1,"1-6d",5,"IFNgLOW","C-section","Preterm",0,"cytof_Naive.B.cells",2.29002969462198
"1329",379,2600164336,"1-6d",1,"1-6d",4,"IFNgHIGH","C-section","Preterm",0,"cytof_Naive.B.cells",1.58271842583681
"1330",379,2600164469,"CB",0,"CB",0,"IFNgHIGH","C-section","Preterm",0,"cytof_Naive.B.cells",3.95897773946554
"1331",382,2600164335,"1-6d",1,"1-6d",3,"IFNgHIGH","Vaginal","Term",0,"cytof_Naive.B.cells",0.716872698973331
"1332",382,2600164468,"CB",0,"CB",0,"IFNgHIGH","Vaginal","Term",0,"cytof_Naive.B.cells",0.618280269700361
"1333",386,2600164471,"1-6d",1,"1-6d",2,"IFNgHIGH","C-section","Preterm",0,"cytof_Naive.B.cells",0.523136058467134
"1334",437,2600164476,"CB",0,"CB",0,"IFNgLOW","Vaginal","Preterm",1,"cytof_Naive.B.cells",11.5187739002138
"1335",437,2600164346,"1-6d",1,"1-6d",4,"IFNgLOW","Vaginal","Preterm",1,"cytof_Naive.B.cells",4.40747773528389
"1336",437,2600164378,"56-120dd",3,"56-120dd",76,"IFNgLOW","Vaginal","Preterm",1,"cytof_Naive.B.cells",10.9238272844642
"1337",477,2600164470,"CB",0,"CB",0,"IFNgLOW","Vaginal","Term",0,"cytof_Naive.B.cells",1.7511650896766
"1338",477,2600164345,"1-6d",1,"1-6d",4,"IFNgLOW","Vaginal","Term",0,"cytof_Naive.B.cells",0.541196702240656
"1339",480,2600164474,"CB",0,"CB",0,"IFNgHIGH","Vaginal","Term",0,"cytof_Naive.B.cells",0.232007228856815
"1340",480,2600164356,"1-6d",1,"1-6d",1,"IFNgHIGH","Vaginal","Term",0,"cytof_Naive.B.cells",0.447594181275643
"1341",488,2600164478,"1-6d",1,"1-6d",3,"IFNgLOW","Vaginal","Term",0,"cytof_Naive.B.cells",1.8950581196711
"1342",488,2600164372,"1-6d",1,"1-6d",2,"IFNgLOW","Vaginal","Term",0,"cytof_Naive.B.cells",2.94045433819318
"1343",492,2600164373,"1-6d",1,"1-6d",2,"IFNgHIGH","Vaginal","Term",1,"cytof_Naive.B.cells",1.26958878284435
"1344",492,2600100553,"CB",0,"CB",0,"IFNgHIGH","Vaginal","Term",1,"cytof_Naive.B.cells",1.16558845833373
"1345",508,2600164368,"1-6d",1,"1-6d",2,"IFNgLOW","C-section","Preterm",0,"cytof_Naive.B.cells",1.70252652731149
"1346",508,2600164473,"CB",0,"CB",0,"IFNgLOW","C-section","Preterm",0,"cytof_Naive.B.cells",1.39661695971511
"1347",522,2600164496,"CB",0,"CB",0,"IFNgHIGH","Vaginal","Term",0,"cytof_Naive.B.cells",2.55398104524039
"1348",522,2600164397,"1-6d",1,"1-6d",3,"IFNgHIGH","Vaginal","Term",0,"cytof_Naive.B.cells",2.23140091895591
"1349",522,2600164442,"56-120dd",3,"56-120dd",99,"IFNgHIGH","Vaginal","Term",0,"cytof_Naive.B.cells",10.2894335964548
"1350",529,2600164502,"1-6d",1,"1-6d",1,"IFNgLOW","C-section","Preterm",0,"cytof_Naive.B.cells",11.0554822265714
"1351",529,2600164407,"1-6d",1,"1-6d",2,"IFNgLOW","C-section","Preterm",0,"cytof_Naive.B.cells",1.98016095826315
"1352",529,2600164409,"1-6d",1,"1-6d",6,"IFNgLOW","C-section","Preterm",0,"cytof_Naive.B.cells",3.20518940776726
"1353",530,2600164408,"1-6d",1,"1-6d",6,"IFNgLOW","C-section","Preterm",0,"cytof_Naive.B.cells",0.756158873805933
"1354",530,2600164405,"1-6d",1,"1-6d",2,"IFNgLOW","C-section","Preterm",0,"cytof_Naive.B.cells",1.34761898408208
"1355",531,2600164406,"1-6d",1,"1-6d",2,"IFNgHIGH","C-section","Preterm",0,"cytof_Naive.B.cells",5.92748608394764
"1356",531,2600164411,"1-6d",1,"1-6d",6,"IFNgHIGH","C-section","Preterm",0,"cytof_Naive.B.cells",1.8025852867929
"1357",531,2600164499,"1-6d",1,"1-6d",1,"IFNgHIGH","C-section","Preterm",0,"cytof_Naive.B.cells",10.1734104046243
"1358",532,2600164414,"1-6d",1,"1-6d",2,"IFNgHIGH","Vaginal","Term",0,"cytof_Naive.B.cells",1.47896195515243
"1359",532,2600164503,"CB",0,"CB",0,"IFNgHIGH","Vaginal","Term",0,"cytof_Naive.B.cells",0.945309460544505
"1360",533,2600164416,"1-6d",1,"1-6d",3,"IFNgHIGH","Vaginal","Term",0,"cytof_Naive.B.cells",1.19381558193787
"1361",533,2600164504,"CB",0,"CB",0,"IFNgHIGH","Vaginal","Term",0,"cytof_Naive.B.cells",1.33747592649734
"1362",534,2600164505,"CB",0,"CB",0,"IFNgHIGH","Vaginal","Term",1,"cytof_Naive.B.cells",1.24836273669572
"1363",534,2600164415,"1-6d",1,"1-6d",2,"IFNgHIGH","Vaginal","Term",1,"cytof_Naive.B.cells",1.83377819433974
"1364",537,2600164417,"1-6d",1,"1-6d",2,"IFNgHIGH","Vaginal","Term",0,"cytof_Naive.B.cells",1.60947060388401
"1365",537,2600164506,"CB",0,"CB",0,"IFNgHIGH","Vaginal","Term",0,"cytof_Naive.B.cells",0.624993299814539
"1366",542,2600164452,"1-6d",1,"1-6d",6,"IFNgLOW","C-section","Preterm",0,"cytof_Naive.B.cells",2.80829272321797
"1367",542,2600164513,"CB",0,"CB",0,"IFNgLOW","C-section","Preterm",0,"cytof_Naive.B.cells",1.00838706549668
"1368",545,2600164514,"CB",0,"CB",0,"IFNgLOW","C-section","Preterm",0,"cytof_Naive.B.cells",12.478303027401
"1369",15,2600100700,"CB",0,"CB",0,"IFNgHIGH","Vaginal","Term",1,"cytof_Naive.CD4.T",0.441176470588235
"1370",15,2600100490,"1-6d",1,"1-6d",2,"IFNgHIGH","Vaginal","Term",1,"cytof_Naive.CD4.T",0.464240903387704
"1371",18,2600100486,"1-6d",1,"1-6d",2,"IFNgHIGH","Vaginal","Term",1,"cytof_Naive.CD4.T",3.7037037037037
"1372",18,2600100707,"CB",0,"CB",0,"IFNgHIGH","Vaginal","Term",1,"cytof_Naive.CD4.T",4.10094637223975
"1373",28,2600100706,"CB",0,"CB",0,"IFNgHIGH","Vaginal","Term",0,"cytof_Naive.CD4.T",4.43298969072165
"1374",28,2600100503,"1-6d",1,"1-6d",5,"IFNgHIGH","Vaginal","Term",0,"cytof_Naive.CD4.T",3.45622119815669
"1375",42,2600100429,"56-120dd",3,"56-120dd",108,"IFNgLOW","Vaginal","Term",1,"cytof_Naive.CD4.T",12.5795828759605
"1376",42,2600100480,"1-6d",1,"1-6d",3,"IFNgLOW","Vaginal","Term",1,"cytof_Naive.CD4.T",14.6155670164207
"1377",42,2600100343,"56-120dd",3,"56-120dd",63,"IFNgLOW","Vaginal","Term",1,"cytof_Naive.CD4.T",15.6923076923077
"1378",42,2600100696,"CB",0,"CB",0,"IFNgLOW","Vaginal","Term",1,"cytof_Naive.CD4.T",5.77873918417801
"1379",80,2600100695,"CB",0,"CB",0,"IFNgHIGH","C-section","Term",1,"cytof_Naive.CD4.T",8.80783519081391
"1380",80,2600100485,"1-6d",1,"1-6d",4,"IFNgHIGH","C-section","Term",1,"cytof_Naive.CD4.T",8.38180307436644
"1381",88,66600203,"56-120dd",3,"56-120dd",105,"IFNgLOW","Vaginal","Term",0,"cytof_Naive.CD4.T",18.4935997502342
"1382",93,66600194,"56-120dd",3,"56-120dd",105,"IFNgLOW","Vaginal","Term",0,"cytof_Naive.CD4.T",20.9373594242015
"1383",101,66600197,"56-120dd",3,"56-120dd",113,"IFNgLOW","Vaginal","Term",1,"cytof_Naive.CD4.T",27.9559735076845
"1384",104,66600202,"56-120dd",3,"56-120dd",71,"IFNgLOW","Vaginal","Term",1,"cytof_Naive.CD4.T",22.7422877273076
"1385",107,66600241,"1-6d",1,"1-6d",4,"IFNgLOW","Vaginal","Term",1,"cytof_Naive.CD4.T",11.3078253046766
"1386",107,66600231,"CB",0,"CB",0,"IFNgLOW","Vaginal","Term",1,"cytof_Naive.CD4.T",6.14677236502177
"1387",107,66627239,"56-120dd",3,"56-120dd",94,"IFNgLOW","Vaginal","Term",1,"cytof_Naive.CD4.T",31.1950003156366
"1388",110,66627240,"56-120dd",3,"56-120dd",85,"IFNgLOW","Vaginal","Term",1,"cytof_Naive.CD4.T",16.7415700574799
"1389",110,66600235,"CB",0,"CB",0,"IFNgLOW","Vaginal","Term",1,"cytof_Naive.CD4.T",4.12535869956245
"1390",110,66600233,"1-6d",1,"1-6d",2,"IFNgLOW","Vaginal","Term",1,"cytof_Naive.CD4.T",12.3826262228996
"1391",113,66593911,"1-6d",1,"1-6d",2,"IFNgLOW","Vaginal","Term",0,"cytof_Naive.CD4.T",10.0722002000625
"1392",113,66600237,"CB",0,"CB",0,"IFNgLOW","Vaginal","Term",0,"cytof_Naive.CD4.T",24.9471894089027
"1393",116,66627285,"1-6d",1,"1-6d",3,"IFNgLOW","Vaginal","Term",1,"cytof_Naive.CD4.T",18.8343655709068
"1394",116,66627428,"CB",0,"CB",0,"IFNgLOW","Vaginal","Term",1,"cytof_Naive.CD4.T",27.0801815431165
"1395",119,66627306,"1-6d",1,"1-6d",3,"IFNgLOW","Vaginal","Term",1,"cytof_Naive.CD4.T",15.2825727723402
"1396",119,66627297,"56-120dd",3,"56-120dd",112,"IFNgLOW","Vaginal","Term",1,"cytof_Naive.CD4.T",38.8495771825088
"1397",119,66627429,"CB",0,"CB",0,"IFNgLOW","Vaginal","Term",1,"cytof_Naive.CD4.T",6.93111176893474
"1398",122,66627275,"1-6d",1,"1-6d",3,"IFNgLOW","Vaginal","Term",0,"cytof_Naive.CD4.T",19.4280182663776
"1399",122,66627435,"CB",0,"CB",0,"IFNgLOW","Vaginal","Term",0,"cytof_Naive.CD4.T",22.398317689901
"1400",126,2600100694,"CB",0,"CB",0,"IFNgHIGH","C-section","Term",0,"cytof_Naive.CD4.T",7.27342697710218
"1401",126,2600100446,"56-120dd",3,"56-120dd",95,"IFNgHIGH","C-section","Term",0,"cytof_Naive.CD4.T",18.7593752757434
"1402",126,2600100479,"1-6d",1,"1-6d",2,"IFNgHIGH","C-section","Term",0,"cytof_Naive.CD4.T",7.23391639490069
"1403",129,2600100693,"CB",0,"CB",0,"IFNgHIGH","Vaginal","Term",1,"cytof_Naive.CD4.T",18.9979979651449
"1404",129,2600100472,"1-6d",1,"1-6d",3,"IFNgHIGH","Vaginal","Term",1,"cytof_Naive.CD4.T",15.2345564328843
"1405",141,2600100690,"CB",0,"CB",0,"IFNgLOW","Vaginal","Term",1,"cytof_Naive.CD4.T",11.6698557392557
"1406",141,2600100443,"56-120dd",3,"56-120dd",85,"IFNgLOW","Vaginal","Term",1,"cytof_Naive.CD4.T",17.5752545598089
"1407",141,2600100475,"1-6d",1,"1-6d",2,"IFNgLOW","Vaginal","Term",1,"cytof_Naive.CD4.T",15.1888141148576
"1408",144,2600100686,"CB",0,"CB",0,"IFNgLOW","Vaginal","Term",0,"cytof_Naive.CD4.T",4.43652849740932
"1409",144,2600100483,"1-6d",1,"1-6d",2,"IFNgLOW","Vaginal","Term",0,"cytof_Naive.CD4.T",8.02685792766671
"1410",144,2600100439,"56-120dd",3,"56-120dd",79,"IFNgLOW","Vaginal","Term",0,"cytof_Naive.CD4.T",9.97782705099779
"1411",147,2600100687,"CB",0,"CB",0,"IFNgLOW","C-section","Term",1,"cytof_Naive.CD4.T",2.90519877675841
"1412",147,2600100430,"56-120dd",3,"56-120dd",77,"IFNgLOW","C-section","Term",1,"cytof_Naive.CD4.T",7.04
"1413",147,2600100468,"1-6d",1,"1-6d",2,"IFNgLOW","C-section","Term",1,"cytof_Naive.CD4.T",3.41951626355296
"1414",150,2600100684,"CB",0,"CB",0,"IFNgHIGH","C-section","Term",1,"cytof_Naive.CD4.T",2.64900662251655
"1415",150,2600100469,"1-6d",1,"1-6d",3,"IFNgHIGH","C-section","Term",1,"cytof_Naive.CD4.T",6.45826176571625
"1416",153,2600100470,"1-6d",1,"1-6d",2,"IFNgLOW","C-section","Term",0,"cytof_Naive.CD4.T",11.0047846889952
"1417",153,2600100426,"56-120dd",3,"56-120dd",78,"IFNgLOW","C-section","Term",0,"cytof_Naive.CD4.T",19.1830559757942
"1418",153,2600100685,"CB",0,"CB",0,"IFNgLOW","C-section","Term",0,"cytof_Naive.CD4.T",7.26948291244812
"1419",162,2600100425,"56-120dd",3,"56-120dd",69,"IFNgLOW","C-section","Term",0,"cytof_Naive.CD4.T",6.34469696969696
"1420",162,2600100683,"CB",0,"CB",0,"IFNgLOW","C-section","Term",0,"cytof_Naive.CD4.T",4.5309381237525
"1421",162,2600100341,"1-6d",1,"1-6d",2,"IFNgLOW","C-section","Term",0,"cytof_Naive.CD4.T",4.20706912730685
"1422",165,2600100680,"CB",0,"CB",0,"IFNgHIGH","Vaginal","Term",0,"cytof_Naive.CD4.T",0.970757430488974
"1423",165,2600100477,"1-6d",1,"1-6d",2,"IFNgHIGH","Vaginal","Term",0,"cytof_Naive.CD4.T",1.37126483831355
"1424",168,2600100679,"CB",0,"CB",0,"IFNgHIGH","Vaginal","Term",0,"cytof_Naive.CD4.T",3.39816677844848
"1425",168,2600100467,"1-6d",1,"1-6d",2,"IFNgHIGH","Vaginal","Term",0,"cytof_Naive.CD4.T",5.762104491591
"1426",174,2600100626,"CB",0,"CB",0,"IFNgHIGH","C-section","Term",1,"cytof_Naive.CD4.T",3.63050823595664
"1427",174,2600100463,"1-6d",1,"1-6d",2,"IFNgHIGH","C-section","Term",1,"cytof_Naive.CD4.T",4.01807344308105
"1428",177,2600100462,"1-6d",1,"1-6d",2,"IFNgHIGH","C-section","Term",1,"cytof_Naive.CD4.T",3.14415504552578
"1429",177,2600100675,"CB",0,"CB",0,"IFNgHIGH","C-section","Term",1,"cytof_Naive.CD4.T",2.9481864247231
"1430",180,2600100466,"1-6d",1,"1-6d",2,"IFNgLOW","C-section","Term",0,"cytof_Naive.CD4.T",1.3444032366824
"1431",180,2600100356,"56-120dd",3,"56-120dd",118,"IFNgLOW","C-section","Term",0,"cytof_Naive.CD4.T",5.20138903774839
"1432",180,2600100677,"CB",0,"CB",0,"IFNgLOW","C-section","Term",0,"cytof_Naive.CD4.T",0.0777831793874574
"1433",189,2600100453,"1-6d",1,"1-6d",6,"IFNgLOW","C-section","Preterm",1,"cytof_Naive.CD4.T",13.9422123289181
"1434",189,2600100666,"CB",0,"CB",0,"IFNgLOW","C-section","Preterm",1,"cytof_Naive.CD4.T",13.2185094692407
"1435",203,66600227,"56-120dd",3,"56-120dd",84,"IFNgLOW","C-section","Preterm",0,"cytof_Naive.CD4.T",18.9723230490018
"1436",204,66600193,"1-6d",1,"1-6d",2,"IFNgLOW","C-section","Preterm",1,"cytof_Naive.CD4.T",6.69868554095045
"1437",204,66600238,"56-120dd",3,"56-120dd",89,"IFNgLOW","C-section","Preterm",1,"cytof_Naive.CD4.T",8.26157158234661
"1438",205,66600239,"56-120dd",3,"56-120dd",89,"IFNgLOW","C-section","Preterm",0,"cytof_Naive.CD4.T",11.100344530577
"1439",205,66600192,"1-6d",1,"1-6d",2,"IFNgLOW","C-section","Preterm",0,"cytof_Naive.CD4.T",2.60908636024794
"1440",206,66600240,"56-120dd",3,"56-120dd",83,"IFNgLOW","Vaginal","Preterm",1,"cytof_Naive.CD4.T",24.548132813122
"1441",210,66600164,"1-6d",1,"1-6d",6,"IFNgLOW","C-section","Preterm",1,"cytof_Naive.CD4.T",22.7027699452646
"1442",210,66627234,"56-120dd",3,"56-120dd",67,"IFNgLOW","C-section","Preterm",1,"cytof_Naive.CD4.T",32.86135002828
"1443",210,66600210,"CB",0,"CB",0,"IFNgLOW","C-section","Preterm",1,"cytof_Naive.CD4.T",30.3671849156467
"1444",211,66627244,"56-120dd",3,"56-120dd",86,"IFNgLOW","C-section","Preterm",0,"cytof_Naive.CD4.T",26.6364551863041
"1445",211,66600168,"CB",0,"CB",0,"IFNgLOW","C-section","Preterm",0,"cytof_Naive.CD4.T",52.1544295070665
"1446",211,66600224,"1-6d",1,"1-6d",3,"IFNgLOW","C-section","Preterm",0,"cytof_Naive.CD4.T",23.0183150183151
"1447",212,66627412,"CB",0,"CB",0,"IFNgLOW","C-section","Preterm",0,"cytof_Naive.CD4.T",0.344005587204839
"1448",212,66627215,"1-6d",1,"1-6d",3,"IFNgLOW","C-section","Preterm",0,"cytof_Naive.CD4.T",8.48110986994335
"1449",213,66627411,"CB",0,"CB",0,"IFNgLOW","C-section","Preterm",0,"cytof_Naive.CD4.T",0.976870152668152
"1450",213,66627214,"1-6d",1,"1-6d",3,"IFNgLOW","C-section","Preterm",0,"cytof_Naive.CD4.T",5.70811270695967
"1451",213,66627246,"56-120dd",3,"56-120dd",86,"IFNgLOW","C-section","Preterm",0,"cytof_Naive.CD4.T",26.6366579799416
"1452",214,66627410,"CB",0,"CB",0,"IFNgLOW","C-section","Preterm",1,"cytof_Naive.CD4.T",1.52607409098493
"1453",214,66627213,"1-6d",1,"1-6d",3,"IFNgLOW","C-section","Preterm",1,"cytof_Naive.CD4.T",6.6592020743709
"1454",214,66627247,"56-120dd",3,"56-120dd",86,"IFNgLOW","C-section","Preterm",1,"cytof_Naive.CD4.T",21.0294968189705
"1455",215,66627218,"1-6d",1,"1-6d",3,"IFNgLOW","C-section","Preterm",0,"cytof_Naive.CD4.T",25.5647190383002
"1456",215,66627501,"CB",0,"CB",0,"IFNgLOW","C-section","Preterm",0,"cytof_Naive.CD4.T",28.8292760766653
"1457",215,66627254,"56-120dd",3,"56-120dd",95,"IFNgLOW","C-section","Preterm",0,"cytof_Naive.CD4.T",20.3181461620565
"1458",216,66627219,"1-6d",1,"1-6d",3,"IFNgLOW","C-section","Preterm",1,"cytof_Naive.CD4.T",29.0245349379211
"1459",216,66627248,"56-120dd",3,"56-120dd",81,"IFNgLOW","C-section","Preterm",1,"cytof_Naive.CD4.T",40.9867004151957
"1460",216,66627503,"CB",0,"CB",0,"IFNgLOW","C-section","Preterm",1,"cytof_Naive.CD4.T",20.6275606584726
"1461",216,66627221,"CB",0,"CB",0,"IFNgLOW","C-section","Preterm",1,"cytof_Naive.CD4.T",41.8121898556764
"1462",217,66627217,"1-6d",1,"1-6d",3,"IFNgLOW","C-section","Preterm",1,"cytof_Naive.CD4.T",11.1033424283765
"1463",217,66627249,"56-120dd",3,"56-120dd",81,"IFNgLOW","C-section","Preterm",1,"cytof_Naive.CD4.T",24.9602198755967
"1464",217,66627504,"CB",0,"CB",0,"IFNgLOW","C-section","Preterm",1,"cytof_Naive.CD4.T",21.2204724409449
"1465",217,66627222,"CB",0,"CB",0,"IFNgLOW","C-section","Preterm",1,"cytof_Naive.CD4.T",9.41356433261145
"1466",218,66627229,"1-6d",1,"1-6d",4,"IFNgLOW","Vaginal","Preterm",0,"cytof_Naive.CD4.T",1.51587615146285
"1467",218,66627256,"56-120dd",3,"56-120dd",104,"IFNgLOW","Vaginal","Preterm",0,"cytof_Naive.CD4.T",37.31055387159
"1468",219,66627230,"1-6d",1,"1-6d",4,"IFNgLOW","C-section","Preterm",0,"cytof_Naive.CD4.T",4.01679496151156
"1469",219,66627413,"CB",0,"CB",0,"IFNgLOW","C-section","Preterm",0,"cytof_Naive.CD4.T",7.19724437998549
"1470",219,66627255,"56-120dd",3,"56-120dd",81,"IFNgLOW","C-section","Preterm",0,"cytof_Naive.CD4.T",27.7296185111479
"1471",220,66627235,"1-6d",1,"1-6d",5,"IFNgLOW","C-section","Preterm",0,"cytof_Naive.CD4.T",6.73322199996327
"1472",220,66627414,"CB",0,"CB",0,"IFNgLOW","C-section","Preterm",0,"cytof_Naive.CD4.T",7.39353585795533
"1473",220,66627257,"56-120dd",3,"56-120dd",90,"IFNgLOW","C-section","Preterm",0,"cytof_Naive.CD4.T",29.995232192238
"1474",221,66627261,"56-120dd",3,"56-120dd",104,"IFNgLOW","C-section","Preterm",0,"cytof_Naive.CD4.T",5.13430751899982
"1475",221,66627415,"CB",0,"CB",0,"IFNgLOW","C-section","Preterm",0,"cytof_Naive.CD4.T",1.05449946969079
"1476",221,66627241,"1-6d",1,"1-6d",2,"IFNgLOW","C-section","Preterm",0,"cytof_Naive.CD4.T",0.565271778894948
"1477",223,66627418,"1-6d",1,"1-6d",1,"IFNgLOW","C-section","Preterm",0,"cytof_Naive.CD4.T",8.2664579463048
"1478",223,66627267,"56-120dd",3,"56-120dd",79,"IFNgLOW","C-section","Preterm",0,"cytof_Naive.CD4.T",29.2853174890707
"1479",223,66627251,"1-6d",1,"1-6d",3,"IFNgLOW","C-section","Preterm",0,"cytof_Naive.CD4.T",24.7789459026666
"1480",224,66627258,"1-6d",1,"1-6d",5,"IFNgLOW","C-section","Preterm",1,"cytof_Naive.CD4.T",12.2765795779999
"1481",225,66627259,"1-6d",1,"1-6d",6,"IFNgLOW","C-section","Preterm",1,"cytof_Naive.CD4.T",20.3124445233446
"1482",225,66627500,"CB",0,"CB",0,"IFNgLOW","C-section","Preterm",1,"cytof_Naive.CD4.T",15.2436271089036
"1483",226,66627498,"CB",0,"CB",0,"IFNgLOW","C-section","Preterm",1,"cytof_Naive.CD4.T",8.43018918168191
"1484",226,66627270,"1-6d",1,"1-6d",2,"IFNgLOW","C-section","Preterm",1,"cytof_Naive.CD4.T",12.3368198172382
"1485",230,66627425,"CB",0,"CB",0,"IFNgLOW","C-section","Preterm",0,"cytof_Naive.CD4.T",14.4112335199567
"1486",230,66600169,"1-6d",1,"1-6d",6,"IFNgLOW","C-section","Preterm",0,"cytof_Naive.CD4.T",12.3483155218127
"1487",230,66600236,"56-120dd",3,"56-120dd",76,"IFNgLOW","C-section","Preterm",0,"cytof_Naive.CD4.T",6.70938902874426
"1488",267,2600100465,"1-6d",1,"1-6d",2,"IFNgLOW","C-section","Term",0,"cytof_Naive.CD4.T",0.0693962526023595
"1489",267,2600100353,"56-120dd",3,"56-120dd",118,"IFNgLOW","C-section","Term",0,"cytof_Naive.CD4.T",0.0675447483958123
"1490",267,2600100678,"CB",0,"CB",0,"IFNgLOW","C-section","Term",0,"cytof_Naive.CD4.T",0.180396873120866
"1491",270,2600100674,"CB",0,"CB",0,"IFNgHIGH","C-section","Term",0,"cytof_Naive.CD4.T",0.111049416990561
"1492",270,2600100460,"1-6d",1,"1-6d",2,"IFNgHIGH","C-section","Term",0,"cytof_Naive.CD4.T",0.146573836570172
"1493",273,2600100673,"CB",0,"CB",0,"IFNgLOW","C-section","Term",1,"cytof_Naive.CD4.T",2.15331610680448
"1494",273,2600100461,"1-6d",1,"1-6d",2,"IFNgLOW","C-section","Term",1,"cytof_Naive.CD4.T",3.95189003436426
"1495",276,2600100671,"CB",0,"CB",0,"IFNgHIGH","C-section","Term",1,"cytof_Naive.CD4.T",4.27398170234608
"1496",276,2600100458,"1-6d",1,"1-6d",2,"IFNgHIGH","C-section","Term",1,"cytof_Naive.CD4.T",7.65578919605821
"1497",282,2600100669,"CB",0,"CB",0,"IFNgHIGH","Vaginal","Term",1,"cytof_Naive.CD4.T",2.64322344322345
"1498",282,2600100456,"1-6d",1,"1-6d",2,"IFNgHIGH","Vaginal","Term",1,"cytof_Naive.CD4.T",3.80998101555852
"1499",285,2600100350,"56-120dd",3,"56-120dd",86,"IFNgHIGH","Vaginal","Term",0,"cytof_Naive.CD4.T",2.90388227927364
"1500",285,2600100455,"1-6d",1,"1-6d",2,"IFNgHIGH","Vaginal","Term",0,"cytof_Naive.CD4.T",8.57353532645127
"1501",285,2600100668,"CB",0,"CB",0,"IFNgHIGH","Vaginal","Term",0,"cytof_Naive.CD4.T",4.19724325373713
"1502",290,2600100447,"1-6d",1,"1-6d",3,"IFNgHIGH","Vaginal","Term",0,"cytof_Naive.CD4.T",10.4627197413619
"1503",290,2600100405,"56-120dd",3,"56-120dd",94,"IFNgHIGH","Vaginal","Term",0,"cytof_Naive.CD4.T",13.3215307095193
"1504",290,2600100664,"CB",0,"CB",0,"IFNgHIGH","Vaginal","Term",0,"cytof_Naive.CD4.T",8.64601769911504
"1505",293,2600100410,"56-120dd",3,"56-120dd",86,"IFNgLOW","Vaginal","Term",1,"cytof_Naive.CD4.T",1.35012839511759
"1506",293,2600100421,"1-6d",1,"1-6d",2,"IFNgLOW","Vaginal","Term",1,"cytof_Naive.CD4.T",1.98277120747554
"1507",293,2600100662,"CB",0,"CB",0,"IFNgLOW","Vaginal","Term",1,"cytof_Naive.CD4.T",1.54043645699615
"1508",297,2600100361,"1-6d",1,"1-6d",2,"IFNgHIGH","Vaginal","Term",1,"cytof_Naive.CD4.T",2.49804839968775
"1509",297,2600100519,"CB",0,"CB",0,"IFNgHIGH","Vaginal","Term",1,"cytof_Naive.CD4.T",1.71235289972518
"1510",299,2600100363,"1-6d",1,"1-6d",2,"IFNgHIGH","Vaginal","Term",1,"cytof_Naive.CD4.T",2.7599486521181
"1511",299,2600100520,"CB",0,"CB",0,"IFNgHIGH","Vaginal","Term",1,"cytof_Naive.CD4.T",3.38986666666667
"1512",302,2600100364,"1-6d",1,"1-6d",3,"IFNgHIGH","Vaginal","Term",1,"cytof_Naive.CD4.T",2.71661296097387
"1513",302,2600100521,"CB",0,"CB",0,"IFNgHIGH","Vaginal","Term",1,"cytof_Naive.CD4.T",2.60915528255976
"1514",305,2600100411,"56-120dd",3,"56-120dd",77,"IFNgHIGH","Vaginal","Term",1,"cytof_Naive.CD4.T",6.62719692507981
"1515",305,2600100371,"1-6d",1,"1-6d",3,"IFNgHIGH","Vaginal","Term",1,"cytof_Naive.CD4.T",7.1494816677315
"1516",305,2600100522,"CB",0,"CB",0,"IFNgHIGH","Vaginal","Term",1,"cytof_Naive.CD4.T",6.82764574446476
"1517",308,2600100374,"1-6d",1,"1-6d",3,"IFNgHIGH","Vaginal","Term",1,"cytof_Naive.CD4.T",10.0832562442183
"1518",308,2600100523,"CB",0,"CB",0,"IFNgHIGH","Vaginal","Term",1,"cytof_Naive.CD4.T",6.52308494346876
"1519",311,2600164329,"56-120dd",3,"56-120dd",119,"IFNgHIGH","Vaginal","Term",0,"cytof_Naive.CD4.T",10.8657757117954
"1520",311,2600100369,"1-6d",1,"1-6d",2,"IFNgHIGH","Vaginal","Term",0,"cytof_Naive.CD4.T",7.12781954887218
"1521",311,2600100524,"CB",0,"CB",0,"IFNgHIGH","Vaginal","Term",0,"cytof_Naive.CD4.T",7.20716032679399
"1522",324,2600100347,"1-6d",1,"1-6d",6,"IFNgLOW","Vaginal","Preterm",1,"cytof_Naive.CD4.T",7.27290572704519
"1523",324,2600100517,"CB",0,"CB",0,"IFNgLOW","Vaginal","Preterm",1,"cytof_Naive.CD4.T",3.43826405867971
"1524",332,2600100376,"1-6d",1,"1-6d",2,"IFNgHIGH","Vaginal","Term",0,"cytof_Naive.CD4.T",3.67601246105919
"1525",332,2600100525,"CB",0,"CB",0,"IFNgHIGH","Vaginal","Term",0,"cytof_Naive.CD4.T",1.32903026044705
"1526",334,2600100377,"1-6d",1,"1-6d",5,"IFNgLOW","Vaginal","Term",0,"cytof_Naive.CD4.T",2.4554963349923
"1527",334,2600100526,"CB",0,"CB",0,"IFNgLOW","Vaginal","Term",0,"cytof_Naive.CD4.T",1.26031625327101
"1528",337,2600100688,"CB",0,"CB",0,"IFNgLOW","Vaginal","Term",1,"cytof_Naive.CD4.T",6.12171466889096
"1529",337,2600100471,"1-6d",1,"1-6d",5,"IFNgLOW","Vaginal","Term",1,"cytof_Naive.CD4.T",12.3011724032175
"1530",337,2600100431,"56-120dd",3,"56-120dd",83,"IFNgLOW","Vaginal","Term",1,"cytof_Naive.CD4.T",24.4119358324329
"1531",340,2600100380,"1-6d",1,"1-6d",3,"IFNgHIGH","Vaginal","Term",0,"cytof_Naive.CD4.T",12.1705963938974
"1532",340,2600164340,"56-120dd",3,"56-120dd",104,"IFNgHIGH","Vaginal","Term",0,"cytof_Naive.CD4.T",7.08967303334413
"1533",340,2600100528,"CB",0,"CB",0,"IFNgHIGH","Vaginal","Term",0,"cytof_Naive.CD4.T",4.0641158221303
"1534",343,2600100378,"1-6d",1,"1-6d",6,"IFNgLOW","Vaginal","Preterm",0,"cytof_Naive.CD4.T",3.43756069139639
"1535",343,2600100527,"1-6d",1,"1-6d",1,"IFNgLOW","Vaginal","Preterm",0,"cytof_Naive.CD4.T",1.63040629095675
"1536",343,2600164342,"56-120dd",3,"56-120dd",112,"IFNgLOW","Vaginal","Preterm",0,"cytof_Naive.CD4.T",3.57561867343319
"1537",347,2600100538,"CB",0,"CB",0,"IFNgLOW","C-section","Preterm",1,"cytof_Naive.CD4.T",11.6262353998203
"1538",347,2600100413,"1-6d",1,"1-6d",5,"IFNgLOW","C-section","Preterm",1,"cytof_Naive.CD4.T",5.17036087195457
"1539",347,2600164338,"56-120dd",3,"56-120dd",74,"IFNgLOW","C-section","Preterm",1,"cytof_Naive.CD4.T",11.2144292322789
"1540",350,2600164314,"1-6d",1,"1-6d",5,"IFNgLOW","C-section","Preterm",1,"cytof_Naive.CD4.T",9.79343654318858
"1541",350,2600164465,"1-6d",1,"1-6d",2,"IFNgLOW","C-section","Preterm",1,"cytof_Naive.CD4.T",6.41305032436858
"1542",356,2600164316,"1-6d",1,"1-6d",2,"IFNgLOW","C-section","Preterm",1,"cytof_Naive.CD4.T",6.51936218678815
"1543",356,2600164464,"CB",0,"CB",0,"IFNgLOW","C-section","Preterm",1,"cytof_Naive.CD4.T",4.7623862487361
"1544",356,2600164343,"56-120dd",3,"56-120dd",58,"IFNgLOW","C-section","Preterm",1,"cytof_Naive.CD4.T",6.87280218065295
"1545",357,2600164461,"CB",0,"CB",0,"IFNgHIGH","Vaginal","Term",1,"cytof_Naive.CD4.T",2.02701283424707
"1546",357,2600164353,"56-120dd",3,"56-120dd",92,"IFNgHIGH","Vaginal","Term",1,"cytof_Naive.CD4.T",8.00742220953469
"1547",357,2600164322,"1-6d",1,"1-6d",3,"IFNgHIGH","Vaginal","Term",1,"cytof_Naive.CD4.T",3.86041439476554
"1548",363,2600164325,"1-6d",1,"1-6d",2,"IFNgLOW","Vaginal","Term",1,"cytof_Naive.CD4.T",0.975465563109667
"1549",363,2600164467,"CB",0,"CB",0,"IFNgLOW","Vaginal","Term",1,"cytof_Naive.CD4.T",1.40469003947063
"1550",366,2600164367,"56-120dd",3,"56-120dd",92,"IFNgHIGH","Vaginal","Term",1,"cytof_Naive.CD4.T",9.33848560125126
"1551",366,2600164320,"1-6d",1,"1-6d",2,"IFNgHIGH","Vaginal","Term",1,"cytof_Naive.CD4.T",2.11807334054218
"1552",366,2600100547,"CB",0,"CB",0,"IFNgHIGH","Vaginal","Term",1,"cytof_Naive.CD4.T",3.05022252844453
"1553",367,2600100548,"CB",0,"CB",0,"IFNgHIGH","Vaginal","Term",1,"cytof_Naive.CD4.T",1.9015090957537
"1554",367,2600164323,"1-6d",1,"1-6d",2,"IFNgHIGH","Vaginal","Term",1,"cytof_Naive.CD4.T",3.31626090413714
"1555",376,2600100550,"1-6d",1,"1-6d",2,"IFNgLOW","C-section","Preterm",0,"cytof_Naive.CD4.T",1.19198464991673
"1556",376,2600164331,"1-6d",1,"1-6d",5,"IFNgLOW","C-section","Preterm",0,"cytof_Naive.CD4.T",2.31691371451615
"1557",379,2600164336,"1-6d",1,"1-6d",4,"IFNgHIGH","C-section","Preterm",0,"cytof_Naive.CD4.T",19.2145225109614
"1558",379,2600164469,"CB",0,"CB",0,"IFNgHIGH","C-section","Preterm",0,"cytof_Naive.CD4.T",18.3788854520562
"1559",382,2600164335,"1-6d",1,"1-6d",3,"IFNgHIGH","Vaginal","Term",0,"cytof_Naive.CD4.T",6.04627495585023
"1560",382,2600164468,"CB",0,"CB",0,"IFNgHIGH","Vaginal","Term",0,"cytof_Naive.CD4.T",4.91109780543045
"1561",386,2600164471,"1-6d",1,"1-6d",2,"IFNgHIGH","C-section","Preterm",0,"cytof_Naive.CD4.T",1.83054528531168
"1562",437,2600164476,"CB",0,"CB",0,"IFNgLOW","Vaginal","Preterm",1,"cytof_Naive.CD4.T",22.0890668754328
"1563",437,2600164346,"1-6d",1,"1-6d",4,"IFNgLOW","Vaginal","Preterm",1,"cytof_Naive.CD4.T",9.00216629670241
"1564",437,2600164378,"56-120dd",3,"56-120dd",76,"IFNgLOW","Vaginal","Preterm",1,"cytof_Naive.CD4.T",21.05867163965
"1565",477,2600164470,"CB",0,"CB",0,"IFNgLOW","Vaginal","Term",0,"cytof_Naive.CD4.T",4.98517158593419
"1566",477,2600164345,"1-6d",1,"1-6d",4,"IFNgLOW","Vaginal","Term",0,"cytof_Naive.CD4.T",8.04208183703405
"1567",480,2600164474,"CB",0,"CB",0,"IFNgHIGH","Vaginal","Term",0,"cytof_Naive.CD4.T",3.02586270056415
"1568",480,2600164356,"1-6d",1,"1-6d",1,"IFNgHIGH","Vaginal","Term",0,"cytof_Naive.CD4.T",4.76190476190476
"1569",488,2600164478,"1-6d",1,"1-6d",3,"IFNgLOW","Vaginal","Term",0,"cytof_Naive.CD4.T",0.479079196118775
"1570",488,2600164372,"1-6d",1,"1-6d",2,"IFNgLOW","Vaginal","Term",0,"cytof_Naive.CD4.T",1.30011340917328
"1571",492,2600164373,"1-6d",1,"1-6d",2,"IFNgHIGH","Vaginal","Term",1,"cytof_Naive.CD4.T",2.41251325556733
"1572",492,2600100553,"CB",0,"CB",0,"IFNgHIGH","Vaginal","Term",1,"cytof_Naive.CD4.T",2.72345126529542
"1573",508,2600164368,"1-6d",1,"1-6d",2,"IFNgLOW","C-section","Preterm",0,"cytof_Naive.CD4.T",3.89822824515402
"1574",508,2600164473,"CB",0,"CB",0,"IFNgLOW","C-section","Preterm",0,"cytof_Naive.CD4.T",3.82976693904804
"1575",522,2600164496,"CB",0,"CB",0,"IFNgHIGH","Vaginal","Term",0,"cytof_Naive.CD4.T",2.9123387844942
"1576",522,2600164397,"1-6d",1,"1-6d",3,"IFNgHIGH","Vaginal","Term",0,"cytof_Naive.CD4.T",6.18340013686576
"1577",522,2600164442,"56-120dd",3,"56-120dd",99,"IFNgHIGH","Vaginal","Term",0,"cytof_Naive.CD4.T",8.37834095000691
"1578",529,2600164502,"1-6d",1,"1-6d",1,"IFNgLOW","C-section","Preterm",0,"cytof_Naive.CD4.T",17.6368849847527
"1579",529,2600164407,"1-6d",1,"1-6d",2,"IFNgLOW","C-section","Preterm",0,"cytof_Naive.CD4.T",3.14430095451993
"1580",529,2600164409,"1-6d",1,"1-6d",6,"IFNgLOW","C-section","Preterm",0,"cytof_Naive.CD4.T",10.281654544944
"1581",530,2600164408,"1-6d",1,"1-6d",6,"IFNgLOW","C-section","Preterm",0,"cytof_Naive.CD4.T",6.60231271995978
"1582",530,2600164405,"1-6d",1,"1-6d",2,"IFNgLOW","C-section","Preterm",0,"cytof_Naive.CD4.T",7.69610524770837
"1583",531,2600164406,"1-6d",1,"1-6d",2,"IFNgHIGH","C-section","Preterm",0,"cytof_Naive.CD4.T",12.3815255002257
"1584",531,2600164411,"1-6d",1,"1-6d",6,"IFNgHIGH","C-section","Preterm",0,"cytof_Naive.CD4.T",6.48693520970866
"1585",531,2600164499,"1-6d",1,"1-6d",1,"IFNgHIGH","C-section","Preterm",0,"cytof_Naive.CD4.T",14.7976878612717
"1586",532,2600164414,"1-6d",1,"1-6d",2,"IFNgHIGH","Vaginal","Term",0,"cytof_Naive.CD4.T",5.88309397833207
"1587",532,2600164503,"CB",0,"CB",0,"IFNgHIGH","Vaginal","Term",0,"cytof_Naive.CD4.T",3.39218753880156
"1588",533,2600164416,"1-6d",1,"1-6d",3,"IFNgHIGH","Vaginal","Term",0,"cytof_Naive.CD4.T",7.76546812871297
"1589",533,2600164504,"CB",0,"CB",0,"IFNgHIGH","Vaginal","Term",0,"cytof_Naive.CD4.T",8.85160082142515
"1590",534,2600164505,"CB",0,"CB",0,"IFNgHIGH","Vaginal","Term",1,"cytof_Naive.CD4.T",3.58742581782312
"1591",534,2600164415,"1-6d",1,"1-6d",2,"IFNgHIGH","Vaginal","Term",1,"cytof_Naive.CD4.T",6.68717781535892
"1592",537,2600164417,"1-6d",1,"1-6d",2,"IFNgHIGH","Vaginal","Term",0,"cytof_Naive.CD4.T",8.31338121840915
"1593",537,2600164506,"CB",0,"CB",0,"IFNgHIGH","Vaginal","Term",0,"cytof_Naive.CD4.T",3.03169991745371
"1594",542,2600164452,"1-6d",1,"1-6d",6,"IFNgLOW","C-section","Preterm",0,"cytof_Naive.CD4.T",9.4532088874205
"1595",542,2600164513,"CB",0,"CB",0,"IFNgLOW","C-section","Preterm",0,"cytof_Naive.CD4.T",11.9212682406555
"1596",545,2600164514,"CB",0,"CB",0,"IFNgLOW","C-section","Preterm",0,"cytof_Naive.CD4.T",10.5007362007254
"1597",15,2600100700,"CB",0,"CB",0,"IFNgHIGH","Vaginal","Term",1,"cytof_Naive.CD8.T",0.071301247771836
"1598",15,2600100490,"1-6d",1,"1-6d",2,"IFNgHIGH","Vaginal","Term",1,"cytof_Naive.CD8.T",0.0752823086574655
"1599",18,2600100486,"1-6d",1,"1-6d",2,"IFNgHIGH","Vaginal","Term",1,"cytof_Naive.CD8.T",3.1986531986532
"1600",18,2600100707,"CB",0,"CB",0,"IFNgHIGH","Vaginal","Term",1,"cytof_Naive.CD8.T",2.20820189274448
"1601",28,2600100706,"CB",0,"CB",0,"IFNgHIGH","Vaginal","Term",0,"cytof_Naive.CD8.T",2.78350515463917
"1602",28,2600100503,"1-6d",1,"1-6d",5,"IFNgHIGH","Vaginal","Term",0,"cytof_Naive.CD8.T",4.49308755760369
"1603",42,2600100429,"56-120dd",3,"56-120dd",108,"IFNgLOW","Vaginal","Term",1,"cytof_Naive.CD8.T",3.18331503841932
"1604",42,2600100480,"1-6d",1,"1-6d",3,"IFNgLOW","Vaginal","Term",1,"cytof_Naive.CD8.T",5.30855415258758
"1605",42,2600100343,"56-120dd",3,"56-120dd",63,"IFNgLOW","Vaginal","Term",1,"cytof_Naive.CD8.T",2.76923076923076
"1606",42,2600100696,"CB",0,"CB",0,"IFNgLOW","Vaginal","Term",1,"cytof_Naive.CD8.T",2.59579728059333
"1607",80,2600100695,"CB",0,"CB",0,"IFNgHIGH","C-section","Term",1,"cytof_Naive.CD8.T",4.27558257345491
"1608",80,2600100485,"1-6d",1,"1-6d",4,"IFNgHIGH","C-section","Term",1,"cytof_Naive.CD8.T",2.3784794349813
"1609",88,66600203,"56-120dd",3,"56-120dd",105,"IFNgLOW","Vaginal","Term",0,"cytof_Naive.CD8.T",4.58632532001249
"1610",93,66600194,"56-120dd",3,"56-120dd",105,"IFNgLOW","Vaginal","Term",0,"cytof_Naive.CD8.T",4.22992577597841
"1611",101,66600197,"56-120dd",3,"56-120dd",113,"IFNgLOW","Vaginal","Term",1,"cytof_Naive.CD8.T",3.33595143075486
"1612",104,66600202,"56-120dd",3,"56-120dd",71,"IFNgLOW","Vaginal","Term",1,"cytof_Naive.CD8.T",4.59389163859045
"1613",107,66600241,"1-6d",1,"1-6d",4,"IFNgLOW","Vaginal","Term",1,"cytof_Naive.CD8.T",1.42393275326464
"1614",107,66600231,"CB",0,"CB",0,"IFNgLOW","Vaginal","Term",1,"cytof_Naive.CD8.T",0.733735391669722
"1615",107,66627239,"56-120dd",3,"56-120dd",94,"IFNgLOW","Vaginal","Term",1,"cytof_Naive.CD8.T",4.20238621299161
"1616",110,66627240,"56-120dd",3,"56-120dd",85,"IFNgLOW","Vaginal","Term",1,"cytof_Naive.CD8.T",2.10803747229752
"1617",110,66600235,"CB",0,"CB",0,"IFNgLOW","Vaginal","Term",1,"cytof_Naive.CD8.T",1.10726267265684
"1618",110,66600233,"1-6d",1,"1-6d",2,"IFNgLOW","Vaginal","Term",1,"cytof_Naive.CD8.T",1.11474362125756
"1619",113,66593911,"1-6d",1,"1-6d",2,"IFNgLOW","Vaginal","Term",0,"cytof_Naive.CD8.T",2.45950741062395
"1620",113,66600237,"CB",0,"CB",0,"IFNgLOW","Vaginal","Term",0,"cytof_Naive.CD8.T",8.91488534191522
"1621",116,66627285,"1-6d",1,"1-6d",3,"IFNgLOW","Vaginal","Term",1,"cytof_Naive.CD8.T",4.14483087184374
"1622",116,66627428,"CB",0,"CB",0,"IFNgLOW","Vaginal","Term",1,"cytof_Naive.CD8.T",8.47201210287444
"1623",119,66627306,"1-6d",1,"1-6d",3,"IFNgLOW","Vaginal","Term",1,"cytof_Naive.CD8.T",4.58929706368374
"1624",119,66627297,"56-120dd",3,"56-120dd",112,"IFNgLOW","Vaginal","Term",1,"cytof_Naive.CD8.T",10.2256129553737
"1625",119,66627429,"CB",0,"CB",0,"IFNgLOW","Vaginal","Term",1,"cytof_Naive.CD8.T",1.51393411426397
"1626",122,66627275,"1-6d",1,"1-6d",3,"IFNgLOW","Vaginal","Term",0,"cytof_Naive.CD8.T",5.54515036090827
"1627",122,66627435,"CB",0,"CB",0,"IFNgLOW","Vaginal","Term",0,"cytof_Naive.CD8.T",6.36508180745757
"1628",126,2600100694,"CB",0,"CB",0,"IFNgHIGH","C-section","Term",0,"cytof_Naive.CD8.T",8.15374254377527
"1629",126,2600100446,"56-120dd",3,"56-120dd",95,"IFNgHIGH","C-section","Term",0,"cytof_Naive.CD8.T",9.67675519868233
"1630",126,2600100479,"1-6d",1,"1-6d",2,"IFNgHIGH","C-section","Term",0,"cytof_Naive.CD8.T",4.45893863029944
"1631",129,2600100693,"CB",0,"CB",0,"IFNgHIGH","Vaginal","Term",1,"cytof_Naive.CD8.T",7.68650103383767
"1632",129,2600100472,"1-6d",1,"1-6d",3,"IFNgHIGH","Vaginal","Term",1,"cytof_Naive.CD8.T",5.05003589072331
"1633",141,2600100690,"CB",0,"CB",0,"IFNgLOW","Vaginal","Term",1,"cytof_Naive.CD8.T",5.64358351428633
"1634",141,2600100443,"56-120dd",3,"56-120dd",85,"IFNgLOW","Vaginal","Term",1,"cytof_Naive.CD8.T",7.3766675438774
"1635",141,2600100475,"1-6d",1,"1-6d",2,"IFNgLOW","Vaginal","Term",1,"cytof_Naive.CD8.T",5.18149168381045
"1636",144,2600100686,"CB",0,"CB",0,"IFNgLOW","Vaginal","Term",0,"cytof_Naive.CD8.T",2.52590673575129
"1637",144,2600100483,"1-6d",1,"1-6d",2,"IFNgLOW","Vaginal","Term",0,"cytof_Naive.CD8.T",3.70822524034794
"1638",144,2600100439,"56-120dd",3,"56-120dd",79,"IFNgLOW","Vaginal","Term",0,"cytof_Naive.CD8.T",4.87804878048781
"1639",147,2600100687,"CB",0,"CB",0,"IFNgLOW","C-section","Term",1,"cytof_Naive.CD8.T",7.53058103975535
"1640",147,2600100430,"56-120dd",3,"56-120dd",77,"IFNgLOW","C-section","Term",1,"cytof_Naive.CD8.T",8.74666666666666
"1641",147,2600100468,"1-6d",1,"1-6d",2,"IFNgLOW","C-section","Term",1,"cytof_Naive.CD8.T",10.0500417014178
"1642",150,2600100684,"CB",0,"CB",0,"IFNgHIGH","C-section","Term",1,"cytof_Naive.CD8.T",7.11920529801325
"1643",150,2600100469,"1-6d",1,"1-6d",3,"IFNgHIGH","C-section","Term",1,"cytof_Naive.CD8.T",7.83236001374099
"1644",153,2600100470,"1-6d",1,"1-6d",2,"IFNgLOW","C-section","Term",0,"cytof_Naive.CD8.T",6.53479335923701
"1645",153,2600100426,"56-120dd",3,"56-120dd",78,"IFNgLOW","C-section","Term",0,"cytof_Naive.CD8.T",4.76138082794665
"1646",153,2600100685,"CB",0,"CB",0,"IFNgLOW","C-section","Term",0,"cytof_Naive.CD8.T",6.2609100430583
"1647",162,2600100425,"56-120dd",3,"56-120dd",69,"IFNgLOW","C-section","Term",0,"cytof_Naive.CD8.T",14.251893939394
"1648",162,2600100683,"CB",0,"CB",0,"IFNgLOW","C-section","Term",0,"cytof_Naive.CD8.T",9.20159680638722
"1649",162,2600100341,"1-6d",1,"1-6d",2,"IFNgLOW","C-section","Term",0,"cytof_Naive.CD8.T",8.80512980919613
"1650",165,2600100680,"CB",0,"CB",0,"IFNgHIGH","Vaginal","Term",0,"cytof_Naive.CD8.T",4.36241610738255
"1651",165,2600100477,"1-6d",1,"1-6d",2,"IFNgHIGH","Vaginal","Term",0,"cytof_Naive.CD8.T",3.86819484240687
"1652",168,2600100679,"CB",0,"CB",0,"IFNgHIGH","Vaginal","Term",0,"cytof_Naive.CD8.T",4.68589313659737
"1653",168,2600100467,"1-6d",1,"1-6d",2,"IFNgHIGH","Vaginal","Term",0,"cytof_Naive.CD8.T",3.40432463248768
"1654",174,2600100626,"CB",0,"CB",0,"IFNgHIGH","C-section","Term",1,"cytof_Naive.CD8.T",2.74883851893566
"1655",174,2600100463,"1-6d",1,"1-6d",2,"IFNgHIGH","C-section","Term",1,"cytof_Naive.CD8.T",3.02538620153466
"1656",177,2600100462,"1-6d",1,"1-6d",2,"IFNgHIGH","C-section","Term",1,"cytof_Naive.CD8.T",4.11418142865645
"1657",177,2600100675,"CB",0,"CB",0,"IFNgHIGH","C-section","Term",1,"cytof_Naive.CD8.T",3.24060165434917
"1658",180,2600100466,"1-6d",1,"1-6d",2,"IFNgLOW","C-section","Term",0,"cytof_Naive.CD8.T",1.71105866486851
"1659",180,2600100356,"56-120dd",3,"56-120dd",118,"IFNgLOW","C-section","Term",0,"cytof_Naive.CD8.T",6.07489657242074
"1660",180,2600100677,"CB",0,"CB",0,"IFNgLOW","C-section","Term",0,"cytof_Naive.CD8.T",0.35650623885918
"1661",189,2600100453,"1-6d",1,"1-6d",6,"IFNgLOW","C-section","Preterm",1,"cytof_Naive.CD8.T",7.10995525973596
"1662",189,2600100666,"CB",0,"CB",0,"IFNgLOW","C-section","Preterm",1,"cytof_Naive.CD8.T",6.68180827511843
"1663",203,66600227,"56-120dd",3,"56-120dd",84,"IFNgLOW","C-section","Preterm",0,"cytof_Naive.CD8.T",11.3974591651542
"1664",204,66600193,"1-6d",1,"1-6d",2,"IFNgLOW","C-section","Preterm",1,"cytof_Naive.CD8.T",1.07926319954279
"1665",204,66600238,"56-120dd",3,"56-120dd",89,"IFNgLOW","C-section","Preterm",1,"cytof_Naive.CD8.T",1.56081808396125
"1666",205,66600239,"56-120dd",3,"56-120dd",89,"IFNgLOW","C-section","Preterm",0,"cytof_Naive.CD8.T",3.16537467700258
"1667",205,66600192,"1-6d",1,"1-6d",2,"IFNgLOW","C-section","Preterm",0,"cytof_Naive.CD8.T",0.531007791518172
"1668",206,66600240,"56-120dd",3,"56-120dd",83,"IFNgLOW","Vaginal","Preterm",1,"cytof_Naive.CD8.T",12.1249922587609
"1669",210,66600164,"1-6d",1,"1-6d",6,"IFNgLOW","C-section","Preterm",1,"cytof_Naive.CD8.T",5.16669431083098
"1670",210,66627234,"56-120dd",3,"56-120dd",67,"IFNgLOW","C-section","Preterm",1,"cytof_Naive.CD8.T",8.49569949096016
"1671",210,66600210,"CB",0,"CB",0,"IFNgLOW","C-section","Preterm",1,"cytof_Naive.CD8.T",3.37413165729407
"1672",211,66627244,"56-120dd",3,"56-120dd",86,"IFNgLOW","C-section","Preterm",0,"cytof_Naive.CD8.T",8.04800268546493
"1673",211,66600168,"CB",0,"CB",0,"IFNgLOW","C-section","Preterm",0,"cytof_Naive.CD8.T",6.27369872457776
"1674",211,66600224,"1-6d",1,"1-6d",3,"IFNgLOW","C-section","Preterm",0,"cytof_Naive.CD8.T",3.36996336996337
"1675",212,66627412,"CB",0,"CB",0,"IFNgLOW","C-section","Preterm",0,"cytof_Naive.CD8.T",0.0917733026267943
"1676",212,66627215,"1-6d",1,"1-6d",3,"IFNgLOW","C-section","Preterm",0,"cytof_Naive.CD8.T",1.1734022181441
"1677",213,66627411,"CB",0,"CB",0,"IFNgLOW","C-section","Preterm",0,"cytof_Naive.CD8.T",0.165243852714076
"1678",213,66627214,"1-6d",1,"1-6d",3,"IFNgLOW","C-section","Preterm",0,"cytof_Naive.CD8.T",1.27842022187644
"1679",213,66627246,"56-120dd",3,"56-120dd",86,"IFNgLOW","C-section","Preterm",0,"cytof_Naive.CD8.T",6.37552975861433
"1680",214,66627410,"CB",0,"CB",0,"IFNgLOW","C-section","Preterm",1,"cytof_Naive.CD8.T",0.303370885175657
"1681",214,66627213,"1-6d",1,"1-6d",3,"IFNgLOW","C-section","Preterm",1,"cytof_Naive.CD8.T",1.28960653741135
"1682",214,66627247,"56-120dd",3,"56-120dd",86,"IFNgLOW","C-section","Preterm",1,"cytof_Naive.CD8.T",4.89043120622068
"1683",215,66627218,"1-6d",1,"1-6d",3,"IFNgLOW","C-section","Preterm",0,"cytof_Naive.CD8.T",7.01006429969247
"1684",215,66627501,"CB",0,"CB",0,"IFNgLOW","C-section","Preterm",0,"cytof_Naive.CD8.T",13.4855764968706
"1685",215,66627254,"56-120dd",3,"56-120dd",95,"IFNgLOW","C-section","Preterm",0,"cytof_Naive.CD8.T",5.01266669238584
"1686",216,66627219,"1-6d",1,"1-6d",3,"IFNgLOW","C-section","Preterm",1,"cytof_Naive.CD8.T",4.78410102122972
"1687",216,66627248,"56-120dd",3,"56-120dd",81,"IFNgLOW","C-section","Preterm",1,"cytof_Naive.CD8.T",10.8061901907236
"1688",216,66627503,"CB",0,"CB",0,"IFNgLOW","C-section","Preterm",1,"cytof_Naive.CD8.T",13.3583572532568
"1689",216,66627221,"CB",0,"CB",0,"IFNgLOW","C-section","Preterm",1,"cytof_Naive.CD8.T",9.37914314936171
"1690",217,66627217,"1-6d",1,"1-6d",3,"IFNgLOW","C-section","Preterm",1,"cytof_Naive.CD8.T",4.50545702592088
"1691",217,66627249,"56-120dd",3,"56-120dd",81,"IFNgLOW","C-section","Preterm",1,"cytof_Naive.CD8.T",7.50036163749459
"1692",217,66627504,"CB",0,"CB",0,"IFNgLOW","C-section","Preterm",1,"cytof_Naive.CD8.T",6.69291338582677
"1693",217,66627222,"CB",0,"CB",0,"IFNgLOW","C-section","Preterm",1,"cytof_Naive.CD8.T",4.05279983500051
"1694",218,66627229,"1-6d",1,"1-6d",4,"IFNgLOW","Vaginal","Preterm",0,"cytof_Naive.CD8.T",0.141398598490362
"1695",218,66627256,"56-120dd",3,"56-120dd",104,"IFNgLOW","Vaginal","Preterm",0,"cytof_Naive.CD8.T",5.82529622485533
"1696",219,66627230,"1-6d",1,"1-6d",4,"IFNgLOW","C-section","Preterm",0,"cytof_Naive.CD8.T",0.405878236529042
"1697",219,66627413,"CB",0,"CB",0,"IFNgLOW","C-section","Preterm",0,"cytof_Naive.CD8.T",0.761421319796955
"1698",219,66627255,"56-120dd",3,"56-120dd",81,"IFNgLOW","C-section","Preterm",0,"cytof_Naive.CD8.T",4.10834148480453
"1699",220,66627235,"1-6d",1,"1-6d",5,"IFNgLOW","C-section","Preterm",0,"cytof_Naive.CD8.T",3.15831972252299
"1700",220,66627414,"CB",0,"CB",0,"IFNgLOW","C-section","Preterm",0,"cytof_Naive.CD8.T",2.51075045082535
"1701",220,66627257,"56-120dd",3,"56-120dd",90,"IFNgLOW","C-section","Preterm",0,"cytof_Naive.CD8.T",9.48984456946696
"1702",221,66627261,"56-120dd",3,"56-120dd",104,"IFNgLOW","C-section","Preterm",0,"cytof_Naive.CD8.T",10.4241039554477
"1703",221,66627415,"CB",0,"CB",0,"IFNgLOW","C-section","Preterm",0,"cytof_Naive.CD8.T",0.899486007995431
"1704",221,66627241,"1-6d",1,"1-6d",2,"IFNgLOW","C-section","Preterm",0,"cytof_Naive.CD8.T",0.502726049706154
"1705",223,66627418,"1-6d",1,"1-6d",1,"IFNgLOW","C-section","Preterm",0,"cytof_Naive.CD8.T",3.47029035391303
"1706",223,66627267,"56-120dd",3,"56-120dd",79,"IFNgLOW","C-section","Preterm",0,"cytof_Naive.CD8.T",11.5933627997971
"1707",223,66627251,"1-6d",1,"1-6d",3,"IFNgLOW","C-section","Preterm",0,"cytof_Naive.CD8.T",8.87156041371734
"1708",224,66627258,"1-6d",1,"1-6d",5,"IFNgLOW","C-section","Preterm",1,"cytof_Naive.CD8.T",3.31813665322345
"1709",225,66627259,"1-6d",1,"1-6d",6,"IFNgLOW","C-section","Preterm",1,"cytof_Naive.CD8.T",3.7014024498491
"1710",225,66627500,"CB",0,"CB",0,"IFNgLOW","C-section","Preterm",1,"cytof_Naive.CD8.T",3.19362916136447
"1711",226,66627498,"CB",0,"CB",0,"IFNgLOW","C-section","Preterm",1,"cytof_Naive.CD8.T",4.64908072073148
"1712",226,66627270,"1-6d",1,"1-6d",2,"IFNgLOW","C-section","Preterm",1,"cytof_Naive.CD8.T",2.36690865093768
"1713",230,66627425,"CB",0,"CB",0,"IFNgLOW","C-section","Preterm",0,"cytof_Naive.CD8.T",8.4395882246704
"1714",230,66600169,"1-6d",1,"1-6d",6,"IFNgLOW","C-section","Preterm",0,"cytof_Naive.CD8.T",4.738980535522
"1715",230,66600236,"56-120dd",3,"56-120dd",76,"IFNgLOW","C-section","Preterm",0,"cytof_Naive.CD8.T",3.49420424415878
"1716",267,2600100465,"1-6d",1,"1-6d",2,"IFNgLOW","C-section","Term",0,"cytof_Naive.CD8.T",0.832755031228314
"1717",267,2600100353,"56-120dd",3,"56-120dd",118,"IFNgLOW","C-section","Term",0,"cytof_Naive.CD8.T",0.979398851739278
"1718",267,2600100678,"CB",0,"CB",0,"IFNgLOW","C-section","Term",0,"cytof_Naive.CD8.T",0.481058328322309
"1719",270,2600100674,"CB",0,"CB",0,"IFNgHIGH","C-section","Term",0,"cytof_Naive.CD8.T",0.888395335924487
"1720",270,2600100460,"1-6d",1,"1-6d",2,"IFNgHIGH","C-section","Term",0,"cytof_Naive.CD8.T",0.476364968853059
"1721",273,2600100673,"CB",0,"CB",0,"IFNgLOW","C-section","Term",1,"cytof_Naive.CD8.T",4.09130060292851
"1722",273,2600100461,"1-6d",1,"1-6d",2,"IFNgLOW","C-section","Term",1,"cytof_Naive.CD8.T",6.70103092783506
"1723",276,2600100671,"CB",0,"CB",0,"IFNgHIGH","C-section","Term",1,"cytof_Naive.CD8.T",2.97110420000604
"1724",276,2600100458,"1-6d",1,"1-6d",2,"IFNgHIGH","C-section","Term",1,"cytof_Naive.CD8.T",3.73558395473182
"1725",282,2600100669,"CB",0,"CB",0,"IFNgHIGH","Vaginal","Term",1,"cytof_Naive.CD8.T",6.04346764346764
"1726",282,2600100456,"1-6d",1,"1-6d",2,"IFNgHIGH","Vaginal","Term",1,"cytof_Naive.CD8.T",7.02642546970127
"1727",285,2600100350,"56-120dd",3,"56-120dd",86,"IFNgHIGH","Vaginal","Term",0,"cytof_Naive.CD8.T",9.0566948445001
"1728",285,2600100455,"1-6d",1,"1-6d",2,"IFNgHIGH","Vaginal","Term",0,"cytof_Naive.CD8.T",4.14599812307279
"1729",285,2600100668,"CB",0,"CB",0,"IFNgHIGH","Vaginal","Term",0,"cytof_Naive.CD8.T",5.7355853232382
"1730",290,2600100447,"1-6d",1,"1-6d",3,"IFNgHIGH","Vaginal","Term",0,"cytof_Naive.CD8.T",3.48757324712063
"1731",290,2600100405,"56-120dd",3,"56-120dd",94,"IFNgHIGH","Vaginal","Term",0,"cytof_Naive.CD8.T",6.21680512052294
"1732",290,2600100664,"CB",0,"CB",0,"IFNgHIGH","Vaginal","Term",0,"cytof_Naive.CD8.T",3.51327433628318
"1733",293,2600100410,"56-120dd",3,"56-120dd",86,"IFNgLOW","Vaginal","Term",1,"cytof_Naive.CD8.T",2.86372017783007
"1734",293,2600100421,"1-6d",1,"1-6d",2,"IFNgLOW","Vaginal","Term",1,"cytof_Naive.CD8.T",4.2006132282085
"1735",293,2600100662,"CB",0,"CB",0,"IFNgLOW","Vaginal","Term",1,"cytof_Naive.CD8.T",4.53677322395817
"1736",297,2600100361,"1-6d",1,"1-6d",2,"IFNgHIGH","Vaginal","Term",1,"cytof_Naive.CD8.T",10.2654176424668
"1737",297,2600100519,"CB",0,"CB",0,"IFNgHIGH","Vaginal","Term",1,"cytof_Naive.CD8.T",5.51405820590516
"1738",299,2600100363,"1-6d",1,"1-6d",2,"IFNgHIGH","Vaginal","Term",1,"cytof_Naive.CD8.T",3.17715019255456
"1739",299,2600100520,"CB",0,"CB",0,"IFNgHIGH","Vaginal","Term",1,"cytof_Naive.CD8.T",2.53973333333334
"1740",302,2600100364,"1-6d",1,"1-6d",3,"IFNgHIGH","Vaginal","Term",1,"cytof_Naive.CD8.T",6.69083422842821
"1741",302,2600100521,"CB",0,"CB",0,"IFNgHIGH","Vaginal","Term",1,"cytof_Naive.CD8.T",7.54221764528975
"1742",305,2600100411,"56-120dd",3,"56-120dd",77,"IFNgHIGH","Vaginal","Term",1,"cytof_Naive.CD8.T",7.44862217538203
"1743",305,2600100371,"1-6d",1,"1-6d",3,"IFNgHIGH","Vaginal","Term",1,"cytof_Naive.CD8.T",7.35145607056739
"1744",305,2600100522,"CB",0,"CB",0,"IFNgHIGH","Vaginal","Term",1,"cytof_Naive.CD8.T",3.38716229941092
"1745",308,2600100374,"1-6d",1,"1-6d",3,"IFNgHIGH","Vaginal","Term",1,"cytof_Naive.CD8.T",8.99167437557817
"1746",308,2600100523,"CB",0,"CB",0,"IFNgHIGH","Vaginal","Term",1,"cytof_Naive.CD8.T",5.32729464663907
"1747",311,2600164329,"56-120dd",3,"56-120dd",119,"IFNgHIGH","Vaginal","Term",0,"cytof_Naive.CD8.T",9.4325004842146
"1748",311,2600100369,"1-6d",1,"1-6d",2,"IFNgHIGH","Vaginal","Term",0,"cytof_Naive.CD8.T",5.20300751879699
"1749",311,2600100524,"CB",0,"CB",0,"IFNgHIGH","Vaginal","Term",0,"cytof_Naive.CD8.T",3.60097830046313
"1750",324,2600100347,"1-6d",1,"1-6d",6,"IFNgLOW","Vaginal","Preterm",1,"cytof_Naive.CD8.T",2.1789272218678
"1751",324,2600100517,"CB",0,"CB",0,"IFNgLOW","Vaginal","Preterm",1,"cytof_Naive.CD8.T",2.64440709046456
"1752",332,2600100376,"1-6d",1,"1-6d",2,"IFNgHIGH","Vaginal","Term",0,"cytof_Naive.CD8.T",4.57165109034268
"1753",332,2600100525,"CB",0,"CB",0,"IFNgHIGH","Vaginal","Term",0,"cytof_Naive.CD8.T",3.25707684795941
"1754",334,2600100377,"1-6d",1,"1-6d",5,"IFNgLOW","Vaginal","Term",0,"cytof_Naive.CD8.T",1.36599484663443
"1755",334,2600100526,"CB",0,"CB",0,"IFNgLOW","Vaginal","Term",0,"cytof_Naive.CD8.T",1.15855158685782
"1756",337,2600100688,"CB",0,"CB",0,"IFNgLOW","Vaginal","Term",1,"cytof_Naive.CD8.T",2.27172366419705
"1757",337,2600100471,"1-6d",1,"1-6d",5,"IFNgLOW","Vaginal","Term",1,"cytof_Naive.CD8.T",4.72028215744497
"1758",337,2600100431,"56-120dd",3,"56-120dd",83,"IFNgLOW","Vaginal","Term",1,"cytof_Naive.CD8.T",6.44169229490483
"1759",340,2600100380,"1-6d",1,"1-6d",3,"IFNgHIGH","Vaginal","Term",0,"cytof_Naive.CD8.T",5.89459084604716
"1760",340,2600164340,"56-120dd",3,"56-120dd",104,"IFNgHIGH","Vaginal","Term",0,"cytof_Naive.CD8.T",9.24247329232762
"1761",340,2600100528,"CB",0,"CB",0,"IFNgHIGH","Vaginal","Term",0,"cytof_Naive.CD8.T",4.11065149948294
"1762",343,2600100378,"1-6d",1,"1-6d",6,"IFNgLOW","Vaginal","Preterm",0,"cytof_Naive.CD8.T",1.39711594484366
"1763",343,2600100527,"1-6d",1,"1-6d",1,"IFNgLOW","Vaginal","Preterm",0,"cytof_Naive.CD8.T",0.962865880297072
"1764",343,2600164342,"56-120dd",3,"56-120dd",112,"IFNgLOW","Vaginal","Preterm",0,"cytof_Naive.CD8.T",0.832173746964613
"1765",347,2600100538,"CB",0,"CB",0,"IFNgLOW","C-section","Preterm",1,"cytof_Naive.CD8.T",5.52111410601977
"1766",347,2600100413,"1-6d",1,"1-6d",5,"IFNgLOW","C-section","Preterm",1,"cytof_Naive.CD8.T",2.71753068327533
"1767",347,2600164338,"56-120dd",3,"56-120dd",74,"IFNgLOW","C-section","Preterm",1,"cytof_Naive.CD8.T",3.47180038315967
"1768",350,2600164314,"1-6d",1,"1-6d",5,"IFNgLOW","C-section","Preterm",1,"cytof_Naive.CD8.T",1.94488766225365
"1769",350,2600164465,"1-6d",1,"1-6d",2,"IFNgLOW","C-section","Preterm",1,"cytof_Naive.CD8.T",1.21307551804497
"1770",356,2600164316,"1-6d",1,"1-6d",2,"IFNgLOW","C-section","Preterm",1,"cytof_Naive.CD8.T",2.31435079726651
"1771",356,2600164464,"CB",0,"CB",0,"IFNgLOW","C-section","Preterm",1,"cytof_Naive.CD8.T",2.08515897090215
"1772",356,2600164343,"56-120dd",3,"56-120dd",58,"IFNgLOW","C-section","Preterm",1,"cytof_Naive.CD8.T",3.0639422376662
"1773",357,2600164461,"CB",0,"CB",0,"IFNgHIGH","Vaginal","Term",1,"cytof_Naive.CD8.T",1.29182683218854
"1774",357,2600164353,"56-120dd",3,"56-120dd",92,"IFNgHIGH","Vaginal","Term",1,"cytof_Naive.CD8.T",4.73879531829861
"1775",357,2600164322,"1-6d",1,"1-6d",3,"IFNgHIGH","Vaginal","Term",1,"cytof_Naive.CD8.T",1.87931661214104
"1776",363,2600164325,"1-6d",1,"1-6d",2,"IFNgLOW","Vaginal","Term",1,"cytof_Naive.CD8.T",3.45846881466154
"1777",363,2600164467,"CB",0,"CB",0,"IFNgLOW","Vaginal","Term",1,"cytof_Naive.CD8.T",2.63524495008127
"1778",366,2600164367,"56-120dd",3,"56-120dd",92,"IFNgHIGH","Vaginal","Term",1,"cytof_Naive.CD8.T",4.70933059947688
"1779",366,2600164320,"1-6d",1,"1-6d",2,"IFNgHIGH","Vaginal","Term",1,"cytof_Naive.CD8.T",1.16954072050538
"1780",366,2600100547,"CB",0,"CB",0,"IFNgHIGH","Vaginal","Term",1,"cytof_Naive.CD8.T",4.22524720210052
"1781",367,2600100548,"CB",0,"CB",0,"IFNgHIGH","Vaginal","Term",1,"cytof_Naive.CD8.T",3.28948962042487
"1782",367,2600164323,"1-6d",1,"1-6d",2,"IFNgHIGH","Vaginal","Term",1,"cytof_Naive.CD8.T",2.42755911036273
"1783",376,2600100550,"1-6d",1,"1-6d",2,"IFNgLOW","C-section","Preterm",0,"cytof_Naive.CD8.T",3.53884584751285
"1784",376,2600164331,"1-6d",1,"1-6d",5,"IFNgLOW","C-section","Preterm",0,"cytof_Naive.CD8.T",2.02852150110591
"1785",379,2600164336,"1-6d",1,"1-6d",4,"IFNgHIGH","C-section","Preterm",0,"cytof_Naive.CD8.T",6.49663137632339
"1786",379,2600164469,"CB",0,"CB",0,"IFNgHIGH","C-section","Preterm",0,"cytof_Naive.CD8.T",7.2879164342579
"1787",382,2600164335,"1-6d",1,"1-6d",3,"IFNgHIGH","Vaginal","Term",0,"cytof_Naive.CD8.T",1.89918884133018
"1788",382,2600164468,"CB",0,"CB",0,"IFNgHIGH","Vaginal","Term",0,"cytof_Naive.CD8.T",2.2596516804207
"1789",386,2600164471,"1-6d",1,"1-6d",2,"IFNgHIGH","C-section","Preterm",0,"cytof_Naive.CD8.T",0.172367729313718
"1790",437,2600164476,"CB",0,"CB",0,"IFNgLOW","Vaginal","Preterm",1,"cytof_Naive.CD8.T",5.47710096052513
"1791",437,2600164346,"1-6d",1,"1-6d",4,"IFNgLOW","Vaginal","Preterm",1,"cytof_Naive.CD8.T",5.2793452969966
"1792",437,2600164378,"56-120dd",3,"56-120dd",76,"IFNgLOW","Vaginal","Preterm",1,"cytof_Naive.CD8.T",15.1843351025678
"1793",477,2600164470,"CB",0,"CB",0,"IFNgLOW","Vaginal","Term",0,"cytof_Naive.CD8.T",3.34698488913995
"1794",477,2600164345,"1-6d",1,"1-6d",4,"IFNgLOW","Vaginal","Term",0,"cytof_Naive.CD8.T",2.16225785241009
"1795",480,2600164474,"CB",0,"CB",0,"IFNgHIGH","Vaginal","Term",0,"cytof_Naive.CD8.T",2.86589982172076
"1796",480,2600164356,"1-6d",1,"1-6d",1,"IFNgHIGH","Vaginal","Term",0,"cytof_Naive.CD8.T",3.30722367275892
"1797",488,2600164478,"1-6d",1,"1-6d",3,"IFNgLOW","Vaginal","Term",0,"cytof_Naive.CD8.T",1.74852518012922
"1798",488,2600164372,"1-6d",1,"1-6d",2,"IFNgLOW","Vaginal","Term",0,"cytof_Naive.CD8.T",3.15090435046942
"1799",492,2600164373,"1-6d",1,"1-6d",2,"IFNgHIGH","Vaginal","Term",1,"cytof_Naive.CD8.T",2.09143395781784
"1800",492,2600100553,"CB",0,"CB",0,"IFNgHIGH","Vaginal","Term",1,"cytof_Naive.CD8.T",1.67020868246374
"1801",508,2600164368,"1-6d",1,"1-6d",2,"IFNgLOW","C-section","Preterm",0,"cytof_Naive.CD8.T",0.617541108143211
"1802",508,2600164473,"CB",0,"CB",0,"IFNgLOW","C-section","Preterm",0,"cytof_Naive.CD8.T",0.4999841022543
"1803",522,2600164496,"CB",0,"CB",0,"IFNgHIGH","Vaginal","Term",0,"cytof_Naive.CD8.T",1.39341131100722
"1804",522,2600164397,"1-6d",1,"1-6d",3,"IFNgHIGH","Vaginal","Term",0,"cytof_Naive.CD8.T",3.24811809561052
"1805",522,2600164442,"56-120dd",3,"56-120dd",99,"IFNgHIGH","Vaginal","Term",0,"cytof_Naive.CD8.T",4.00683192540276
"1806",529,2600164502,"1-6d",1,"1-6d",1,"IFNgLOW","C-section","Preterm",0,"cytof_Naive.CD8.T",9.51253925629239
"1807",529,2600164407,"1-6d",1,"1-6d",2,"IFNgLOW","C-section","Preterm",0,"cytof_Naive.CD8.T",3.30525921766798
"1808",529,2600164409,"1-6d",1,"1-6d",6,"IFNgLOW","C-section","Preterm",0,"cytof_Naive.CD8.T",5.68981494482043
"1809",530,2600164408,"1-6d",1,"1-6d",6,"IFNgLOW","C-section","Preterm",0,"cytof_Naive.CD8.T",3.83207642031171
"1810",530,2600164405,"1-6d",1,"1-6d",2,"IFNgLOW","C-section","Preterm",0,"cytof_Naive.CD8.T",6.10164516258155
"1811",531,2600164406,"1-6d",1,"1-6d",2,"IFNgHIGH","C-section","Preterm",0,"cytof_Naive.CD8.T",9.08680607792989
"1812",531,2600164411,"1-6d",1,"1-6d",6,"IFNgHIGH","C-section","Preterm",0,"cytof_Naive.CD8.T",5.11127801715618
"1813",531,2600164499,"1-6d",1,"1-6d",1,"IFNgHIGH","C-section","Preterm",0,"cytof_Naive.CD8.T",11.6763005780347
"1814",532,2600164414,"1-6d",1,"1-6d",2,"IFNgHIGH","Vaginal","Term",0,"cytof_Naive.CD8.T",4.10052910052911
"1815",532,2600164503,"CB",0,"CB",0,"IFNgHIGH","Vaginal","Term",0,"cytof_Naive.CD8.T",3.76468251011945
"1816",533,2600164416,"1-6d",1,"1-6d",3,"IFNgHIGH","Vaginal","Term",0,"cytof_Naive.CD8.T",2.8787578273312
"1817",533,2600164504,"CB",0,"CB",0,"IFNgHIGH","Vaginal","Term",0,"cytof_Naive.CD8.T",2.88137216305077
"1818",534,2600164505,"CB",0,"CB",0,"IFNgHIGH","Vaginal","Term",1,"cytof_Naive.CD8.T",1.83373490079397
"1819",534,2600164415,"1-6d",1,"1-6d",2,"IFNgHIGH","Vaginal","Term",1,"cytof_Naive.CD8.T",3.79999592493734
"1820",537,2600164417,"1-6d",1,"1-6d",2,"IFNgHIGH","Vaginal","Term",0,"cytof_Naive.CD8.T",2.92631018888002
"1821",537,2600164506,"CB",0,"CB",0,"IFNgHIGH","Vaginal","Term",0,"cytof_Naive.CD8.T",1.53729055220249
"1822",542,2600164452,"1-6d",1,"1-6d",6,"IFNgLOW","C-section","Preterm",0,"cytof_Naive.CD8.T",0.768150656644916
"1823",542,2600164513,"CB",0,"CB",0,"IFNgLOW","C-section","Preterm",0,"cytof_Naive.CD8.T",2.31250303000921
"1824",545,2600164514,"CB",0,"CB",0,"IFNgLOW","C-section","Preterm",0,"cytof_Naive.CD8.T",5.5496366879347
"1825",15,2600100700,"CB",0,"CB",0,"IFNgHIGH","Vaginal","Term",1,"cytof_Neutrophils",98.1194295900178
"1826",15,2600100490,"1-6d",1,"1-6d",2,"IFNgHIGH","Vaginal","Term",1,"cytof_Neutrophils",98.2601421999164
"1827",18,2600100486,"1-6d",1,"1-6d",2,"IFNgHIGH","Vaginal","Term",1,"cytof_Neutrophils",45.959595959596
"1828",18,2600100707,"CB",0,"CB",0,"IFNgHIGH","Vaginal","Term",1,"cytof_Neutrophils",58.3596214511041
"1829",28,2600100706,"CB",0,"CB",0,"IFNgHIGH","Vaginal","Term",0,"cytof_Neutrophils",66.3917525773196
"1830",28,2600100503,"1-6d",1,"1-6d",5,"IFNgHIGH","Vaginal","Term",0,"cytof_Neutrophils",57.8341013824884
"1831",42,2600100429,"56-120dd",3,"56-120dd",108,"IFNgLOW","Vaginal","Term",1,"cytof_Neutrophils",26.4032199048664
"1832",42,2600100480,"1-6d",1,"1-6d",3,"IFNgLOW","Vaginal","Term",1,"cytof_Neutrophils",21.9277965498844
"1833",42,2600100343,"56-120dd",3,"56-120dd",63,"IFNgLOW","Vaginal","Term",1,"cytof_Neutrophils",8.8
"1834",42,2600100696,"CB",0,"CB",0,"IFNgLOW","Vaginal","Term",1,"cytof_Neutrophils",39.6554388133498
"1835",80,2600100695,"CB",0,"CB",0,"IFNgHIGH","C-section","Term",1,"cytof_Neutrophils",48.06484295846
"1836",80,2600100485,"1-6d",1,"1-6d",4,"IFNgHIGH","C-section","Term",1,"cytof_Neutrophils",24.7091815538014
"1837",88,66600203,"56-120dd",3,"56-120dd",105,"IFNgLOW","Vaginal","Term",0,"cytof_Neutrophils",58.4694036840462
"1838",93,66600194,"56-120dd",3,"56-120dd",105,"IFNgLOW","Vaginal","Term",0,"cytof_Neutrophils",41.7791273054431
"1839",101,66600197,"56-120dd",3,"56-120dd",113,"IFNgLOW","Vaginal","Term",1,"cytof_Neutrophils",52.175851235459
"1840",104,66600202,"56-120dd",3,"56-120dd",71,"IFNgLOW","Vaginal","Term",1,"cytof_Neutrophils",51.4140538404978
"1841",107,66600241,"1-6d",1,"1-6d",4,"IFNgLOW","Vaginal","Term",1,"cytof_Neutrophils",56.5384236937912
"1842",107,66600231,"CB",0,"CB",0,"IFNgLOW","Vaginal","Term",1,"cytof_Neutrophils",67.3936589415835
"1843",107,66627239,"56-120dd",3,"56-120dd",94,"IFNgLOW","Vaginal","Term",1,"cytof_Neutrophils",29.1244239631336
"1844",110,66627240,"56-120dd",3,"56-120dd",85,"IFNgLOW","Vaginal","Term",1,"cytof_Neutrophils",46.3918345002958
"1845",110,66600235,"CB",0,"CB",0,"IFNgLOW","Vaginal","Term",1,"cytof_Neutrophils",71.4675936383639
"1846",110,66600233,"1-6d",1,"1-6d",2,"IFNgLOW","Vaginal","Term",1,"cytof_Neutrophils",62.9270930632713
"1847",113,66593911,"1-6d",1,"1-6d",2,"IFNgLOW","Vaginal","Term",0,"cytof_Neutrophils",73.1795890407033
"1848",113,66600237,"CB",0,"CB",0,"IFNgLOW","Vaginal","Term",0,"cytof_Neutrophils",0.726765246436716
"1849",116,66627285,"1-6d",1,"1-6d",3,"IFNgLOW","Vaginal","Term",1,"cytof_Neutrophils",0.968715261235508
"1850",116,66627428,"CB",0,"CB",0,"IFNgLOW","Vaginal","Term",1,"cytof_Neutrophils",0.302571860816945
"1851",119,66627306,"1-6d",1,"1-6d",3,"IFNgLOW","Vaginal","Term",1,"cytof_Neutrophils",42.2178721240625
"1852",119,66627297,"56-120dd",3,"56-120dd",112,"IFNgLOW","Vaginal","Term",1,"cytof_Neutrophils",11.834162896997
"1853",119,66627429,"CB",0,"CB",0,"IFNgLOW","Vaginal","Term",1,"cytof_Neutrophils",43.3945109316193
"1854",122,66627275,"1-6d",1,"1-6d",3,"IFNgLOW","Vaginal","Term",0,"cytof_Neutrophils",48.6168690418569
"1855",122,66627435,"CB",0,"CB",0,"IFNgLOW","Vaginal","Term",0,"cytof_Neutrophils",40.5985536236344
"1856",126,2600100694,"CB",0,"CB",0,"IFNgHIGH","C-section","Term",0,"cytof_Neutrophils",12.0502212815086
"1857",126,2600100446,"56-120dd",3,"56-120dd",95,"IFNgHIGH","C-section","Term",0,"cytof_Neutrophils",5.51780934733375
"1858",126,2600100479,"1-6d",1,"1-6d",2,"IFNgHIGH","C-section","Term",0,"cytof_Neutrophils",12.6297064927365
"1859",129,2600100693,"CB",0,"CB",0,"IFNgHIGH","Vaginal","Term",1,"cytof_Neutrophils",18.2710295710394
"1860",129,2600100472,"1-6d",1,"1-6d",3,"IFNgHIGH","Vaginal","Term",1,"cytof_Neutrophils",29.4662838322848
"1861",141,2600100690,"CB",0,"CB",0,"IFNgLOW","Vaginal","Term",1,"cytof_Neutrophils",28.1254702986262
"1862",141,2600100443,"56-120dd",3,"56-120dd",85,"IFNgLOW","Vaginal","Term",1,"cytof_Neutrophils",10.4050689285208
"1863",141,2600100475,"1-6d",1,"1-6d",2,"IFNgLOW","Vaginal","Term",1,"cytof_Neutrophils",17.8684751909062
"1864",144,2600100686,"CB",0,"CB",0,"IFNgLOW","Vaginal","Term",0,"cytof_Neutrophils",17.3575129533679
"1865",144,2600100483,"1-6d",1,"1-6d",2,"IFNgLOW","Vaginal","Term",0,"cytof_Neutrophils",26.7511063634976
"1866",144,2600100439,"56-120dd",3,"56-120dd",79,"IFNgLOW","Vaginal","Term",0,"cytof_Neutrophils",4.9889135254989
"1867",147,2600100687,"CB",0,"CB",0,"IFNgLOW","C-section","Term",1,"cytof_Neutrophils",28.1727828746177
"1868",147,2600100430,"56-120dd",3,"56-120dd",77,"IFNgLOW","C-section","Term",1,"cytof_Neutrophils",10.8266666666666
"1869",147,2600100468,"1-6d",1,"1-6d",2,"IFNgLOW","C-section","Term",1,"cytof_Neutrophils",15.8882402001668
"1870",150,2600100684,"CB",0,"CB",0,"IFNgHIGH","C-section","Term",1,"cytof_Neutrophils",30.5877483443708
"1871",150,2600100469,"1-6d",1,"1-6d",3,"IFNgHIGH","C-section","Term",1,"cytof_Neutrophils",27.6880796976984
"1872",153,2600100470,"1-6d",1,"1-6d",2,"IFNgLOW","C-section","Term",0,"cytof_Neutrophils",3.29790308596384
"1873",153,2600100426,"56-120dd",3,"56-120dd",78,"IFNgLOW","C-section","Term",0,"cytof_Neutrophils",4.61284555081832
"1874",153,2600100685,"CB",0,"CB",0,"IFNgLOW","C-section","Term",0,"cytof_Neutrophils",3.80542301873618
"1875",162,2600100425,"56-120dd",3,"56-120dd",69,"IFNgLOW","C-section","Term",0,"cytof_Neutrophils",2.6278409090909
"1876",162,2600100683,"CB",0,"CB",0,"IFNgLOW","C-section","Term",0,"cytof_Neutrophils",10.5189620758483
"1877",162,2600100341,"1-6d",1,"1-6d",2,"IFNgLOW","C-section","Term",0,"cytof_Neutrophils",30.9665311229277
"1878",165,2600100680,"CB",0,"CB",0,"IFNgHIGH","Vaginal","Term",0,"cytof_Neutrophils",20.0263662511984
"1879",165,2600100477,"1-6d",1,"1-6d",2,"IFNgHIGH","Vaginal","Term",0,"cytof_Neutrophils",35.4072861236184
"1880",168,2600100679,"CB",0,"CB",0,"IFNgHIGH","Vaginal","Term",0,"cytof_Neutrophils",16.1412921976303
"1881",168,2600100467,"1-6d",1,"1-6d",2,"IFNgHIGH","Vaginal","Term",0,"cytof_Neutrophils",30.0851081158122
"1882",174,2600100626,"CB",0,"CB",0,"IFNgHIGH","C-section","Term",1,"cytof_Neutrophils",29.6353653385893
"1883",174,2600100463,"1-6d",1,"1-6d",2,"IFNgHIGH","C-section","Term",1,"cytof_Neutrophils",33.1338944664165
"1884",177,2600100462,"1-6d",1,"1-6d",2,"IFNgHIGH","C-section","Term",1,"cytof_Neutrophils",29.8625300033722
"1885",177,2600100675,"CB",0,"CB",0,"IFNgHIGH","C-section","Term",1,"cytof_Neutrophils",26.8541328686735
"1886",180,2600100466,"1-6d",1,"1-6d",2,"IFNgLOW","C-section","Term",0,"cytof_Neutrophils",50.004214430209
"1887",180,2600100356,"56-120dd",3,"56-120dd",118,"IFNgLOW","C-section","Term",0,"cytof_Neutrophils",9.61394182332641
"1888",180,2600100677,"CB",0,"CB",0,"IFNgLOW","C-section","Term",0,"cytof_Neutrophils",29.6775239021228
"1889",189,2600100453,"1-6d",1,"1-6d",6,"IFNgLOW","C-section","Preterm",1,"cytof_Neutrophils",17.0563991801292
"1890",189,2600100666,"CB",0,"CB",0,"IFNgLOW","C-section","Preterm",1,"cytof_Neutrophils",7.04830402514425
"1891",203,66600227,"56-120dd",3,"56-120dd",84,"IFNgLOW","C-section","Preterm",0,"cytof_Neutrophils",43.421052631579
"1892",204,66600193,"1-6d",1,"1-6d",2,"IFNgLOW","C-section","Preterm",1,"cytof_Neutrophils",85.100232997758
"1893",204,66600238,"56-120dd",3,"56-120dd",89,"IFNgLOW","C-section","Preterm",1,"cytof_Neutrophils",81.4720129171152
"1894",205,66600239,"56-120dd",3,"56-120dd",89,"IFNgLOW","C-section","Preterm",0,"cytof_Neutrophils",70.5211024978467
"1895",205,66600192,"1-6d",1,"1-6d",2,"IFNgLOW","C-section","Preterm",0,"cytof_Neutrophils",93.2827514372951
"1896",206,66600240,"56-120dd",3,"56-120dd",83,"IFNgLOW","Vaginal","Preterm",1,"cytof_Neutrophils",38.1789066716211
"1897",210,66600164,"1-6d",1,"1-6d",6,"IFNgLOW","C-section","Preterm",1,"cytof_Neutrophils",34.885553159728
"1898",210,66627234,"56-120dd",3,"56-120dd",67,"IFNgLOW","C-section","Preterm",1,"cytof_Neutrophils",27.1175862539738
"1899",210,66600210,"CB",0,"CB",0,"IFNgLOW","C-section","Preterm",1,"cytof_Neutrophils",48.5224390781784
"1900",211,66627244,"56-120dd",3,"56-120dd",86,"IFNgLOW","C-section","Preterm",0,"cytof_Neutrophils",15.8442430345754
"1901",211,66600168,"CB",0,"CB",0,"IFNgLOW","C-section","Preterm",0,"cytof_Neutrophils",17.4077904170975
"1902",211,66600224,"1-6d",1,"1-6d",3,"IFNgLOW","C-section","Preterm",0,"cytof_Neutrophils",42.7545787545787
"1903",212,66627412,"CB",0,"CB",0,"IFNgLOW","C-section","Preterm",0,"cytof_Neutrophils",98.9298886599366
"1904",212,66627215,"1-6d",1,"1-6d",3,"IFNgLOW","C-section","Preterm",0,"cytof_Neutrophils",82.6233742918695
"1905",213,66627411,"CB",0,"CB",0,"IFNgLOW","C-section","Preterm",0,"cytof_Neutrophils",97.3942975848645
"1906",213,66627214,"1-6d",1,"1-6d",3,"IFNgLOW","C-section","Preterm",0,"cytof_Neutrophils",84.4596939403777
"1907",213,66627246,"56-120dd",3,"56-120dd",86,"IFNgLOW","C-section","Preterm",0,"cytof_Neutrophils",49.653847166285
"1908",214,66627410,"CB",0,"CB",0,"IFNgLOW","C-section","Preterm",1,"cytof_Neutrophils",95.225969601447
"1909",214,66627213,"1-6d",1,"1-6d",3,"IFNgLOW","C-section","Preterm",1,"cytof_Neutrophils",81.2511049560964
"1910",214,66627247,"56-120dd",3,"56-120dd",86,"IFNgLOW","C-section","Preterm",1,"cytof_Neutrophils",61.7183985605038
"1911",215,66627218,"1-6d",1,"1-6d",3,"IFNgLOW","C-section","Preterm",0,"cytof_Neutrophils",43.711210511602
"1912",215,66627501,"CB",0,"CB",0,"IFNgLOW","C-section","Preterm",0,"cytof_Neutrophils",17.7035868158366
"1913",215,66627254,"56-120dd",3,"56-120dd",95,"IFNgLOW","C-section","Preterm",0,"cytof_Neutrophils",53.7273510538431
"1914",216,66627219,"1-6d",1,"1-6d",3,"IFNgLOW","C-section","Preterm",1,"cytof_Neutrophils",34.8150345353616
"1915",216,66627248,"56-120dd",3,"56-120dd",81,"IFNgLOW","C-section","Preterm",1,"cytof_Neutrophils",30.5690623681698
"1916",216,66627503,"CB",0,"CB",0,"IFNgLOW","C-section","Preterm",1,"cytof_Neutrophils",10.0709011064498
"1917",216,66627221,"CB",0,"CB",0,"IFNgLOW","C-section","Preterm",1,"cytof_Neutrophils",19.0954202810712
"1918",217,66627217,"1-6d",1,"1-6d",3,"IFNgLOW","C-section","Preterm",1,"cytof_Neutrophils",48.4276944065484
"1919",217,66627249,"56-120dd",3,"56-120dd",81,"IFNgLOW","C-section","Preterm",1,"cytof_Neutrophils",30.3486185447707
"1920",217,66627504,"CB",0,"CB",0,"IFNgLOW","C-section","Preterm",1,"cytof_Neutrophils",14.4488188976378
"1921",217,66627222,"CB",0,"CB",0,"IFNgLOW","C-section","Preterm",1,"cytof_Neutrophils",40.6740916434636
"1922",218,66627229,"1-6d",1,"1-6d",4,"IFNgLOW","Vaginal","Preterm",0,"cytof_Neutrophils",84.2839616560271
"1923",218,66627256,"56-120dd",3,"56-120dd",104,"IFNgLOW","Vaginal","Preterm",0,"cytof_Neutrophils",29.2587489666575
"1924",219,66627230,"1-6d",1,"1-6d",4,"IFNgLOW","C-section","Preterm",0,"cytof_Neutrophils",60.7137858642407
"1925",219,66627413,"CB",0,"CB",0,"IFNgLOW","C-section","Preterm",0,"cytof_Neutrophils",23.8578680203046
"1926",219,66627255,"56-120dd",3,"56-120dd",81,"IFNgLOW","C-section","Preterm",0,"cytof_Neutrophils",16.3827706007353
"1927",220,66627235,"1-6d",1,"1-6d",5,"IFNgLOW","C-section","Preterm",0,"cytof_Neutrophils",56.2826888844029
"1928",220,66627414,"CB",0,"CB",0,"IFNgLOW","C-section","Preterm",0,"cytof_Neutrophils",48.9422943542794
"1929",220,66627257,"56-120dd",3,"56-120dd",90,"IFNgLOW","C-section","Preterm",0,"cytof_Neutrophils",20.9478401830839
"1930",221,66627261,"56-120dd",3,"56-120dd",104,"IFNgLOW","C-section","Preterm",0,"cytof_Neutrophils",22.1317847906453
"1931",221,66627415,"CB",0,"CB",0,"IFNgLOW","C-section","Preterm",0,"cytof_Neutrophils",83.4992249326915
"1932",221,66627241,"1-6d",1,"1-6d",2,"IFNgLOW","C-section","Preterm",0,"cytof_Neutrophils",84.5700866199344
"1933",223,66627418,"1-6d",1,"1-6d",1,"IFNgLOW","C-section","Preterm",0,"cytof_Neutrophils",47.6014446969626
"1934",223,66627267,"56-120dd",3,"56-120dd",79,"IFNgLOW","C-section","Preterm",0,"cytof_Neutrophils",28.0112552230515
"1935",223,66627251,"1-6d",1,"1-6d",3,"IFNgLOW","C-section","Preterm",0,"cytof_Neutrophils",34.0489065268011
"1936",224,66627258,"1-6d",1,"1-6d",5,"IFNgLOW","C-section","Preterm",1,"cytof_Neutrophils",49.1963294172657
"1937",225,66627259,"1-6d",1,"1-6d",6,"IFNgLOW","C-section","Preterm",1,"cytof_Neutrophils",20.5929344931653
"1938",225,66627500,"CB",0,"CB",0,"IFNgLOW","C-section","Preterm",1,"cytof_Neutrophils",21.3168589138377
"1939",226,66627498,"CB",0,"CB",0,"IFNgLOW","C-section","Preterm",1,"cytof_Neutrophils",29.112537963743
"1940",226,66627270,"1-6d",1,"1-6d",2,"IFNgLOW","C-section","Preterm",1,"cytof_Neutrophils",56.5216353042315
"1941",230,66627425,"CB",0,"CB",0,"IFNgLOW","C-section","Preterm",0,"cytof_Neutrophils",9.02113057612426
"1942",230,66600169,"1-6d",1,"1-6d",6,"IFNgLOW","C-section","Preterm",0,"cytof_Neutrophils",31.6146196237411
"1943",230,66600236,"56-120dd",3,"56-120dd",76,"IFNgLOW","C-section","Preterm",0,"cytof_Neutrophils",50.9581422951385
"1944",267,2600100465,"1-6d",1,"1-6d",2,"IFNgLOW","C-section","Term",0,"cytof_Neutrophils",5.75988896599584
"1945",267,2600100353,"56-120dd",3,"56-120dd",118,"IFNgLOW","C-section","Term",0,"cytof_Neutrophils",8.03782505910165
"1946",267,2600100678,"CB",0,"CB",0,"IFNgLOW","C-section","Term",0,"cytof_Neutrophils",18.4606133493686
"1947",270,2600100674,"CB",0,"CB",0,"IFNgHIGH","C-section","Term",0,"cytof_Neutrophils",10.5496946141033
"1948",270,2600100460,"1-6d",1,"1-6d",2,"IFNgHIGH","C-section","Term",0,"cytof_Neutrophils",3.48112861854158
"1949",273,2600100673,"CB",0,"CB",0,"IFNgLOW","C-section","Term",1,"cytof_Neutrophils",50.6459948320413
"1950",273,2600100461,"1-6d",1,"1-6d",2,"IFNgLOW","C-section","Term",1,"cytof_Neutrophils",16.1512027491409
"1951",276,2600100671,"CB",0,"CB",0,"IFNgHIGH","C-section","Term",1,"cytof_Neutrophils",45.9222802620852
"1952",276,2600100458,"1-6d",1,"1-6d",2,"IFNgHIGH","C-section","Term",1,"cytof_Neutrophils",34.0518378209893
"1953",282,2600100669,"CB",0,"CB",0,"IFNgHIGH","Vaginal","Term",1,"cytof_Neutrophils",48.0507936507936
"1954",282,2600100456,"1-6d",1,"1-6d",2,"IFNgHIGH","Vaginal","Term",1,"cytof_Neutrophils",43.6489405808803
"1955",285,2600100350,"56-120dd",3,"56-120dd",86,"IFNgHIGH","Vaginal","Term",0,"cytof_Neutrophils",5.90625652264663
"1956",285,2600100455,"1-6d",1,"1-6d",2,"IFNgHIGH","Vaginal","Term",0,"cytof_Neutrophils",39.3082182598204
"1957",285,2600100668,"CB",0,"CB",0,"IFNgHIGH","Vaginal","Term",0,"cytof_Neutrophils",28.560667831489
"1958",290,2600100447,"1-6d",1,"1-6d",3,"IFNgHIGH","Vaginal","Term",0,"cytof_Neutrophils",13.4047282279248
"1959",290,2600100405,"56-120dd",3,"56-120dd",94,"IFNgHIGH","Vaginal","Term",0,"cytof_Neutrophils",25.3084570339098
"1960",290,2600100664,"CB",0,"CB",0,"IFNgHIGH","Vaginal","Term",0,"cytof_Neutrophils",17.1393805309735
"1961",293,2600100410,"56-120dd",3,"56-120dd",86,"IFNgLOW","Vaginal","Term",1,"cytof_Neutrophils",55.6799285059786
"1962",293,2600100421,"1-6d",1,"1-6d",2,"IFNgLOW","Vaginal","Term",1,"cytof_Neutrophils",50.9256825813987
"1963",293,2600100662,"CB",0,"CB",0,"IFNgLOW","Vaginal","Term",1,"cytof_Neutrophils",51.368233194527
"1964",297,2600100361,"1-6d",1,"1-6d",2,"IFNgHIGH","Vaginal","Term",1,"cytof_Neutrophils",44.6526151444184
"1965",297,2600100519,"CB",0,"CB",0,"IFNgHIGH","Vaginal","Term",1,"cytof_Neutrophils",61.1267704883377
"1966",299,2600100363,"1-6d",1,"1-6d",2,"IFNgHIGH","Vaginal","Term",1,"cytof_Neutrophils",21.9833119383825
"1967",299,2600100520,"CB",0,"CB",0,"IFNgHIGH","Vaginal","Term",1,"cytof_Neutrophils",49.2746666666667
"1968",302,2600100364,"1-6d",1,"1-6d",3,"IFNgHIGH","Vaginal","Term",1,"cytof_Neutrophils",29.1979949874687
"1969",302,2600100521,"CB",0,"CB",0,"IFNgHIGH","Vaginal","Term",1,"cytof_Neutrophils",34.8431134886858
"1970",305,2600100411,"56-120dd",3,"56-120dd",77,"IFNgHIGH","Vaginal","Term",1,"cytof_Neutrophils",12.2531849601686
"1971",305,2600100371,"1-6d",1,"1-6d",3,"IFNgHIGH","Vaginal","Term",1,"cytof_Neutrophils",17.6789431380227
"1972",305,2600100522,"CB",0,"CB",0,"IFNgHIGH","Vaginal","Term",1,"cytof_Neutrophils",32.5411334552103
"1973",308,2600100374,"1-6d",1,"1-6d",3,"IFNgHIGH","Vaginal","Term",1,"cytof_Neutrophils",20.5550416281221
"1974",308,2600100523,"CB",0,"CB",0,"IFNgHIGH","Vaginal","Term",1,"cytof_Neutrophils",28.4611123782216
"1975",311,2600164329,"56-120dd",3,"56-120dd",119,"IFNgHIGH","Vaginal","Term",0,"cytof_Neutrophils",14.4489637807477
"1976",311,2600100369,"1-6d",1,"1-6d",2,"IFNgHIGH","Vaginal","Term",0,"cytof_Neutrophils",56.1503759398496
"1977",311,2600100524,"CB",0,"CB",0,"IFNgHIGH","Vaginal","Term",0,"cytof_Neutrophils",60.3554144767654
"1978",324,2600100347,"1-6d",1,"1-6d",6,"IFNgLOW","Vaginal","Preterm",1,"cytof_Neutrophils",21.1635667664523
"1979",324,2600100517,"CB",0,"CB",0,"IFNgLOW","Vaginal","Preterm",1,"cytof_Neutrophils",21.2156173594132
"1980",332,2600100376,"1-6d",1,"1-6d",2,"IFNgHIGH","Vaginal","Term",0,"cytof_Neutrophils",24.9454828660436
"1981",332,2600100525,"CB",0,"CB",0,"IFNgHIGH","Vaginal","Term",0,"cytof_Neutrophils",37.2545283490729
"1982",334,2600100377,"1-6d",1,"1-6d",5,"IFNgLOW","Vaginal","Term",0,"cytof_Neutrophils",6.51818385043474
"1983",334,2600100526,"CB",0,"CB",0,"IFNgLOW","Vaginal","Term",0,"cytof_Neutrophils",38.3037731207086
"1984",337,2600100688,"CB",0,"CB",0,"IFNgLOW","Vaginal","Term",1,"cytof_Neutrophils",39.8917292249317
"1985",337,2600100471,"1-6d",1,"1-6d",5,"IFNgLOW","Vaginal","Term",1,"cytof_Neutrophils",15.5632693460471
"1986",337,2600100431,"56-120dd",3,"56-120dd",83,"IFNgLOW","Vaginal","Term",1,"cytof_Neutrophils",12.9581913390408
"1987",340,2600100380,"1-6d",1,"1-6d",3,"IFNgHIGH","Vaginal","Term",0,"cytof_Neutrophils",46.3938973647711
"1988",340,2600164340,"56-120dd",3,"56-120dd",104,"IFNgHIGH","Vaginal","Term",0,"cytof_Neutrophils",24.506312722564
"1989",340,2600100528,"CB",0,"CB",0,"IFNgHIGH","Vaginal","Term",0,"cytof_Neutrophils",52.7171664943123
"1990",343,2600100378,"1-6d",1,"1-6d",6,"IFNgLOW","Vaginal","Preterm",0,"cytof_Neutrophils",58.7444163915324
"1991",343,2600100527,"1-6d",1,"1-6d",1,"IFNgLOW","Vaginal","Preterm",0,"cytof_Neutrophils",65.5290519877676
"1992",343,2600164342,"56-120dd",3,"56-120dd",112,"IFNgLOW","Vaginal","Preterm",0,"cytof_Neutrophils",62.1306376360809
"1993",347,2600100538,"CB",0,"CB",0,"IFNgLOW","C-section","Preterm",1,"cytof_Neutrophils",49.6510931416592
"1994",347,2600100413,"1-6d",1,"1-6d",5,"IFNgLOW","C-section","Preterm",1,"cytof_Neutrophils",28.3192892471149
"1995",347,2600164338,"56-120dd",3,"56-120dd",74,"IFNgLOW","C-section","Preterm",1,"cytof_Neutrophils",6.23335358160834
"1996",350,2600164314,"1-6d",1,"1-6d",5,"IFNgLOW","C-section","Preterm",1,"cytof_Neutrophils",55.1727111992755
"1997",350,2600164465,"1-6d",1,"1-6d",2,"IFNgLOW","C-section","Preterm",1,"cytof_Neutrophils",75.6868426025068
"1998",356,2600164316,"1-6d",1,"1-6d",2,"IFNgLOW","C-section","Preterm",1,"cytof_Neutrophils",46.5148063781321
"1999",356,2600164464,"CB",0,"CB",0,"IFNgLOW","C-section","Preterm",1,"cytof_Neutrophils",72.6749803392877
"2000",356,2600164343,"56-120dd",3,"56-120dd",58,"IFNgLOW","C-section","Preterm",1,"cytof_Neutrophils",29.6156807257746
"2001",357,2600164461,"CB",0,"CB",0,"IFNgHIGH","Vaginal","Term",1,"cytof_Neutrophils",71.0147667359842
"2002",357,2600164353,"56-120dd",3,"56-120dd",92,"IFNgHIGH","Vaginal","Term",1,"cytof_Neutrophils",30.8078789608907
"2003",357,2600164322,"1-6d",1,"1-6d",3,"IFNgHIGH","Vaginal","Term",1,"cytof_Neutrophils",55.0418029807343
"2004",363,2600164325,"1-6d",1,"1-6d",2,"IFNgLOW","Vaginal","Term",1,"cytof_Neutrophils",45.2261306532663
"2005",363,2600164467,"CB",0,"CB",0,"IFNgLOW","Vaginal","Term",1,"cytof_Neutrophils",42.6050615277455
"2006",366,2600164367,"56-120dd",3,"56-120dd",92,"IFNgHIGH","Vaginal","Term",1,"cytof_Neutrophils",34.4308189740152
"2007",366,2600164320,"1-6d",1,"1-6d",2,"IFNgHIGH","Vaginal","Term",1,"cytof_Neutrophils",75.0355699732514
"2008",366,2600100547,"CB",0,"CB",0,"IFNgHIGH","Vaginal","Term",1,"cytof_Neutrophils",46.3585408092959
"2009",367,2600100548,"CB",0,"CB",0,"IFNgHIGH","Vaginal","Term",1,"cytof_Neutrophils",50.5292735508563
"2010",367,2600164323,"1-6d",1,"1-6d",2,"IFNgHIGH","Vaginal","Term",1,"cytof_Neutrophils",55.5181365326598
"2011",376,2600100550,"1-6d",1,"1-6d",2,"IFNgLOW","C-section","Preterm",0,"cytof_Neutrophils",59.9368257186301
"2012",376,2600164331,"1-6d",1,"1-6d",5,"IFNgLOW","C-section","Preterm",0,"cytof_Neutrophils",60.258086590984
"2013",379,2600164336,"1-6d",1,"1-6d",4,"IFNgHIGH","C-section","Preterm",0,"cytof_Neutrophils",13.4905357715752
"2014",379,2600164469,"CB",0,"CB",0,"IFNgHIGH","C-section","Preterm",0,"cytof_Neutrophils",42.9782972465899
"2015",382,2600164335,"1-6d",1,"1-6d",3,"IFNgHIGH","Vaginal","Term",0,"cytof_Neutrophils",64.1743242838756
"2016",382,2600164468,"CB",0,"CB",0,"IFNgHIGH","Vaginal","Term",0,"cytof_Neutrophils",59.0672428604899
"2017",386,2600164471,"1-6d",1,"1-6d",2,"IFNgHIGH","C-section","Preterm",0,"cytof_Neutrophils",84.0025510423938
"2018",437,2600164476,"CB",0,"CB",0,"IFNgLOW","Vaginal","Preterm",1,"cytof_Neutrophils",21.3076992562705
"2019",437,2600164346,"1-6d",1,"1-6d",4,"IFNgLOW","Vaginal","Preterm",1,"cytof_Neutrophils",36.0273862694231
"2020",437,2600164378,"56-120dd",3,"56-120dd",76,"IFNgLOW","Vaginal","Preterm",1,"cytof_Neutrophils",17.3217615837039
"2021",477,2600164470,"CB",0,"CB",0,"IFNgLOW","Vaginal","Term",0,"cytof_Neutrophils",46.9425222426211
"2022",477,2600164345,"1-6d",1,"1-6d",4,"IFNgLOW","Vaginal","Term",0,"cytof_Neutrophils",62.7560568509433
"2023",480,2600164474,"CB",0,"CB",0,"IFNgHIGH","Vaginal","Term",0,"cytof_Neutrophils",72.4216670329939
"2024",480,2600164356,"1-6d",1,"1-6d",1,"IFNgHIGH","Vaginal","Term",0,"cytof_Neutrophils",72.5724232251647
"2025",488,2600164478,"1-6d",1,"1-6d",3,"IFNgLOW","Vaginal","Term",0,"cytof_Neutrophils",77.1233989568069
"2026",488,2600164372,"1-6d",1,"1-6d",2,"IFNgLOW","Vaginal","Term",0,"cytof_Neutrophils",57.9322117127123
"2027",492,2600164373,"1-6d",1,"1-6d",2,"IFNgHIGH","Vaginal","Term",1,"cytof_Neutrophils",68.7374808530694
"2028",492,2600100553,"CB",0,"CB",0,"IFNgHIGH","Vaginal","Term",1,"cytof_Neutrophils",60.0675947684271
"2029",508,2600164368,"1-6d",1,"1-6d",2,"IFNgLOW","C-section","Preterm",0,"cytof_Neutrophils",67.2574558286569
"2030",508,2600164473,"CB",0,"CB",0,"IFNgLOW","C-section","Preterm",0,"cytof_Neutrophils",57.1444469174271
"2031",522,2600164496,"CB",0,"CB",0,"IFNgHIGH","Vaginal","Term",0,"cytof_Neutrophils",63.1364488021393
"2032",522,2600164397,"1-6d",1,"1-6d",3,"IFNgHIGH","Vaginal","Term",0,"cytof_Neutrophils",48.0814351353994
"2033",522,2600164442,"56-120dd",3,"56-120dd",99,"IFNgHIGH","Vaginal","Term",0,"cytof_Neutrophils",28.1816922863869
"2034",529,2600164502,"1-6d",1,"1-6d",1,"IFNgLOW","C-section","Preterm",0,"cytof_Neutrophils",11.9930817896318
"2035",529,2600164407,"1-6d",1,"1-6d",2,"IFNgLOW","C-section","Preterm",0,"cytof_Neutrophils",67.3441886580572
"2036",529,2600164409,"1-6d",1,"1-6d",6,"IFNgLOW","C-section","Preterm",0,"cytof_Neutrophils",33.9535536772346
"2037",530,2600164408,"1-6d",1,"1-6d",6,"IFNgLOW","C-section","Preterm",0,"cytof_Neutrophils",62.7853192559075
"2038",530,2600164405,"1-6d",1,"1-6d",2,"IFNgLOW","C-section","Preterm",0,"cytof_Neutrophils",51.836631219395
"2039",531,2600164406,"1-6d",1,"1-6d",2,"IFNgHIGH","C-section","Preterm",0,"cytof_Neutrophils",15.044380923725
"2040",531,2600164411,"1-6d",1,"1-6d",6,"IFNgHIGH","C-section","Preterm",0,"cytof_Neutrophils",16.4209194766178
"2041",531,2600164499,"1-6d",1,"1-6d",1,"IFNgHIGH","C-section","Preterm",0,"cytof_Neutrophils",16.1849710982659
"2042",532,2600164414,"1-6d",1,"1-6d",2,"IFNgHIGH","Vaginal","Term",0,"cytof_Neutrophils",70.7986898463089
"2043",532,2600164503,"CB",0,"CB",0,"IFNgHIGH","Vaginal","Term",0,"cytof_Neutrophils",75.780376964911
"2044",533,2600164416,"1-6d",1,"1-6d",3,"IFNgHIGH","Vaginal","Term",0,"cytof_Neutrophils",71.5373209040509
"2045",533,2600164504,"CB",0,"CB",0,"IFNgHIGH","Vaginal","Term",0,"cytof_Neutrophils",64.1956524052222
"2046",534,2600164505,"CB",0,"CB",0,"IFNgHIGH","Vaginal","Term",1,"cytof_Neutrophils",73.0664122507721
"2047",534,2600164415,"1-6d",1,"1-6d",2,"IFNgHIGH","Vaginal","Term",1,"cytof_Neutrophils",57.497096517859
"2048",537,2600164417,"1-6d",1,"1-6d",2,"IFNgHIGH","Vaginal","Term",0,"cytof_Neutrophils",61.6919393455706
"2049",537,2600164506,"CB",0,"CB",0,"IFNgHIGH","Vaginal","Term",0,"cytof_Neutrophils",72.1797579356997
"2050",542,2600164452,"1-6d",1,"1-6d",6,"IFNgLOW","C-section","Preterm",0,"cytof_Neutrophils",40.4476748988189
"2051",542,2600164513,"CB",0,"CB",0,"IFNgLOW","C-section","Preterm",0,"cytof_Neutrophils",26.5962088524749
"2052",545,2600164514,"CB",0,"CB",0,"IFNgLOW","C-section","Preterm",0,"cytof_Neutrophils",15.4111351856063
"2053",15,2600100700,"CB",0,"CB",0,"IFNgHIGH","Vaginal","Term",1,"cytof_NK.cells",NA
"2054",15,2600100490,"1-6d",1,"1-6d",2,"IFNgHIGH","Vaginal","Term",1,"cytof_NK.cells",NA
"2055",18,2600100486,"1-6d",1,"1-6d",2,"IFNgHIGH","Vaginal","Term",1,"cytof_NK.cells",1.01010101010101
"2056",18,2600100707,"CB",0,"CB",0,"IFNgHIGH","Vaginal","Term",1,"cytof_NK.cells",0.315457413249212
"2057",28,2600100706,"CB",0,"CB",0,"IFNgHIGH","Vaginal","Term",0,"cytof_NK.cells",1.75257731958764
"2058",28,2600100503,"1-6d",1,"1-6d",5,"IFNgHIGH","Vaginal","Term",0,"cytof_NK.cells",1.49769585253456
"2059",42,2600100429,"56-120dd",3,"56-120dd",108,"IFNgLOW","Vaginal","Term",1,"cytof_NK.cells",2.07098426637395
"2060",42,2600100480,"1-6d",1,"1-6d",3,"IFNgLOW","Vaginal","Term",1,"cytof_NK.cells",0.465350643191653
"2061",42,2600100343,"56-120dd",3,"56-120dd",63,"IFNgLOW","Vaginal","Term",1,"cytof_NK.cells",6.46153846153846
"2062",42,2600100696,"CB",0,"CB",0,"IFNgLOW","Vaginal","Term",1,"cytof_NK.cells",5.53152039555007
"2063",80,2600100695,"CB",0,"CB",0,"IFNgHIGH","C-section","Term",1,"cytof_NK.cells",1.96555217831814
"2064",80,2600100485,"1-6d",1,"1-6d",4,"IFNgHIGH","C-section","Term",1,"cytof_NK.cells",0.394682176983798
"2065",88,66600203,"56-120dd",3,"56-120dd",105,"IFNgLOW","Vaginal","Term",0,"cytof_NK.cells",1.75772713081486
"2066",93,66600194,"56-120dd",3,"56-120dd",105,"IFNgLOW","Vaginal","Term",0,"cytof_NK.cells",1.43246738641475
"2067",101,66600197,"56-120dd",3,"56-120dd",113,"IFNgLOW","Vaginal","Term",1,"cytof_NK.cells",1.42120234355099
"2068",104,66600202,"56-120dd",3,"56-120dd",71,"IFNgLOW","Vaginal","Term",1,"cytof_NK.cells",2.35840256362419
"2069",107,66600241,"1-6d",1,"1-6d",4,"IFNgLOW","Vaginal","Term",1,"cytof_NK.cells",2.24062073909559
"2070",107,66600231,"CB",0,"CB",0,"IFNgLOW","Vaginal","Term",1,"cytof_NK.cells",2.72000472018173
"2071",107,66627239,"56-120dd",3,"56-120dd",94,"IFNgLOW","Vaginal","Term",1,"cytof_NK.cells",2.37043115964901
"2072",110,66627240,"56-120dd",3,"56-120dd",85,"IFNgLOW","Vaginal","Term",1,"cytof_NK.cells",1.63433606752784
"2073",110,66600235,"CB",0,"CB",0,"IFNgLOW","Vaginal","Term",1,"cytof_NK.cells",6.79960511674991
"2074",110,66600233,"1-6d",1,"1-6d",2,"IFNgLOW","Vaginal","Term",1,"cytof_NK.cells",0.636645199351064
"2075",113,66593911,"1-6d",1,"1-6d",2,"IFNgLOW","Vaginal","Term",0,"cytof_NK.cells",0.108916538403112
"2076",113,66600237,"CB",0,"CB",0,"IFNgLOW","Vaginal","Term",0,"cytof_NK.cells",6.50351943506013
"2077",116,66627285,"1-6d",1,"1-6d",3,"IFNgLOW","Vaginal","Term",1,"cytof_NK.cells",1.93743052247102
"2078",116,66627428,"CB",0,"CB",0,"IFNgLOW","Vaginal","Term",1,"cytof_NK.cells",13.3131618759456
"2079",119,66627306,"1-6d",1,"1-6d",3,"IFNgLOW","Vaginal","Term",1,"cytof_NK.cells",0.566925130291088
"2080",119,66627297,"56-120dd",3,"56-120dd",112,"IFNgLOW","Vaginal","Term",1,"cytof_NK.cells",1.03754543692716
"2081",119,66627429,"CB",0,"CB",0,"IFNgLOW","Vaginal","Term",1,"cytof_NK.cells",36.5014589588531
"2082",122,66627275,"1-6d",1,"1-6d",3,"IFNgLOW","Vaginal","Term",0,"cytof_NK.cells",0.884909194217049
"2083",122,66627435,"CB",0,"CB",0,"IFNgLOW","Vaginal","Term",0,"cytof_NK.cells",6.20351849002411
"2084",126,2600100694,"CB",0,"CB",0,"IFNgHIGH","C-section","Term",0,"cytof_NK.cells",0.375216471040986
"2085",126,2600100446,"56-120dd",3,"56-120dd",95,"IFNgHIGH","C-section","Term",0,"cytof_NK.cells",0.6294302773611
"2086",126,2600100479,"1-6d",1,"1-6d",2,"IFNgHIGH","C-section","Term",0,"cytof_NK.cells",0.403201897420694
"2087",129,2600100693,"CB",0,"CB",0,"IFNgHIGH","Vaginal","Term",1,"cytof_NK.cells",1.44573172732942
"2088",129,2600100472,"1-6d",1,"1-6d",3,"IFNgHIGH","Vaginal","Term",1,"cytof_NK.cells",0.671367647679771
"2089",141,2600100690,"CB",0,"CB",0,"IFNgLOW","Vaginal","Term",1,"cytof_NK.cells",6.81744888525788
"2090",141,2600100443,"56-120dd",3,"56-120dd",85,"IFNgLOW","Vaginal","Term",1,"cytof_NK.cells",0.740905686349926
"2091",141,2600100475,"1-6d",1,"1-6d",2,"IFNgLOW","Vaginal","Term",1,"cytof_NK.cells",0.617176331113358
"2092",144,2600100686,"CB",0,"CB",0,"IFNgLOW","Vaginal","Term",0,"cytof_NK.cells",3.30310880829016
"2093",144,2600100483,"1-6d",1,"1-6d",2,"IFNgLOW","Vaginal","Term",0,"cytof_NK.cells",2.51793071875477
"2094",144,2600100439,"56-120dd",3,"56-120dd",79,"IFNgLOW","Vaginal","Term",0,"cytof_NK.cells",3.76940133037695
"2095",147,2600100687,"CB",0,"CB",0,"IFNgLOW","C-section","Term",1,"cytof_NK.cells",3.05810397553517
"2096",147,2600100430,"56-120dd",3,"56-120dd",77,"IFNgLOW","C-section","Term",1,"cytof_NK.cells",5.09333333333334
"2097",147,2600100468,"1-6d",1,"1-6d",2,"IFNgLOW","C-section","Term",1,"cytof_NK.cells",3.37781484570475
"2098",150,2600100684,"CB",0,"CB",0,"IFNgHIGH","C-section","Term",1,"cytof_NK.cells",3.10430463576159
"2099",150,2600100469,"1-6d",1,"1-6d",3,"IFNgHIGH","C-section","Term",1,"cytof_NK.cells",2.16420474063896
"2100",153,2600100470,"1-6d",1,"1-6d",2,"IFNgLOW","C-section","Term",0,"cytof_NK.cells",1.34870428053049
"2101",153,2600100426,"56-120dd",3,"56-120dd",78,"IFNgLOW","C-section","Term",0,"cytof_NK.cells",1.49360473112365
"2102",153,2600100685,"CB",0,"CB",0,"IFNgLOW","C-section","Term",0,"cytof_NK.cells",1.15985879979829
"2103",162,2600100425,"56-120dd",3,"56-120dd",69,"IFNgLOW","C-section","Term",0,"cytof_NK.cells",7.00757575757575
"2104",162,2600100683,"CB",0,"CB",0,"IFNgLOW","C-section","Term",0,"cytof_NK.cells",19.880239520958
"2105",162,2600100341,"1-6d",1,"1-6d",2,"IFNgLOW","C-section","Term",0,"cytof_NK.cells",6.27150453550204
"2106",165,2600100680,"CB",0,"CB",0,"IFNgHIGH","Vaginal","Term",0,"cytof_NK.cells",8.60498561840844
"2107",165,2600100477,"1-6d",1,"1-6d",2,"IFNgHIGH","Vaginal","Term",0,"cytof_NK.cells",2.76299631600491
"2108",168,2600100679,"CB",0,"CB",0,"IFNgHIGH","Vaginal","Term",0,"cytof_NK.cells",2.68276324614353
"2109",168,2600100467,"1-6d",1,"1-6d",2,"IFNgHIGH","Vaginal","Term",0,"cytof_NK.cells",0.969173759009652
"2110",174,2600100626,"CB",0,"CB",0,"IFNgHIGH","C-section","Term",1,"cytof_NK.cells",1.39377727720682
"2111",174,2600100463,"1-6d",1,"1-6d",2,"IFNgHIGH","C-section","Term",1,"cytof_NK.cells",1.2586057307688
"2112",177,2600100462,"1-6d",1,"1-6d",2,"IFNgHIGH","C-section","Term",1,"cytof_NK.cells",1.485786832239
"2113",177,2600100675,"CB",0,"CB",0,"IFNgHIGH","C-section","Term",1,"cytof_NK.cells",1.45005908389914
"2114",180,2600100466,"1-6d",1,"1-6d",2,"IFNgLOW","C-section","Term",0,"cytof_NK.cells",1.11682400539447
"2115",180,2600100356,"56-120dd",3,"56-120dd",118,"IFNgLOW","C-section","Term",0,"cytof_NK.cells",2.53585132151508
"2116",180,2600100677,"CB",0,"CB",0,"IFNgLOW","C-section","Term",0,"cytof_NK.cells",2.51823043266893
"2117",189,2600100453,"1-6d",1,"1-6d",6,"IFNgLOW","C-section","Preterm",1,"cytof_NK.cells",1.48987283186036
"2118",189,2600100666,"CB",0,"CB",0,"IFNgLOW","C-section","Preterm",1,"cytof_NK.cells",1.75275588744737
"2119",203,66600227,"56-120dd",3,"56-120dd",84,"IFNgLOW","C-section","Preterm",0,"cytof_NK.cells",1.68103448275862
"2120",204,66600193,"1-6d",1,"1-6d",2,"IFNgLOW","C-section","Preterm",1,"cytof_NK.cells",1.53316920912648
"2121",204,66600238,"56-120dd",3,"56-120dd",89,"IFNgLOW","C-section","Preterm",1,"cytof_NK.cells",1.17061356297094
"2122",205,66600239,"56-120dd",3,"56-120dd",89,"IFNgLOW","C-section","Preterm",0,"cytof_NK.cells",1.80878552971576
"2123",205,66600192,"1-6d",1,"1-6d",2,"IFNgLOW","C-section","Preterm",0,"cytof_NK.cells",0.472801168217142
"2124",206,66600240,"56-120dd",3,"56-120dd",83,"IFNgLOW","Vaginal","Preterm",1,"cytof_NK.cells",1.59867646928718
"2125",210,66600164,"1-6d",1,"1-6d",6,"IFNgLOW","C-section","Preterm",1,"cytof_NK.cells",1.04080278653177
"2126",210,66627234,"56-120dd",3,"56-120dd",67,"IFNgLOW","C-section","Preterm",1,"cytof_NK.cells",1.50371540576912
"2127",210,66600210,"CB",0,"CB",0,"IFNgLOW","C-section","Preterm",1,"cytof_NK.cells",4.63116109824677
"2128",211,66627244,"56-120dd",3,"56-120dd",86,"IFNgLOW","C-section","Preterm",0,"cytof_NK.cells",6.22692178583418
"2129",211,66600168,"CB",0,"CB",0,"IFNgLOW","C-section","Preterm",0,"cytof_NK.cells",3.36091003102379
"2130",211,66600224,"1-6d",1,"1-6d",3,"IFNgLOW","C-section","Preterm",0,"cytof_NK.cells",0.322344322344322
"2131",212,66627412,"CB",0,"CB",0,"IFNgLOW","C-section","Preterm",0,"cytof_NK.cells",0.152955504377991
"2132",212,66627215,"1-6d",1,"1-6d",3,"IFNgLOW","C-section","Preterm",0,"cytof_NK.cells",0.302202186228357
"2133",213,66627411,"CB",0,"CB",0,"IFNgLOW","C-section","Preterm",0,"cytof_NK.cells",0.27297426058741
"2134",213,66627214,"1-6d",1,"1-6d",3,"IFNgLOW","C-section","Preterm",0,"cytof_NK.cells",0.415318653516775
"2135",213,66627246,"56-120dd",3,"56-120dd",86,"IFNgLOW","C-section","Preterm",0,"cytof_NK.cells",1.98215272842139
"2136",214,66627410,"CB",0,"CB",0,"IFNgLOW","C-section","Preterm",1,"cytof_NK.cells",0.418836214844539
"2137",214,66627213,"1-6d",1,"1-6d",3,"IFNgLOW","C-section","Preterm",1,"cytof_NK.cells",0.566719704559294
"2138",214,66627247,"56-120dd",3,"56-120dd",86,"IFNgLOW","C-section","Preterm",1,"cytof_NK.cells",1.55131418289313
"2139",215,66627218,"1-6d",1,"1-6d",3,"IFNgLOW","C-section","Preterm",0,"cytof_NK.cells",0.679340229242381
"2140",215,66627501,"CB",0,"CB",0,"IFNgLOW","C-section","Preterm",0,"cytof_NK.cells",12.4714100813815
"2141",215,66627254,"56-120dd",3,"56-120dd",95,"IFNgLOW","C-section","Preterm",0,"cytof_NK.cells",4.14335866671811
"2142",216,66627219,"1-6d",1,"1-6d",3,"IFNgLOW","C-section","Preterm",1,"cytof_NK.cells",1.48523242510276
"2143",216,66627248,"56-120dd",3,"56-120dd",81,"IFNgLOW","C-section","Preterm",1,"cytof_NK.cells",3.22609294167278
"2144",216,66627503,"CB",0,"CB",0,"IFNgLOW","C-section","Preterm",1,"cytof_NK.cells",4.99987733372587
"2145",216,66627221,"CB",0,"CB",0,"IFNgLOW","C-section","Preterm",1,"cytof_NK.cells",7.1745141861434
"2146",217,66627217,"1-6d",1,"1-6d",3,"IFNgLOW","C-section","Preterm",1,"cytof_NK.cells",1.19713506139154
"2147",217,66627249,"56-120dd",3,"56-120dd",81,"IFNgLOW","C-section","Preterm",1,"cytof_NK.cells",4.11905106321423
"2148",217,66627504,"CB",0,"CB",0,"IFNgLOW","C-section","Preterm",1,"cytof_NK.cells",7.20472440944882
"2149",217,66627222,"CB",0,"CB",0,"IFNgLOW","C-section","Preterm",1,"cytof_NK.cells",4.46014231205528
"2150",218,66627229,"1-6d",1,"1-6d",4,"IFNgLOW","Vaginal","Preterm",0,"cytof_NK.cells",0.505292050487617
"2151",218,66627256,"56-120dd",3,"56-120dd",104,"IFNgLOW","Vaginal","Preterm",0,"cytof_NK.cells",3.60980986497658
"2152",219,66627230,"1-6d",1,"1-6d",4,"IFNgLOW","C-section","Preterm",0,"cytof_NK.cells",0.44786564030791
"2153",219,66627413,"CB",0,"CB",0,"IFNgLOW","C-section","Preterm",0,"cytof_NK.cells",0.4713560551124
"2154",219,66627255,"56-120dd",3,"56-120dd",81,"IFNgLOW","C-section","Preterm",0,"cytof_NK.cells",5.79822579013053
"2155",220,66627235,"1-6d",1,"1-6d",5,"IFNgLOW","C-section","Preterm",0,"cytof_NK.cells",1.49382466829384
"2156",220,66627414,"CB",0,"CB",0,"IFNgLOW","C-section","Preterm",0,"cytof_NK.cells",3.87363018449161
"2157",220,66627257,"56-120dd",3,"56-120dd",90,"IFNgLOW","C-section","Preterm",0,"cytof_NK.cells",4.02975112043483
"2158",221,66627261,"56-120dd",3,"56-120dd",104,"IFNgLOW","C-section","Preterm",0,"cytof_NK.cells",2.92573024259444
"2159",221,66627415,"CB",0,"CB",0,"IFNgLOW","C-section","Preterm",0,"cytof_NK.cells",1.09733213673819
"2160",221,66627241,"1-6d",1,"1-6d",2,"IFNgLOW","C-section","Preterm",0,"cytof_NK.cells",0.16049470131464
"2161",223,66627418,"1-6d",1,"1-6d",1,"IFNgLOW","C-section","Preterm",0,"cytof_NK.cells",0.0895862998972116
"2162",223,66627267,"56-120dd",3,"56-120dd",79,"IFNgLOW","C-section","Preterm",0,"cytof_NK.cells",0.545854165157115
"2163",223,66627251,"1-6d",1,"1-6d",3,"IFNgLOW","C-section","Preterm",0,"cytof_NK.cells",0.227436236626518
"2164",224,66627258,"1-6d",1,"1-6d",5,"IFNgLOW","C-section","Preterm",1,"cytof_NK.cells",2.08837453971594
"2165",225,66627259,"1-6d",1,"1-6d",6,"IFNgLOW","C-section","Preterm",1,"cytof_NK.cells",1.34741700692348
"2166",225,66627500,"CB",0,"CB",0,"IFNgLOW","C-section","Preterm",1,"cytof_NK.cells",24.5515372932146
"2167",226,66627498,"CB",0,"CB",0,"IFNgLOW","C-section","Preterm",1,"cytof_NK.cells",4.82515443753975
"2168",226,66627270,"1-6d",1,"1-6d",2,"IFNgLOW","C-section","Preterm",1,"cytof_NK.cells",0.405562454229948
"2169",230,66627425,"CB",0,"CB",0,"IFNgLOW","C-section","Preterm",0,"cytof_NK.cells",9.09698392631389
"2170",230,66600169,"1-6d",1,"1-6d",6,"IFNgLOW","C-section","Preterm",0,"cytof_NK.cells",1.39807617479119
"2171",230,66600236,"56-120dd",3,"56-120dd",76,"IFNgLOW","C-section","Preterm",0,"cytof_NK.cells",3.17929034295942
"2172",267,2600100465,"1-6d",1,"1-6d",2,"IFNgLOW","C-section","Term",0,"cytof_NK.cells",42.1929215822345
"2173",267,2600100353,"56-120dd",3,"56-120dd",118,"IFNgLOW","C-section","Term",0,"cytof_NK.cells",46.6058763931104
"2174",267,2600100678,"CB",0,"CB",0,"IFNgLOW","C-section","Term",0,"cytof_NK.cells",36.9212266987372
"2175",270,2600100674,"CB",0,"CB",0,"IFNgHIGH","C-section","Term",0,"cytof_NK.cells",47.2515269294836
"2176",270,2600100460,"1-6d",1,"1-6d",2,"IFNgHIGH","C-section","Term",0,"cytof_NK.cells",48.7358006595823
"2177",273,2600100673,"CB",0,"CB",0,"IFNgLOW","C-section","Term",1,"cytof_NK.cells",2.0671834625323
"2178",273,2600100461,"1-6d",1,"1-6d",2,"IFNgLOW","C-section","Term",1,"cytof_NK.cells",2.74914089347079
"2179",276,2600100671,"CB",0,"CB",0,"IFNgHIGH","C-section","Term",1,"cytof_NK.cells",2.17699809776865
"2180",276,2600100458,"1-6d",1,"1-6d",2,"IFNgHIGH","C-section","Term",1,"cytof_NK.cells",1.02141127388688
"2181",282,2600100669,"CB",0,"CB",0,"IFNgHIGH","Vaginal","Term",1,"cytof_NK.cells",3.16288156288156
"2182",282,2600100456,"1-6d",1,"1-6d",2,"IFNgHIGH","Vaginal","Term",1,"cytof_NK.cells",0.512798132105527
"2183",285,2600100350,"56-120dd",3,"56-120dd",86,"IFNgHIGH","Vaginal","Term",0,"cytof_NK.cells",0.944479231893133
"2184",285,2600100455,"1-6d",1,"1-6d",2,"IFNgHIGH","Vaginal","Term",0,"cytof_NK.cells",0.281539080305671
"2185",285,2600100668,"CB",0,"CB",0,"IFNgHIGH","Vaginal","Term",0,"cytof_NK.cells",5.9949524364201
"2186",290,2600100447,"1-6d",1,"1-6d",3,"IFNgHIGH","Vaginal","Term",0,"cytof_NK.cells",0.581935744594868
"2187",290,2600100405,"56-120dd",3,"56-120dd",94,"IFNgHIGH","Vaginal","Term",0,"cytof_NK.cells",0.866131009124336
"2188",290,2600100664,"CB",0,"CB",0,"IFNgHIGH","Vaginal","Term",0,"cytof_NK.cells",9.60619469026548
"2189",293,2600100410,"56-120dd",3,"56-120dd",86,"IFNgLOW","Vaginal","Term",1,"cytof_NK.cells",2.03226280840281
"2190",293,2600100421,"1-6d",1,"1-6d",2,"IFNgLOW","Vaginal","Term",1,"cytof_NK.cells",0.611768141334501
"2191",293,2600100662,"CB",0,"CB",0,"IFNgLOW","Vaginal","Term",1,"cytof_NK.cells",2.65897492094305
"2192",297,2600100361,"1-6d",1,"1-6d",2,"IFNgHIGH","Vaginal","Term",1,"cytof_NK.cells",0.780640124902421
"2193",297,2600100519,"CB",0,"CB",0,"IFNgHIGH","Vaginal","Term",1,"cytof_NK.cells",2.15981960397435
"2194",299,2600100363,"1-6d",1,"1-6d",2,"IFNgHIGH","Vaginal","Term",1,"cytof_NK.cells",0.417201540436458
"2195",299,2600100520,"CB",0,"CB",0,"IFNgHIGH","Vaginal","Term",1,"cytof_NK.cells",3.09013333333333
"2196",302,2600100364,"1-6d",1,"1-6d",3,"IFNgHIGH","Vaginal","Term",1,"cytof_NK.cells",1.36949516648765
"2197",302,2600100521,"CB",0,"CB",0,"IFNgHIGH","Vaginal","Term",1,"cytof_NK.cells",1.73609528930365
"2198",305,2600100411,"56-120dd",3,"56-120dd",77,"IFNgHIGH","Vaginal","Term",1,"cytof_NK.cells",4.42639719785499
"2199",305,2600100371,"1-6d",1,"1-6d",3,"IFNgHIGH","Vaginal","Term",1,"cytof_NK.cells",1.33962614125843
"2200",305,2600100522,"CB",0,"CB",0,"IFNgHIGH","Vaginal","Term",1,"cytof_NK.cells",11.5503757871217
"2201",308,2600100374,"1-6d",1,"1-6d",3,"IFNgHIGH","Vaginal","Term",1,"cytof_NK.cells",1.59111933395005
"2202",308,2600100523,"CB",0,"CB",0,"IFNgHIGH","Vaginal","Term",1,"cytof_NK.cells",2.51213710859861
"2203",311,2600164329,"56-120dd",3,"56-120dd",119,"IFNgHIGH","Vaginal","Term",0,"cytof_NK.cells",2.73097036606624
"2204",311,2600100369,"1-6d",1,"1-6d",2,"IFNgHIGH","Vaginal","Term",0,"cytof_NK.cells",0.390977443609022
"2205",311,2600100524,"CB",0,"CB",0,"IFNgHIGH","Vaginal","Term",0,"cytof_NK.cells",2.31825987406983
"2206",324,2600100347,"1-6d",1,"1-6d",6,"IFNgLOW","Vaginal","Preterm",1,"cytof_NK.cells",1.51150807282721
"2207",324,2600100517,"CB",0,"CB",0,"IFNgLOW","Vaginal","Preterm",1,"cytof_NK.cells",6.21179706601468
"2208",332,2600100376,"1-6d",1,"1-6d",2,"IFNgHIGH","Vaginal","Term",0,"cytof_NK.cells",0.45171339563863
"2209",332,2600100525,"CB",0,"CB",0,"IFNgHIGH","Vaginal","Term",0,"cytof_NK.cells",7.52998058853651
"2210",334,2600100377,"1-6d",1,"1-6d",5,"IFNgLOW","Vaginal","Term",0,"cytof_NK.cells",1.91898156318755
"2211",334,2600100526,"CB",0,"CB",0,"IFNgLOW","Vaginal","Term",0,"cytof_NK.cells",3.9117890452014
"2212",337,2600100688,"CB",0,"CB",0,"IFNgLOW","Vaginal","Term",1,"cytof_NK.cells",1.96097672668989
"2213",337,2600100471,"1-6d",1,"1-6d",5,"IFNgLOW","Vaginal","Term",1,"cytof_NK.cells",2.64313495880557
"2214",337,2600100431,"56-120dd",3,"56-120dd",83,"IFNgLOW","Vaginal","Term",1,"cytof_NK.cells",1.37976893026349
"2215",340,2600100380,"1-6d",1,"1-6d",3,"IFNgHIGH","Vaginal","Term",0,"cytof_NK.cells",0.50624133148405
"2216",340,2600164340,"56-120dd",3,"56-120dd",104,"IFNgHIGH","Vaginal","Term",0,"cytof_NK.cells",1.00356102298478
"2217",340,2600100528,"CB",0,"CB",0,"IFNgHIGH","Vaginal","Term",0,"cytof_NK.cells",4.65873836608066
"2218",343,2600100378,"1-6d",1,"1-6d",6,"IFNgLOW","Vaginal","Preterm",0,"cytof_NK.cells",0.55714701883861
"2219",343,2600100527,"1-6d",1,"1-6d",1,"IFNgLOW","Vaginal","Preterm",0,"cytof_NK.cells",0.660550458715596
"2220",343,2600164342,"56-120dd",3,"56-120dd",112,"IFNgLOW","Vaginal","Preterm",0,"cytof_NK.cells",0.275572289978445
"2221",347,2600100538,"CB",0,"CB",0,"IFNgLOW","C-section","Preterm",1,"cytof_NK.cells",NA
"2222",347,2600100413,"1-6d",1,"1-6d",5,"IFNgLOW","C-section","Preterm",1,"cytof_NK.cells",NA
"2223",347,2600164338,"56-120dd",3,"56-120dd",74,"IFNgLOW","C-section","Preterm",1,"cytof_NK.cells",NA
"2224",350,2600164314,"1-6d",1,"1-6d",5,"IFNgLOW","C-section","Preterm",1,"cytof_NK.cells",NA
"2225",350,2600164465,"1-6d",1,"1-6d",2,"IFNgLOW","C-section","Preterm",1,"cytof_NK.cells",NA
"2226",356,2600164316,"1-6d",1,"1-6d",2,"IFNgLOW","C-section","Preterm",1,"cytof_NK.cells",NA
"2227",356,2600164464,"CB",0,"CB",0,"IFNgLOW","C-section","Preterm",1,"cytof_NK.cells",NA
"2228",356,2600164343,"56-120dd",3,"56-120dd",58,"IFNgLOW","C-section","Preterm",1,"cytof_NK.cells",NA
"2229",357,2600164461,"CB",0,"CB",0,"IFNgHIGH","Vaginal","Term",1,"cytof_NK.cells",1.58590123301195
"2230",357,2600164353,"56-120dd",3,"56-120dd",92,"IFNgHIGH","Vaginal","Term",1,"cytof_NK.cells",1.45018555523837
"2231",357,2600164322,"1-6d",1,"1-6d",3,"IFNgHIGH","Vaginal","Term",1,"cytof_NK.cells",0.748818611414031
"2232",363,2600164325,"1-6d",1,"1-6d",2,"IFNgLOW","Vaginal","Term",1,"cytof_NK.cells",8.27667750517293
"2233",363,2600164467,"CB",0,"CB",0,"IFNgLOW","Vaginal","Term",1,"cytof_NK.cells",8.85767355467842
"2234",366,2600164367,"56-120dd",3,"56-120dd",92,"IFNgHIGH","Vaginal","Term",1,"cytof_NK.cells",0.939763153398262
"2235",366,2600164320,"1-6d",1,"1-6d",2,"IFNgHIGH","Vaginal","Term",1,"cytof_NK.cells",0.167890273746514
"2236",366,2600100547,"CB",0,"CB",0,"IFNgHIGH","Vaginal","Term",1,"cytof_NK.cells",3.55114429898884
"2237",367,2600100548,"CB",0,"CB",0,"IFNgHIGH","Vaginal","Term",1,"cytof_NK.cells",5.41627304217232
"2238",367,2600164323,"1-6d",1,"1-6d",2,"IFNgHIGH","Vaginal","Term",1,"cytof_NK.cells",0.339109894992867
"2239",376,2600100550,"1-6d",1,"1-6d",2,"IFNgLOW","C-section","Preterm",0,"cytof_NK.cells",6.53102599377307
"2240",376,2600164331,"1-6d",1,"1-6d",5,"IFNgLOW","C-section","Preterm",0,"cytof_NK.cells",0.586560434054722
"2241",379,2600164336,"1-6d",1,"1-6d",4,"IFNgHIGH","C-section","Preterm",0,"cytof_NK.cells",NA
"2242",379,2600164469,"CB",0,"CB",0,"IFNgHIGH","C-section","Preterm",0,"cytof_NK.cells",NA
"2243",382,2600164335,"1-6d",1,"1-6d",3,"IFNgHIGH","Vaginal","Term",0,"cytof_NK.cells",0.317279774910952
"2244",382,2600164468,"CB",0,"CB",0,"IFNgHIGH","Vaginal","Term",0,"cytof_NK.cells",2.82977117121808
"2245",386,2600164471,"1-6d",1,"1-6d",2,"IFNgHIGH","C-section","Preterm",0,"cytof_NK.cells",NA
"2246",437,2600164476,"CB",0,"CB",0,"IFNgLOW","Vaginal","Preterm",1,"cytof_NK.cells",NA
"2247",437,2600164346,"1-6d",1,"1-6d",4,"IFNgLOW","Vaginal","Preterm",1,"cytof_NK.cells",NA
"2248",437,2600164378,"56-120dd",3,"56-120dd",76,"IFNgLOW","Vaginal","Preterm",1,"cytof_NK.cells",NA
"2249",477,2600164470,"CB",0,"CB",0,"IFNgLOW","Vaginal","Term",0,"cytof_NK.cells",4.01073294732382
"2250",477,2600164345,"1-6d",1,"1-6d",4,"IFNgLOW","Vaginal","Term",0,"cytof_NK.cells",1.78544332608366
"2251",480,2600164474,"CB",0,"CB",0,"IFNgHIGH","Vaginal","Term",0,"cytof_NK.cells",1.20277431802085
"2252",480,2600164356,"1-6d",1,"1-6d",1,"IFNgHIGH","Vaginal","Term",0,"cytof_NK.cells",0.254880019893075
"2253",488,2600164478,"1-6d",1,"1-6d",3,"IFNgLOW","Vaginal","Term",0,"cytof_NK.cells",2.16534685789341
"2254",488,2600164372,"1-6d",1,"1-6d",2,"IFNgLOW","Vaginal","Term",0,"cytof_NK.cells",0.913119219931955
"2255",492,2600164373,"1-6d",1,"1-6d",2,"IFNgHIGH","Vaginal","Term",1,"cytof_NK.cells",0.297513844703664
"2256",492,2600100553,"CB",0,"CB",0,"IFNgHIGH","Vaginal","Term",1,"cytof_NK.cells",4.29348487543651
"2257",508,2600164368,"1-6d",1,"1-6d",2,"IFNgLOW","C-section","Preterm",0,"cytof_NK.cells",NA
"2258",508,2600164473,"CB",0,"CB",0,"IFNgLOW","C-section","Preterm",0,"cytof_NK.cells",NA
"2259",522,2600164496,"CB",0,"CB",0,"IFNgHIGH","Vaginal","Term",0,"cytof_NK.cells",1.91912393356739
"2260",522,2600164397,"1-6d",1,"1-6d",3,"IFNgHIGH","Vaginal","Term",0,"cytof_NK.cells",0.596343728614723
"2261",522,2600164442,"56-120dd",3,"56-120dd",99,"IFNgHIGH","Vaginal","Term",0,"cytof_NK.cells",2.42810321746757
"2262",529,2600164502,"1-6d",1,"1-6d",1,"IFNgLOW","C-section","Preterm",0,"cytof_NK.cells",4.75626962814619
"2263",529,2600164407,"1-6d",1,"1-6d",2,"IFNgLOW","C-section","Preterm",0,"cytof_NK.cells",0.557739097885084
"2264",529,2600164409,"1-6d",1,"1-6d",6,"IFNgLOW","C-section","Preterm",0,"cytof_NK.cells",1.18671197102019
"2265",530,2600164408,"1-6d",1,"1-6d",6,"IFNgLOW","C-section","Preterm",0,"cytof_NK.cells",1.12518853695325
"2266",530,2600164405,"1-6d",1,"1-6d",2,"IFNgLOW","C-section","Preterm",0,"cytof_NK.cells",0.552390355851468
"2267",531,2600164406,"1-6d",1,"1-6d",2,"IFNgHIGH","C-section","Preterm",0,"cytof_NK.cells",2.99383180382128
"2268",531,2600164411,"1-6d",1,"1-6d",6,"IFNgHIGH","C-section","Preterm",0,"cytof_NK.cells",1.75119579396766
"2269",531,2600164499,"1-6d",1,"1-6d",1,"IFNgHIGH","C-section","Preterm",0,"cytof_NK.cells",14.1040462427746
"2270",532,2600164414,"1-6d",1,"1-6d",2,"IFNgHIGH","Vaginal","Term",0,"cytof_NK.cells",0.244394053917864
"2271",532,2600164503,"CB",0,"CB",0,"IFNgHIGH","Vaginal","Term",0,"cytof_NK.cells",1.78466479591414
"2272",533,2600164416,"1-6d",1,"1-6d",3,"IFNgHIGH","Vaginal","Term",0,"cytof_NK.cells",0.241785434316532
"2273",533,2600164504,"CB",0,"CB",0,"IFNgHIGH","Vaginal","Term",0,"cytof_NK.cells",1.83224625730185
"2274",534,2600164505,"CB",0,"CB",0,"IFNgHIGH","Vaginal","Term",1,"cytof_NK.cells",3.29878236121667
"2275",534,2600164415,"1-6d",1,"1-6d",2,"IFNgHIGH","Vaginal","Term",1,"cytof_NK.cells",0.609221866786202
"2276",537,2600164417,"1-6d",1,"1-6d",2,"IFNgHIGH","Vaginal","Term",0,"cytof_NK.cells",0.638467677573823
"2277",537,2600164506,"CB",0,"CB",0,"IFNgHIGH","Vaginal","Term",0,"cytof_NK.cells",2.21266924668475
"2278",542,2600164452,"1-6d",1,"1-6d",6,"IFNgLOW","C-section","Preterm",0,"cytof_NK.cells",NA
"2279",542,2600164513,"CB",0,"CB",0,"IFNgLOW","C-section","Preterm",0,"cytof_NK.cells",NA
"2280",545,2600164514,"CB",0,"CB",0,"IFNgLOW","C-section","Preterm",0,"cytof_NK.cells",2.48991464859883
"2281",15,2600100700,"CB",0,"CB",0,"IFNgHIGH","Vaginal","Term",1,"cytof_pDC",NA
"2282",15,2600100490,"1-6d",1,"1-6d",2,"IFNgHIGH","Vaginal","Term",1,"cytof_pDC",NA
"2283",18,2600100486,"1-6d",1,"1-6d",2,"IFNgHIGH","Vaginal","Term",1,"cytof_pDC",0.168350168350168
"2284",18,2600100707,"CB",0,"CB",0,"IFNgHIGH","Vaginal","Term",1,"cytof_pDC",NA
"2285",28,2600100706,"CB",0,"CB",0,"IFNgHIGH","Vaginal","Term",0,"cytof_pDC",0.103092783505155
"2286",28,2600100503,"1-6d",1,"1-6d",5,"IFNgHIGH","Vaginal","Term",0,"cytof_pDC",NA
"2287",42,2600100429,"56-120dd",3,"56-120dd",108,"IFNgLOW","Vaginal","Term",1,"cytof_pDC",0.314672521039152
"2288",42,2600100480,"1-6d",1,"1-6d",3,"IFNgLOW","Vaginal","Term",1,"cytof_pDC",0.177841010136938
"2289",42,2600100343,"56-120dd",3,"56-120dd",63,"IFNgLOW","Vaginal","Term",1,"cytof_pDC",0.553846153846154
"2290",42,2600100696,"CB",0,"CB",0,"IFNgLOW","Vaginal","Term",1,"cytof_pDC",0.332200247218789
"2291",80,2600100695,"CB",0,"CB",0,"IFNgHIGH","C-section","Term",1,"cytof_pDC",0.425531914893617
"2292",80,2600100485,"1-6d",1,"1-6d",4,"IFNgHIGH","C-section","Term",1,"cytof_pDC",0.0934773577066888
"2293",88,66600203,"56-120dd",3,"56-120dd",105,"IFNgLOW","Vaginal","Term",0,"cytof_pDC",0.184982828598189
"2294",93,66600194,"56-120dd",3,"56-120dd",105,"IFNgLOW","Vaginal","Term",0,"cytof_pDC",0.168690958164642
"2295",101,66600197,"56-120dd",3,"56-120dd",113,"IFNgLOW","Vaginal","Term",1,"cytof_pDC",0.147533327672582
"2296",104,66600202,"56-120dd",3,"56-120dd",71,"IFNgLOW","Vaginal","Term",1,"cytof_pDC",0.15473930268544
"2297",107,66600241,"1-6d",1,"1-6d",4,"IFNgLOW","Vaginal","Term",1,"cytof_pDC",0.215065855132765
"2298",107,66600231,"CB",0,"CB",0,"IFNgLOW","Vaginal","Term",1,"cytof_pDC",0.282368014025683
"2299",107,66627239,"56-120dd",3,"56-120dd",94,"IFNgLOW","Vaginal","Term",1,"cytof_pDC",0.19506344296446
"2300",110,66627240,"56-120dd",3,"56-120dd",85,"IFNgLOW","Vaginal","Term",1,"cytof_pDC",0.0984486610099156
"2301",110,66600235,"CB",0,"CB",0,"IFNgLOW","Vaginal","Term",1,"cytof_pDC",0.0983025039948465
"2302",110,66600233,"1-6d",1,"1-6d",2,"IFNgLOW","Vaginal","Term",1,"cytof_pDC",0.11553020992085
"2303",113,66593911,"1-6d",1,"1-6d",2,"IFNgLOW","Vaginal","Term",0,"cytof_pDC",0.422194897546799
"2304",113,66600237,"CB",0,"CB",0,"IFNgLOW","Vaginal","Term",0,"cytof_pDC",1.14086128926477
"2305",116,66627285,"1-6d",1,"1-6d",3,"IFNgLOW","Vaginal","Term",1,"cytof_pDC",8.19437827536925
"2306",116,66627428,"CB",0,"CB",0,"IFNgLOW","Vaginal","Term",1,"cytof_pDC",0.907715582450834
"2307",119,66627306,"1-6d",1,"1-6d",3,"IFNgLOW","Vaginal","Term",1,"cytof_pDC",0.882674462946485
"2308",119,66627297,"56-120dd",3,"56-120dd",112,"IFNgLOW","Vaginal","Term",1,"cytof_pDC",0.641434696086634
"2309",119,66627429,"CB",0,"CB",0,"IFNgLOW","Vaginal","Term",1,"cytof_pDC",0.0126865987228824
"2310",122,66627275,"1-6d",1,"1-6d",3,"IFNgLOW","Vaginal","Term",0,"cytof_pDC",0.864917191018329
"2311",122,66627435,"CB",0,"CB",0,"IFNgLOW","Vaginal","Term",0,"cytof_pDC",0.184643791352516
"2312",126,2600100694,"CB",0,"CB",0,"IFNgHIGH","C-section","Term",0,"cytof_pDC",0.230902443717529
"2313",126,2600100446,"56-120dd",3,"56-120dd",95,"IFNgHIGH","C-section","Term",0,"cytof_pDC",0.208829671460926
"2314",126,2600100479,"1-6d",1,"1-6d",2,"IFNgHIGH","C-section","Term",0,"cytof_pDC",0.0415060776756597
"2315",129,2600100693,"CB",0,"CB",0,"IFNgHIGH","Vaginal","Term",1,"cytof_pDC",0.525123896419311
"2316",129,2600100472,"1-6d",1,"1-6d",3,"IFNgHIGH","Vaginal","Term",1,"cytof_pDC",0.198454587678926
"2317",141,2600100690,"CB",0,"CB",0,"IFNgLOW","Vaginal","Term",1,"cytof_pDC",0.410637886182358
"2318",141,2600100443,"56-120dd",3,"56-120dd",85,"IFNgLOW","Vaginal","Term",1,"cytof_pDC",0.419036822607745
"2319",141,2600100475,"1-6d",1,"1-6d",2,"IFNgLOW","Vaginal","Term",1,"cytof_pDC",0.0819414902890617
"2320",144,2600100686,"CB",0,"CB",0,"IFNgLOW","Vaginal","Term",0,"cytof_pDC",0.161917098445596
"2321",144,2600100483,"1-6d",1,"1-6d",2,"IFNgLOW","Vaginal","Term",0,"cytof_pDC",0.0610407446970853
"2322",144,2600100439,"56-120dd",3,"56-120dd",79,"IFNgLOW","Vaginal","Term",0,"cytof_pDC",0.332594235033259
"2323",147,2600100687,"CB",0,"CB",0,"IFNgLOW","C-section","Term",1,"cytof_pDC",0.114678899082569
"2324",147,2600100430,"56-120dd",3,"56-120dd",77,"IFNgLOW","C-section","Term",1,"cytof_pDC",0.186666666666667
"2325",147,2600100468,"1-6d",1,"1-6d",2,"IFNgLOW","C-section","Term",1,"cytof_pDC",0.125104253544621
"2326",150,2600100684,"CB",0,"CB",0,"IFNgHIGH","C-section","Term",1,"cytof_pDC",0.124172185430463
"2327",150,2600100469,"1-6d",1,"1-6d",3,"IFNgHIGH","C-section","Term",1,"cytof_pDC",0.0343524562006184
"2328",153,2600100470,"1-6d",1,"1-6d",2,"IFNgLOW","C-section","Term",0,"cytof_pDC",0.12202562538133
"2329",153,2600100426,"56-120dd",3,"56-120dd",78,"IFNgLOW","C-section","Term",0,"cytof_pDC",0.112776784486316
"2330",153,2600100685,"CB",0,"CB",0,"IFNgLOW","C-section","Term",0,"cytof_pDC",0.244384964505993
"2331",162,2600100425,"56-120dd",3,"56-120dd",69,"IFNgLOW","C-section","Term",0,"cytof_pDC",0.236742424242424
"2332",162,2600100683,"CB",0,"CB",0,"IFNgLOW","C-section","Term",0,"cytof_pDC",0.119760479041916
"2333",162,2600100341,"1-6d",1,"1-6d",2,"IFNgLOW","C-section","Term",0,"cytof_pDC",0.0781983109164843
"2334",165,2600100680,"CB",0,"CB",0,"IFNgHIGH","Vaginal","Term",0,"cytof_pDC",0.215723873441994
"2335",165,2600100477,"1-6d",1,"1-6d",2,"IFNgHIGH","Vaginal","Term",0,"cytof_pDC",0.102333196889071
"2336",168,2600100679,"CB",0,"CB",0,"IFNgHIGH","Vaginal","Term",0,"cytof_pDC",0.134138162307176
"2337",168,2600100467,"1-6d",1,"1-6d",2,"IFNgHIGH","Vaginal","Term",0,"cytof_pDC",0.187319297959848
"2338",174,2600100626,"CB",0,"CB",0,"IFNgHIGH","C-section","Term",1,"cytof_pDC",0.151344502322962
"2339",174,2600100463,"1-6d",1,"1-6d",2,"IFNgHIGH","C-section","Term",1,"cytof_pDC",0.12056473875762
"2340",177,2600100462,"1-6d",1,"1-6d",2,"IFNgHIGH","C-section","Term",1,"cytof_pDC",0.0733966792961853
"2341",177,2600100675,"CB",0,"CB",0,"IFNgHIGH","C-section","Term",1,"cytof_pDC",0.204290091930542
"2342",180,2600100466,"1-6d",1,"1-6d",2,"IFNgLOW","C-section","Term",0,"cytof_pDC",0.0421443020903574
"2343",180,2600100356,"56-120dd",3,"56-120dd",118,"IFNgLOW","C-section","Term",0,"cytof_pDC",0.24543954041714
"2344",180,2600100677,"CB",0,"CB",0,"IFNgLOW","C-section","Term",0,"cytof_pDC",0.0842651110030789
"2345",189,2600100453,"1-6d",1,"1-6d",6,"IFNgLOW","C-section","Preterm",1,"cytof_pDC",0.0837502479448131
"2346",189,2600100666,"CB",0,"CB",0,"IFNgLOW","C-section","Preterm",1,"cytof_pDC",0.041295295777556
"2347",203,66600227,"56-120dd",3,"56-120dd",84,"IFNgLOW","C-section","Preterm",0,"cytof_pDC",0.183756805807622
"2348",204,66600193,"1-6d",1,"1-6d",2,"IFNgLOW","C-section","Preterm",1,"cytof_pDC",NA
"2349",204,66600238,"56-120dd",3,"56-120dd",89,"IFNgLOW","C-section","Preterm",1,"cytof_pDC",NA
"2350",205,66600239,"56-120dd",3,"56-120dd",89,"IFNgLOW","C-section","Preterm",0,"cytof_pDC",NA
"2351",205,66600192,"1-6d",1,"1-6d",2,"IFNgLOW","C-section","Preterm",0,"cytof_pDC",NA
"2352",206,66600240,"56-120dd",3,"56-120dd",83,"IFNgLOW","Vaginal","Preterm",1,"cytof_pDC",0.173403756491582
"2353",210,66600164,"1-6d",1,"1-6d",6,"IFNgLOW","C-section","Preterm",1,"cytof_pDC",NA
"2354",210,66627234,"56-120dd",3,"56-120dd",67,"IFNgLOW","C-section","Preterm",1,"cytof_pDC",NA
"2355",210,66600210,"CB",0,"CB",0,"IFNgLOW","C-section","Preterm",1,"cytof_pDC",NA
"2356",211,66627244,"56-120dd",3,"56-120dd",86,"IFNgLOW","C-section","Preterm",0,"cytof_pDC",NA
"2357",211,66600168,"CB",0,"CB",0,"IFNgLOW","C-section","Preterm",0,"cytof_pDC",NA
"2358",211,66600224,"1-6d",1,"1-6d",3,"IFNgLOW","C-section","Preterm",0,"cytof_pDC",NA
"2359",212,66627412,"CB",0,"CB",0,"IFNgLOW","C-section","Preterm",0,"cytof_pDC",0.00404033407790919
"2360",212,66627215,"1-6d",1,"1-6d",3,"IFNgLOW","C-section","Preterm",0,"cytof_pDC",0.0633328014042927
"2361",213,66627411,"CB",0,"CB",0,"IFNgLOW","C-section","Preterm",0,"cytof_pDC",0.00300443368571048
"2362",213,66627214,"1-6d",1,"1-6d",3,"IFNgLOW","C-section","Preterm",0,"cytof_pDC",0.0235086030292515
"2363",213,66627246,"56-120dd",3,"56-120dd",86,"IFNgLOW","C-section","Preterm",0,"cytof_pDC",0.286925162547053
"2364",214,66627410,"CB",0,"CB",0,"IFNgLOW","C-section","Preterm",1,"cytof_pDC",0.00921966510664079
"2365",214,66627213,"1-6d",1,"1-6d",3,"IFNgLOW","C-section","Preterm",1,"cytof_pDC",0.0333942286915355
"2366",214,66627247,"56-120dd",3,"56-120dd",86,"IFNgLOW","C-section","Preterm",1,"cytof_pDC",0.176081228712808
"2367",215,66627218,"1-6d",1,"1-6d",3,"IFNgLOW","C-section","Preterm",0,"cytof_pDC",0.141179759575063
"2368",215,66627501,"CB",0,"CB",0,"IFNgLOW","C-section","Preterm",0,"cytof_pDC",0.118792219996099
"2369",215,66627254,"56-120dd",3,"56-120dd",95,"IFNgLOW","C-section","Preterm",0,"cytof_pDC",0.182606123734939
"2370",216,66627219,"1-6d",1,"1-6d",3,"IFNgLOW","C-section","Preterm",1,"cytof_pDC",0.00211873384465443
"2371",216,66627248,"56-120dd",3,"56-120dd",81,"IFNgLOW","C-section","Preterm",1,"cytof_pDC",NA
"2372",216,66627503,"CB",0,"CB",0,"IFNgLOW","C-section","Preterm",1,"cytof_pDC",0.00245332548269179
"2373",216,66627221,"CB",0,"CB",0,"IFNgLOW","C-section","Preterm",1,"cytof_pDC",0.00757604454714192
"2374",217,66627217,"1-6d",1,"1-6d",3,"IFNgLOW","C-section","Preterm",1,"cytof_pDC",0.0153478854024557
"2375",217,66627249,"56-120dd",3,"56-120dd",81,"IFNgLOW","C-section","Preterm",1,"cytof_pDC",0.119340373209894
"2376",217,66627504,"CB",0,"CB",0,"IFNgLOW","C-section","Preterm",1,"cytof_pDC",0.0393700787401575
"2377",217,66627222,"CB",0,"CB",0,"IFNgLOW","C-section","Preterm",1,"cytof_pDC",0.247499226564916
"2378",218,66627229,"1-6d",1,"1-6d",4,"IFNgLOW","Vaginal","Preterm",0,"cytof_pDC",NA
"2379",218,66627256,"56-120dd",3,"56-120dd",104,"IFNgLOW","Vaginal","Preterm",0,"cytof_pDC",NA
"2380",219,66627230,"1-6d",1,"1-6d",4,"IFNgLOW","C-section","Preterm",0,"cytof_pDC",NA
"2381",219,66627413,"CB",0,"CB",0,"IFNgLOW","C-section","Preterm",0,"cytof_pDC",NA
"2382",219,66627255,"56-120dd",3,"56-120dd",81,"IFNgLOW","C-section","Preterm",0,"cytof_pDC",NA
"2383",220,66627235,"1-6d",1,"1-6d",5,"IFNgLOW","C-section","Preterm",0,"cytof_pDC",2.80046246169092
"2384",220,66627414,"CB",0,"CB",0,"IFNgLOW","C-section","Preterm",0,"cytof_pDC",4.67818005271189
"2385",220,66627257,"56-120dd",3,"56-120dd",90,"IFNgLOW","C-section","Preterm",0,"cytof_pDC",0.894440736149517
"2386",221,66627261,"56-120dd",3,"56-120dd",104,"IFNgLOW","C-section","Preterm",0,"cytof_pDC",0.0491852698050043
"2387",221,66627415,"CB",0,"CB",0,"IFNgLOW","C-section","Preterm",0,"cytof_pDC",0.144815207636453
"2388",221,66627241,"1-6d",1,"1-6d",2,"IFNgLOW","C-section","Preterm",0,"cytof_pDC",0.0861478911468291
"2389",223,66627418,"1-6d",1,"1-6d",1,"IFNgLOW","C-section","Preterm",0,"cytof_pDC",0.220665201852078
"2390",223,66627267,"56-120dd",3,"56-120dd",79,"IFNgLOW","C-section","Preterm",0,"cytof_pDC",0.212544984662946
"2391",223,66627251,"1-6d",1,"1-6d",3,"IFNgLOW","C-section","Preterm",0,"cytof_pDC",0.176379122281789
"2392",224,66627258,"1-6d",1,"1-6d",5,"IFNgLOW","C-section","Preterm",1,"cytof_pDC",0.0315623356128353
"2393",225,66627259,"1-6d",1,"1-6d",6,"IFNgLOW","C-section","Preterm",1,"cytof_pDC",0.0940884075980827
"2394",225,66627500,"CB",0,"CB",0,"IFNgLOW","C-section","Preterm",1,"cytof_pDC",0.12109519313657
"2395",226,66627498,"CB",0,"CB",0,"IFNgLOW","C-section","Preterm",1,"cytof_pDC",0.0509626664034361
"2396",226,66627270,"1-6d",1,"1-6d",2,"IFNgLOW","C-section","Preterm",1,"cytof_pDC",0.0286560320947559
"2397",230,66627425,"CB",0,"CB",0,"IFNgLOW","C-section","Preterm",0,"cytof_pDC",0.228463066642586
"2398",230,66600169,"1-6d",1,"1-6d",6,"IFNgLOW","C-section","Preterm",0,"cytof_pDC",0.270566198228199
"2399",230,66600236,"56-120dd",3,"56-120dd",76,"IFNgLOW","C-section","Preterm",0,"cytof_pDC",0.0842322896825016
"2400",267,2600100465,"1-6d",1,"1-6d",2,"IFNgLOW","C-section","Term",0,"cytof_pDC",NA
"2401",267,2600100353,"56-120dd",3,"56-120dd",118,"IFNgLOW","C-section","Term",0,"cytof_pDC",0.101317122593718
"2402",267,2600100678,"CB",0,"CB",0,"IFNgLOW","C-section","Term",0,"cytof_pDC",0.120264582080577
"2403",270,2600100674,"CB",0,"CB",0,"IFNgHIGH","C-section","Term",0,"cytof_pDC",0.0555247084952804
"2404",270,2600100460,"1-6d",1,"1-6d",2,"IFNgHIGH","C-section","Term",0,"cytof_pDC",NA
"2405",273,2600100673,"CB",0,"CB",0,"IFNgLOW","C-section","Term",1,"cytof_pDC",0.129198966408268
"2406",273,2600100461,"1-6d",1,"1-6d",2,"IFNgLOW","C-section","Term",1,"cytof_pDC",0.171821305841924
"2407",276,2600100671,"CB",0,"CB",0,"IFNgHIGH","C-section","Term",1,"cytof_pDC",0.301941483740451
"2408",276,2600100458,"1-6d",1,"1-6d",2,"IFNgHIGH","C-section","Term",1,"cytof_pDC",0.251756299901695
"2409",282,2600100669,"CB",0,"CB",0,"IFNgHIGH","Vaginal","Term",1,"cytof_pDC",0.301831501831502
"2410",282,2600100456,"1-6d",1,"1-6d",2,"IFNgHIGH","Vaginal","Term",1,"cytof_pDC",0.200755013420036
"2411",285,2600100350,"56-120dd",3,"56-120dd",86,"IFNgHIGH","Vaginal","Term",0,"cytof_pDC",0.299389480275516
"2412",285,2600100455,"1-6d",1,"1-6d",2,"IFNgHIGH","Vaginal","Term",0,"cytof_pDC",0.0670331143584931
"2413",285,2600100668,"CB",0,"CB",0,"IFNgHIGH","Vaginal","Term",0,"cytof_pDC",0.187924674820423
"2414",290,2600100447,"1-6d",1,"1-6d",3,"IFNgHIGH","Vaginal","Term",0,"cytof_pDC",0.185896140634472
"2415",290,2600100405,"56-120dd",3,"56-120dd",94,"IFNgHIGH","Vaginal","Term",0,"cytof_pDC",0.106223614326569
"2416",290,2600100664,"CB",0,"CB",0,"IFNgHIGH","Vaginal","Term",0,"cytof_pDC",0.382743362831859
"2417",293,2600100410,"56-120dd",3,"56-120dd",86,"IFNgLOW","Vaginal","Term",1,"cytof_pDC",0.286767949863687
"2418",293,2600100421,"1-6d",1,"1-6d",2,"IFNgLOW","Vaginal","Term",1,"cytof_pDC",0.046722149218864
"2419",293,2600100662,"CB",0,"CB",0,"IFNgLOW","Vaginal","Term",1,"cytof_pDC",0.255956667397225
"2420",297,2600100361,"1-6d",1,"1-6d",2,"IFNgHIGH","Vaginal","Term",1,"cytof_pDC",0.0390320062451211
"2421",297,2600100519,"CB",0,"CB",0,"IFNgHIGH","Vaginal","Term",1,"cytof_pDC",0.0880839968994433
"2422",299,2600100363,"1-6d",1,"1-6d",2,"IFNgHIGH","Vaginal","Term",1,"cytof_pDC",0.160462130937098
"2423",299,2600100520,"CB",0,"CB",0,"IFNgHIGH","Vaginal","Term",1,"cytof_pDC",0.471466666666667
"2424",302,2600100364,"1-6d",1,"1-6d",3,"IFNgHIGH","Vaginal","Term",1,"cytof_pDC",0.210347296813462
"2425",302,2600100521,"CB",0,"CB",0,"IFNgHIGH","Vaginal","Term",1,"cytof_pDC",0.183178558084007
"2426",305,2600100411,"56-120dd",3,"56-120dd",77,"IFNgHIGH","Vaginal","Term",1,"cytof_pDC",0.105390409472738
"2427",305,2600100371,"1-6d",1,"1-6d",3,"IFNgHIGH","Vaginal","Term",1,"cytof_pDC",0.061828898827312
"2428",305,2600100522,"CB",0,"CB",0,"IFNgHIGH","Vaginal","Term",1,"cytof_pDC",0.159963436928702
"2429",308,2600100374,"1-6d",1,"1-6d",3,"IFNgHIGH","Vaginal","Term",1,"cytof_pDC",0.277520814061055
"2430",308,2600100523,"CB",0,"CB",0,"IFNgHIGH","Vaginal","Term",1,"cytof_pDC",0.237854745690918
"2431",311,2600164329,"56-120dd",3,"56-120dd",119,"IFNgHIGH","Vaginal","Term",0,"cytof_pDC",0.116211504938989
"2432",311,2600100369,"1-6d",1,"1-6d",2,"IFNgHIGH","Vaginal","Term",0,"cytof_pDC",NA
"2433",311,2600100524,"CB",0,"CB",0,"IFNgHIGH","Vaginal","Term",0,"cytof_pDC",0.119685694957589
"2434",324,2600100347,"1-6d",1,"1-6d",6,"IFNgLOW","Vaginal","Preterm",1,"cytof_pDC",0.211022230946655
"2435",324,2600100517,"CB",0,"CB",0,"IFNgLOW","Vaginal","Preterm",1,"cytof_pDC",0.243734718826405
"2436",332,2600100376,"1-6d",1,"1-6d",2,"IFNgHIGH","Vaginal","Term",0,"cytof_pDC",0.0700934579439253
"2437",332,2600100525,"CB",0,"CB",0,"IFNgHIGH","Vaginal","Term",0,"cytof_pDC",0.226268592728441
"2438",334,2600100377,"1-6d",1,"1-6d",5,"IFNgLOW","Vaginal","Term",0,"cytof_pDC",0.1305989905051
"2439",334,2600100526,"CB",0,"CB",0,"IFNgLOW","Vaginal","Term",0,"cytof_pDC",0.125248820200845
"2440",337,2600100688,"CB",0,"CB",0,"IFNgLOW","Vaginal","Term",1,"cytof_pDC",0.228971427636851
"2441",337,2600100471,"1-6d",1,"1-6d",5,"IFNgLOW","Vaginal","Term",1,"cytof_pDC",0.160316730096329
"2442",337,2600100431,"56-120dd",3,"56-120dd",83,"IFNgLOW","Vaginal","Term",1,"cytof_pDC",0.224420247693459
"2443",340,2600100380,"1-6d",1,"1-6d",3,"IFNgHIGH","Vaginal","Term",0,"cytof_pDC",0.0346740638002774
"2444",340,2600164340,"56-120dd",3,"56-120dd",104,"IFNgHIGH","Vaginal","Term",0,"cytof_pDC",0.0485594043379734
"2445",340,2600100528,"CB",0,"CB",0,"IFNgHIGH","Vaginal","Term",0,"cytof_pDC",0.180972078593588
"2446",343,2600100378,"1-6d",1,"1-6d",6,"IFNgLOW","Vaginal","Preterm",0,"cytof_pDC",0.145659351330356
"2447",343,2600100527,"1-6d",1,"1-6d",1,"IFNgLOW","Vaginal","Preterm",0,"cytof_pDC",0.0838794233289645
"2448",343,2600164342,"56-120dd",3,"56-120dd",112,"IFNgLOW","Vaginal","Preterm",0,"cytof_pDC",0.0641183050939947
"2449",347,2600100538,"CB",0,"CB",0,"IFNgLOW","C-section","Preterm",1,"cytof_pDC",NA
"2450",347,2600100413,"1-6d",1,"1-6d",5,"IFNgLOW","C-section","Preterm",1,"cytof_pDC",NA
"2451",347,2600164338,"56-120dd",3,"56-120dd",74,"IFNgLOW","C-section","Preterm",1,"cytof_pDC",NA
"2452",350,2600164314,"1-6d",1,"1-6d",5,"IFNgLOW","C-section","Preterm",1,"cytof_pDC",NA
"2453",350,2600164465,"1-6d",1,"1-6d",2,"IFNgLOW","C-section","Preterm",1,"cytof_pDC",NA
"2454",356,2600164316,"1-6d",1,"1-6d",2,"IFNgLOW","C-section","Preterm",1,"cytof_pDC",NA
"2455",356,2600164464,"CB",0,"CB",0,"IFNgLOW","C-section","Preterm",1,"cytof_pDC",NA
"2456",356,2600164343,"56-120dd",3,"56-120dd",58,"IFNgLOW","C-section","Preterm",1,"cytof_pDC",NA
"2457",357,2600164461,"CB",0,"CB",0,"IFNgHIGH","Vaginal","Term",1,"cytof_pDC",0.0651164744680404
"2458",357,2600164353,"56-120dd",3,"56-120dd",92,"IFNgHIGH","Vaginal","Term",1,"cytof_pDC",0.0599486154724523
"2459",357,2600164322,"1-6d",1,"1-6d",3,"IFNgHIGH","Vaginal","Term",1,"cytof_pDC",0.0145401672119229
"2460",363,2600164325,"1-6d",1,"1-6d",2,"IFNgLOW","Vaginal","Term",1,"cytof_pDC",0.0295595625184747
"2461",363,2600164467,"CB",0,"CB",0,"IFNgLOW","Vaginal","Term",1,"cytof_pDC",0.174135128859996
"2462",366,2600164367,"56-120dd",3,"56-120dd",92,"IFNgHIGH","Vaginal","Term",1,"cytof_pDC",0.107777032977143
"2463",366,2600164320,"1-6d",1,"1-6d",2,"IFNgHIGH","Vaginal","Term",1,"cytof_pDC",0.0208677176408097
"2464",366,2600100547,"CB",0,"CB",0,"IFNgHIGH","Vaginal","Term",1,"cytof_pDC",0.115454088378242
"2465",367,2600100548,"CB",0,"CB",0,"IFNgHIGH","Vaginal","Term",1,"cytof_pDC",0.113848315287164
"2466",367,2600164323,"1-6d",1,"1-6d",2,"IFNgHIGH","Vaginal","Term",1,"cytof_pDC",0.0280642671718235
"2467",376,2600100550,"1-6d",1,"1-6d",2,"IFNgLOW","C-section","Preterm",0,"cytof_pDC",0.0199116646151619
"2468",376,2600164331,"1-6d",1,"1-6d",5,"IFNgLOW","C-section","Preterm",0,"cytof_pDC",0.149084110322242
"2469",379,2600164336,"1-6d",1,"1-6d",4,"IFNgHIGH","C-section","Preterm",0,"cytof_pDC",NA
"2470",379,2600164469,"CB",0,"CB",0,"IFNgHIGH","C-section","Preterm",0,"cytof_pDC",NA
"2471",382,2600164335,"1-6d",1,"1-6d",3,"IFNgHIGH","Vaginal","Term",0,"cytof_pDC",0.02544224610135
"2472",382,2600164468,"CB",0,"CB",0,"IFNgHIGH","Vaginal","Term",0,"cytof_pDC",0.0507640642490823
"2473",386,2600164471,"1-6d",1,"1-6d",2,"IFNgHIGH","C-section","Preterm",0,"cytof_pDC",NA
"2474",437,2600164476,"CB",0,"CB",0,"IFNgLOW","Vaginal","Preterm",1,"cytof_pDC",NA
"2475",437,2600164346,"1-6d",1,"1-6d",4,"IFNgLOW","Vaginal","Preterm",1,"cytof_pDC",NA
"2476",437,2600164378,"56-120dd",3,"56-120dd",76,"IFNgLOW","Vaginal","Preterm",1,"cytof_pDC",NA
"2477",477,2600164470,"CB",0,"CB",0,"IFNgLOW","Vaginal","Term",0,"cytof_pDC",0.084733794661771
"2478",477,2600164345,"1-6d",1,"1-6d",4,"IFNgLOW","Vaginal","Term",0,"cytof_pDC",0.0758686965757928
"2479",480,2600164474,"CB",0,"CB",0,"IFNgHIGH","Vaginal","Term",0,"cytof_pDC",0.0427381737367817
"2480",480,2600164356,"1-6d",1,"1-6d",1,"IFNgHIGH","Vaginal","Term",0,"cytof_pDC",0.0310829292552531
"2481",488,2600164478,"1-6d",1,"1-6d",3,"IFNgLOW","Vaginal","Term",0,"cytof_pDC",0.0706091366704375
"2482",488,2600164372,"1-6d",1,"1-6d",2,"IFNgLOW","Vaginal","Term",0,"cytof_pDC",0.0257216681670974
"2483",492,2600164373,"1-6d",1,"1-6d",2,"IFNgHIGH","Vaginal","Term",1,"cytof_pDC",0.0294568163072935
"2484",492,2600100553,"CB",0,"CB",0,"IFNgHIGH","Vaginal","Term",1,"cytof_pDC",0.058981584638574
"2485",508,2600164368,"1-6d",1,"1-6d",2,"IFNgLOW","C-section","Preterm",0,"cytof_pDC",NA
"2486",508,2600164473,"CB",0,"CB",0,"IFNgLOW","C-section","Preterm",0,"cytof_pDC",NA
"2487",522,2600164496,"CB",0,"CB",0,"IFNgHIGH","Vaginal","Term",0,"cytof_pDC",0.0291051970967565
"2488",522,2600164397,"1-6d",1,"1-6d",3,"IFNgHIGH","Vaginal","Term",0,"cytof_pDC",0.0268843484211556
"2489",522,2600164442,"56-120dd",3,"56-120dd",99,"IFNgHIGH","Vaginal","Term",0,"cytof_pDC",0.0784748188154918
"2490",529,2600164502,"1-6d",1,"1-6d",1,"IFNgLOW","C-section","Preterm",0,"cytof_pDC",0.136543625688407
"2491",529,2600164407,"1-6d",1,"1-6d",2,"IFNgLOW","C-section","Preterm",0,"cytof_pDC",0.0262025079543327
"2492",529,2600164409,"1-6d",1,"1-6d",6,"IFNgLOW","C-section","Preterm",0,"cytof_pDC",0.0685181545028222
"2493",530,2600164408,"1-6d",1,"1-6d",6,"IFNgLOW","C-section","Preterm",0,"cytof_pDC",0.0633484162895927
"2494",530,2600164405,"1-6d",1,"1-6d",2,"IFNgLOW","C-section","Preterm",0,"cytof_pDC",0.0360254579903131
"2495",531,2600164406,"1-6d",1,"1-6d",2,"IFNgHIGH","C-section","Preterm",0,"cytof_pDC",0.0601775236949
"2496",531,2600164411,"1-6d",1,"1-6d",6,"IFNgHIGH","C-section","Preterm",0,"cytof_pDC",0.114638099379373
"2497",531,2600164499,"1-6d",1,"1-6d",1,"IFNgHIGH","C-section","Preterm",0,"cytof_pDC",0.115606936416185
"2498",532,2600164414,"1-6d",1,"1-6d",2,"IFNgHIGH","Vaginal","Term",0,"cytof_pDC",0.0138573948097758
"2499",532,2600164503,"CB",0,"CB",0,"IFNgHIGH","Vaginal","Term",0,"cytof_pDC",0.0223496982790732
"2500",533,2600164416,"1-6d",1,"1-6d",3,"IFNgHIGH","Vaginal","Term",0,"cytof_pDC",0.0330566023479632
"2501",533,2600164504,"CB",0,"CB",0,"IFNgHIGH","Vaginal","Term",0,"cytof_pDC",0.0893778662098465
"2502",534,2600164505,"CB",0,"CB",0,"IFNgHIGH","Vaginal","Term",1,"cytof_pDC",0.022638702478938
"2503",534,2600164415,"1-6d",1,"1-6d",2,"IFNgHIGH","Vaginal","Term",1,"cytof_pDC",0.0631634711383688
"2504",537,2600164417,"1-6d",1,"1-6d",2,"IFNgHIGH","Vaginal","Term",0,"cytof_pDC",0.0532056397978186
"2505",537,2600164506,"CB",0,"CB",0,"IFNgHIGH","Vaginal","Term",0,"cytof_pDC",0.0310888605396598
"2506",542,2600164452,"1-6d",1,"1-6d",6,"IFNgLOW","C-section","Preterm",0,"cytof_pDC",NA
"2507",542,2600164513,"CB",0,"CB",0,"IFNgLOW","C-section","Preterm",0,"cytof_pDC",NA
"2508",545,2600164514,"CB",0,"CB",0,"IFNgLOW","C-section","Preterm",0,"cytof_pDC",0.0670361636161222
"2509",15,2600100700,"CB",0,"CB",0,"IFNgHIGH","Vaginal","Term",1,"cytof_Memory.B.cells",NA
"2510",15,2600100490,"1-6d",1,"1-6d",2,"IFNgHIGH","Vaginal","Term",1,"cytof_Memory.B.cells",NA
"2511",18,2600100486,"1-6d",1,"1-6d",2,"IFNgHIGH","Vaginal","Term",1,"cytof_Memory.B.cells",NA
"2512",18,2600100707,"CB",0,"CB",0,"IFNgHIGH","Vaginal","Term",1,"cytof_Memory.B.cells",NA
"2513",28,2600100706,"CB",0,"CB",0,"IFNgHIGH","Vaginal","Term",0,"cytof_Memory.B.cells",NA
"2514",28,2600100503,"1-6d",1,"1-6d",5,"IFNgHIGH","Vaginal","Term",0,"cytof_Memory.B.cells",NA
"2515",42,2600100429,"56-120dd",3,"56-120dd",108,"IFNgLOW","Vaginal","Term",1,"cytof_Memory.B.cells",NA
"2516",42,2600100480,"1-6d",1,"1-6d",3,"IFNgLOW","Vaginal","Term",1,"cytof_Memory.B.cells",NA
"2517",42,2600100343,"56-120dd",3,"56-120dd",63,"IFNgLOW","Vaginal","Term",1,"cytof_Memory.B.cells",NA
"2518",42,2600100696,"CB",0,"CB",0,"IFNgLOW","Vaginal","Term",1,"cytof_Memory.B.cells",NA
"2519",80,2600100695,"CB",0,"CB",0,"IFNgHIGH","C-section","Term",1,"cytof_Memory.B.cells",NA
"2520",80,2600100485,"1-6d",1,"1-6d",4,"IFNgHIGH","C-section","Term",1,"cytof_Memory.B.cells",NA
"2521",88,66600203,"56-120dd",3,"56-120dd",105,"IFNgLOW","Vaginal","Term",0,"cytof_Memory.B.cells",NA
"2522",93,66600194,"56-120dd",3,"56-120dd",105,"IFNgLOW","Vaginal","Term",0,"cytof_Memory.B.cells",NA
"2523",101,66600197,"56-120dd",3,"56-120dd",113,"IFNgLOW","Vaginal","Term",1,"cytof_Memory.B.cells",NA
"2524",104,66600202,"56-120dd",3,"56-120dd",71,"IFNgLOW","Vaginal","Term",1,"cytof_Memory.B.cells",NA
"2525",107,66600241,"1-6d",1,"1-6d",4,"IFNgLOW","Vaginal","Term",1,"cytof_Memory.B.cells",NA
"2526",107,66600231,"CB",0,"CB",0,"IFNgLOW","Vaginal","Term",1,"cytof_Memory.B.cells",NA
"2527",107,66627239,"56-120dd",3,"56-120dd",94,"IFNgLOW","Vaginal","Term",1,"cytof_Memory.B.cells",NA
"2528",110,66627240,"56-120dd",3,"56-120dd",85,"IFNgLOW","Vaginal","Term",1,"cytof_Memory.B.cells",NA
"2529",110,66600235,"CB",0,"CB",0,"IFNgLOW","Vaginal","Term",1,"cytof_Memory.B.cells",NA
"2530",110,66600233,"1-6d",1,"1-6d",2,"IFNgLOW","Vaginal","Term",1,"cytof_Memory.B.cells",NA
"2531",113,66593911,"1-6d",1,"1-6d",2,"IFNgLOW","Vaginal","Term",0,"cytof_Memory.B.cells",NA
"2532",113,66600237,"CB",0,"CB",0,"IFNgLOW","Vaginal","Term",0,"cytof_Memory.B.cells",NA
"2533",116,66627285,"1-6d",1,"1-6d",3,"IFNgLOW","Vaginal","Term",1,"cytof_Memory.B.cells",NA
"2534",116,66627428,"CB",0,"CB",0,"IFNgLOW","Vaginal","Term",1,"cytof_Memory.B.cells",NA
"2535",119,66627306,"1-6d",1,"1-6d",3,"IFNgLOW","Vaginal","Term",1,"cytof_Memory.B.cells",NA
"2536",119,66627297,"56-120dd",3,"56-120dd",112,"IFNgLOW","Vaginal","Term",1,"cytof_Memory.B.cells",NA
"2537",119,66627429,"CB",0,"CB",0,"IFNgLOW","Vaginal","Term",1,"cytof_Memory.B.cells",NA
"2538",122,66627275,"1-6d",1,"1-6d",3,"IFNgLOW","Vaginal","Term",0,"cytof_Memory.B.cells",NA
"2539",122,66627435,"CB",0,"CB",0,"IFNgLOW","Vaginal","Term",0,"cytof_Memory.B.cells",NA
"2540",126,2600100694,"CB",0,"CB",0,"IFNgHIGH","C-section","Term",0,"cytof_Memory.B.cells",NA
"2541",126,2600100446,"56-120dd",3,"56-120dd",95,"IFNgHIGH","C-section","Term",0,"cytof_Memory.B.cells",NA
"2542",126,2600100479,"1-6d",1,"1-6d",2,"IFNgHIGH","C-section","Term",0,"cytof_Memory.B.cells",NA
"2543",129,2600100693,"CB",0,"CB",0,"IFNgHIGH","Vaginal","Term",1,"cytof_Memory.B.cells",NA
"2544",129,2600100472,"1-6d",1,"1-6d",3,"IFNgHIGH","Vaginal","Term",1,"cytof_Memory.B.cells",NA
"2545",141,2600100690,"CB",0,"CB",0,"IFNgLOW","Vaginal","Term",1,"cytof_Memory.B.cells",NA
"2546",141,2600100443,"56-120dd",3,"56-120dd",85,"IFNgLOW","Vaginal","Term",1,"cytof_Memory.B.cells",NA
"2547",141,2600100475,"1-6d",1,"1-6d",2,"IFNgLOW","Vaginal","Term",1,"cytof_Memory.B.cells",NA
"2548",144,2600100686,"CB",0,"CB",0,"IFNgLOW","Vaginal","Term",0,"cytof_Memory.B.cells",NA
"2549",144,2600100483,"1-6d",1,"1-6d",2,"IFNgLOW","Vaginal","Term",0,"cytof_Memory.B.cells",0.0152601861742713
"2550",144,2600100439,"56-120dd",3,"56-120dd",79,"IFNgLOW","Vaginal","Term",0,"cytof_Memory.B.cells",NA
"2551",147,2600100687,"CB",0,"CB",0,"IFNgLOW","C-section","Term",1,"cytof_Memory.B.cells",NA
"2552",147,2600100430,"56-120dd",3,"56-120dd",77,"IFNgLOW","C-section","Term",1,"cytof_Memory.B.cells",0.106666666666667
"2553",147,2600100468,"1-6d",1,"1-6d",2,"IFNgLOW","C-section","Term",1,"cytof_Memory.B.cells",NA
"2554",150,2600100684,"CB",0,"CB",0,"IFNgHIGH","C-section","Term",1,"cytof_Memory.B.cells",0.0413907284768212
"2555",150,2600100469,"1-6d",1,"1-6d",3,"IFNgHIGH","C-section","Term",1,"cytof_Memory.B.cells",NA
"2556",153,2600100470,"1-6d",1,"1-6d",2,"IFNgLOW","C-section","Term",0,"cytof_Memory.B.cells",0.0096336020037892
"2557",153,2600100426,"56-120dd",3,"56-120dd",78,"IFNgLOW","C-section","Term",0,"cytof_Memory.B.cells",0.063265025443543
"2558",153,2600100685,"CB",0,"CB",0,"IFNgLOW","C-section","Term",0,"cytof_Memory.B.cells",0.0426703906280306
"2559",162,2600100425,"56-120dd",3,"56-120dd",69,"IFNgLOW","C-section","Term",0,"cytof_Memory.B.cells",0.236742424242424
"2560",162,2600100683,"CB",0,"CB",0,"IFNgLOW","C-section","Term",0,"cytof_Memory.B.cells",0.119760479041916
"2561",162,2600100341,"1-6d",1,"1-6d",2,"IFNgLOW","C-section","Term",0,"cytof_Memory.B.cells",0.0781983109164843
"2562",165,2600100680,"CB",0,"CB",0,"IFNgHIGH","Vaginal","Term",0,"cytof_Memory.B.cells",0.107861936720997
"2563",165,2600100477,"1-6d",1,"1-6d",2,"IFNgHIGH","Vaginal","Term",0,"cytof_Memory.B.cells",0.0613999181334425
"2564",168,2600100679,"CB",0,"CB",0,"IFNgHIGH","Vaginal","Term",0,"cytof_Memory.B.cells",0.0804828973843059
"2565",168,2600100467,"1-6d",1,"1-6d",2,"IFNgHIGH","Vaginal","Term",0,"cytof_Memory.B.cells",NA
"2566",174,2600100626,"CB",0,"CB",0,"IFNgHIGH","C-section","Term",1,"cytof_Memory.B.cells",0.0316767563001549
"2567",174,2600100463,"1-6d",1,"1-6d",2,"IFNgHIGH","C-section","Term",1,"cytof_Memory.B.cells",0.0157748256318381
"2568",177,2600100462,"1-6d",1,"1-6d",2,"IFNgHIGH","C-section","Term",1,"cytof_Memory.B.cells",0.0158695522802562
"2569",177,2600100675,"CB",0,"CB",0,"IFNgHIGH","C-section","Term",1,"cytof_Memory.B.cells",0.0120170642312083
"2570",180,2600100466,"1-6d",1,"1-6d",2,"IFNgLOW","C-section","Term",0,"cytof_Memory.B.cells",0.00421443020903574
"2571",180,2600100356,"56-120dd",3,"56-120dd",118,"IFNgLOW","C-section","Term",0,"cytof_Memory.B.cells",0.0375125935135367
"2572",180,2600100677,"CB",0,"CB",0,"IFNgLOW","C-section","Term",0,"cytof_Memory.B.cells",0.00324096580781073
"2573",189,2600100453,"1-6d",1,"1-6d",6,"IFNgLOW","C-section","Preterm",1,"cytof_Memory.B.cells",NA
"2574",189,2600100666,"CB",0,"CB",0,"IFNgLOW","C-section","Preterm",1,"cytof_Memory.B.cells",NA
"2575",203,66600227,"56-120dd",3,"56-120dd",84,"IFNgLOW","C-section","Preterm",0,"cytof_Memory.B.cells",NA
"2576",204,66600193,"1-6d",1,"1-6d",2,"IFNgLOW","C-section","Preterm",1,"cytof_Memory.B.cells",NA
"2577",204,66600238,"56-120dd",3,"56-120dd",89,"IFNgLOW","C-section","Preterm",1,"cytof_Memory.B.cells",NA
"2578",205,66600239,"56-120dd",3,"56-120dd",89,"IFNgLOW","C-section","Preterm",0,"cytof_Memory.B.cells",NA
"2579",205,66600192,"1-6d",1,"1-6d",2,"IFNgLOW","C-section","Preterm",0,"cytof_Memory.B.cells",NA
"2580",206,66600240,"56-120dd",3,"56-120dd",83,"IFNgLOW","Vaginal","Preterm",1,"cytof_Memory.B.cells",NA
"2581",210,66600164,"1-6d",1,"1-6d",6,"IFNgLOW","C-section","Preterm",1,"cytof_Memory.B.cells",NA
"2582",210,66627234,"56-120dd",3,"56-120dd",67,"IFNgLOW","C-section","Preterm",1,"cytof_Memory.B.cells",NA
"2583",210,66600210,"CB",0,"CB",0,"IFNgLOW","C-section","Preterm",1,"cytof_Memory.B.cells",NA
"2584",211,66627244,"56-120dd",3,"56-120dd",86,"IFNgLOW","C-section","Preterm",0,"cytof_Memory.B.cells",NA
"2585",211,66600168,"CB",0,"CB",0,"IFNgLOW","C-section","Preterm",0,"cytof_Memory.B.cells",NA
"2586",211,66600224,"1-6d",1,"1-6d",3,"IFNgLOW","C-section","Preterm",0,"cytof_Memory.B.cells",NA
"2587",212,66627412,"CB",0,"CB",0,"IFNgLOW","C-section","Preterm",0,"cytof_Memory.B.cells",NA
"2588",212,66627215,"1-6d",1,"1-6d",3,"IFNgLOW","C-section","Preterm",0,"cytof_Memory.B.cells",NA
"2589",213,66627411,"CB",0,"CB",0,"IFNgLOW","C-section","Preterm",0,"cytof_Memory.B.cells",NA
"2590",213,66627214,"1-6d",1,"1-6d",3,"IFNgLOW","C-section","Preterm",0,"cytof_Memory.B.cells",NA
"2591",213,66627246,"56-120dd",3,"56-120dd",86,"IFNgLOW","C-section","Preterm",0,"cytof_Memory.B.cells",NA
"2592",214,66627410,"CB",0,"CB",0,"IFNgLOW","C-section","Preterm",1,"cytof_Memory.B.cells",NA
"2593",214,66627213,"1-6d",1,"1-6d",3,"IFNgLOW","C-section","Preterm",1,"cytof_Memory.B.cells",NA
"2594",214,66627247,"56-120dd",3,"56-120dd",86,"IFNgLOW","C-section","Preterm",1,"cytof_Memory.B.cells",NA
"2595",215,66627218,"1-6d",1,"1-6d",3,"IFNgLOW","C-section","Preterm",0,"cytof_Memory.B.cells",NA
"2596",215,66627501,"CB",0,"CB",0,"IFNgLOW","C-section","Preterm",0,"cytof_Memory.B.cells",NA
"2597",215,66627254,"56-120dd",3,"56-120dd",95,"IFNgLOW","C-section","Preterm",0,"cytof_Memory.B.cells",NA
"2598",216,66627219,"1-6d",1,"1-6d",3,"IFNgLOW","C-section","Preterm",1,"cytof_Memory.B.cells",NA
"2599",216,66627248,"56-120dd",3,"56-120dd",81,"IFNgLOW","C-section","Preterm",1,"cytof_Memory.B.cells",NA
"2600",216,66627503,"CB",0,"CB",0,"IFNgLOW","C-section","Preterm",1,"cytof_Memory.B.cells",NA
"2601",216,66627221,"CB",0,"CB",0,"IFNgLOW","C-section","Preterm",1,"cytof_Memory.B.cells",NA
"2602",217,66627217,"1-6d",1,"1-6d",3,"IFNgLOW","C-section","Preterm",1,"cytof_Memory.B.cells",NA
"2603",217,66627249,"56-120dd",3,"56-120dd",81,"IFNgLOW","C-section","Preterm",1,"cytof_Memory.B.cells",NA
"2604",217,66627504,"CB",0,"CB",0,"IFNgLOW","C-section","Preterm",1,"cytof_Memory.B.cells",NA
"2605",217,66627222,"CB",0,"CB",0,"IFNgLOW","C-section","Preterm",1,"cytof_Memory.B.cells",NA
"2606",218,66627229,"1-6d",1,"1-6d",4,"IFNgLOW","Vaginal","Preterm",0,"cytof_Memory.B.cells",NA
"2607",218,66627256,"56-120dd",3,"56-120dd",104,"IFNgLOW","Vaginal","Preterm",0,"cytof_Memory.B.cells",NA
"2608",219,66627230,"1-6d",1,"1-6d",4,"IFNgLOW","C-section","Preterm",0,"cytof_Memory.B.cells",NA
"2609",219,66627413,"CB",0,"CB",0,"IFNgLOW","C-section","Preterm",0,"cytof_Memory.B.cells",NA
"2610",219,66627255,"56-120dd",3,"56-120dd",81,"IFNgLOW","C-section","Preterm",0,"cytof_Memory.B.cells",NA
"2611",220,66627235,"1-6d",1,"1-6d",5,"IFNgLOW","C-section","Preterm",0,"cytof_Memory.B.cells",NA
"2612",220,66627414,"CB",0,"CB",0,"IFNgLOW","C-section","Preterm",0,"cytof_Memory.B.cells",NA
"2613",220,66627257,"56-120dd",3,"56-120dd",90,"IFNgLOW","C-section","Preterm",0,"cytof_Memory.B.cells",NA
"2614",221,66627261,"56-120dd",3,"56-120dd",104,"IFNgLOW","C-section","Preterm",0,"cytof_Memory.B.cells",NA
"2615",221,66627415,"CB",0,"CB",0,"IFNgLOW","C-section","Preterm",0,"cytof_Memory.B.cells",NA
"2616",221,66627241,"1-6d",1,"1-6d",2,"IFNgLOW","C-section","Preterm",0,"cytof_Memory.B.cells",NA
"2617",223,66627418,"1-6d",1,"1-6d",1,"IFNgLOW","C-section","Preterm",0,"cytof_Memory.B.cells",0.099016436728497
"2618",223,66627267,"56-120dd",3,"56-120dd",79,"IFNgLOW","C-section","Preterm",0,"cytof_Memory.B.cells",2.84399681182524
"2619",223,66627251,"1-6d",1,"1-6d",3,"IFNgLOW","C-section","Preterm",0,"cytof_Memory.B.cells",0.166322417941161
"2620",224,66627258,"1-6d",1,"1-6d",5,"IFNgLOW","C-section","Preterm",1,"cytof_Memory.B.cells",NA
"2621",225,66627259,"1-6d",1,"1-6d",6,"IFNgLOW","C-section","Preterm",1,"cytof_Memory.B.cells",NA
"2622",225,66627500,"CB",0,"CB",0,"IFNgLOW","C-section","Preterm",1,"cytof_Memory.B.cells",NA
"2623",226,66627498,"CB",0,"CB",0,"IFNgLOW","C-section","Preterm",1,"cytof_Memory.B.cells",NA
"2624",226,66627270,"1-6d",1,"1-6d",2,"IFNgLOW","C-section","Preterm",1,"cytof_Memory.B.cells",NA
"2625",230,66627425,"CB",0,"CB",0,"IFNgLOW","C-section","Preterm",0,"cytof_Memory.B.cells",NA
"2626",230,66600169,"1-6d",1,"1-6d",6,"IFNgLOW","C-section","Preterm",0,"cytof_Memory.B.cells",NA
"2627",230,66600236,"56-120dd",3,"56-120dd",76,"IFNgLOW","C-section","Preterm",0,"cytof_Memory.B.cells",NA
"2628",267,2600100465,"1-6d",1,"1-6d",2,"IFNgLOW","C-section","Term",0,"cytof_Memory.B.cells",NA
"2629",267,2600100353,"56-120dd",3,"56-120dd",118,"IFNgLOW","C-section","Term",0,"cytof_Memory.B.cells",0.574130361364405
"2630",267,2600100678,"CB",0,"CB",0,"IFNgLOW","C-section","Term",0,"cytof_Memory.B.cells",0.0601322910402887
"2631",270,2600100674,"CB",0,"CB",0,"IFNgHIGH","C-section","Term",0,"cytof_Memory.B.cells",NA
"2632",270,2600100460,"1-6d",1,"1-6d",2,"IFNgHIGH","C-section","Term",0,"cytof_Memory.B.cells",NA
"2633",273,2600100673,"CB",0,"CB",0,"IFNgLOW","C-section","Term",1,"cytof_Memory.B.cells",NA
"2634",273,2600100461,"1-6d",1,"1-6d",2,"IFNgLOW","C-section","Term",1,"cytof_Memory.B.cells",NA
"2635",276,2600100671,"CB",0,"CB",0,"IFNgHIGH","C-section","Term",1,"cytof_Memory.B.cells",NA
"2636",276,2600100458,"1-6d",1,"1-6d",2,"IFNgHIGH","C-section","Term",1,"cytof_Memory.B.cells",NA
"2637",282,2600100669,"CB",0,"CB",0,"IFNgHIGH","Vaginal","Term",1,"cytof_Memory.B.cells",NA
"2638",282,2600100456,"1-6d",1,"1-6d",2,"IFNgHIGH","Vaginal","Term",1,"cytof_Memory.B.cells",NA
"2639",285,2600100350,"56-120dd",3,"56-120dd",86,"IFNgHIGH","Vaginal","Term",0,"cytof_Memory.B.cells",NA
"2640",285,2600100455,"1-6d",1,"1-6d",2,"IFNgHIGH","Vaginal","Term",0,"cytof_Memory.B.cells",NA
"2641",285,2600100668,"CB",0,"CB",0,"IFNgHIGH","Vaginal","Term",0,"cytof_Memory.B.cells",NA
"2642",290,2600100447,"1-6d",1,"1-6d",3,"IFNgHIGH","Vaginal","Term",0,"cytof_Memory.B.cells",NA
"2643",290,2600100405,"56-120dd",3,"56-120dd",94,"IFNgHIGH","Vaginal","Term",0,"cytof_Memory.B.cells",NA
"2644",290,2600100664,"CB",0,"CB",0,"IFNgHIGH","Vaginal","Term",0,"cytof_Memory.B.cells",NA
"2645",293,2600100410,"56-120dd",3,"56-120dd",86,"IFNgLOW","Vaginal","Term",1,"cytof_Memory.B.cells",NA
"2646",293,2600100421,"1-6d",1,"1-6d",2,"IFNgLOW","Vaginal","Term",1,"cytof_Memory.B.cells",NA
"2647",293,2600100662,"CB",0,"CB",0,"IFNgLOW","Vaginal","Term",1,"cytof_Memory.B.cells",NA
"2648",297,2600100361,"1-6d",1,"1-6d",2,"IFNgHIGH","Vaginal","Term",1,"cytof_Memory.B.cells",NA
"2649",297,2600100519,"CB",0,"CB",0,"IFNgHIGH","Vaginal","Term",1,"cytof_Memory.B.cells",NA
"2650",299,2600100363,"1-6d",1,"1-6d",2,"IFNgHIGH","Vaginal","Term",1,"cytof_Memory.B.cells",NA
"2651",299,2600100520,"CB",0,"CB",0,"IFNgHIGH","Vaginal","Term",1,"cytof_Memory.B.cells",NA
"2652",302,2600100364,"1-6d",1,"1-6d",3,"IFNgHIGH","Vaginal","Term",1,"cytof_Memory.B.cells",NA
"2653",302,2600100521,"CB",0,"CB",0,"IFNgHIGH","Vaginal","Term",1,"cytof_Memory.B.cells",NA
"2654",305,2600100411,"56-120dd",3,"56-120dd",77,"IFNgHIGH","Vaginal","Term",1,"cytof_Memory.B.cells",NA
"2655",305,2600100371,"1-6d",1,"1-6d",3,"IFNgHIGH","Vaginal","Term",1,"cytof_Memory.B.cells",NA
"2656",305,2600100522,"CB",0,"CB",0,"IFNgHIGH","Vaginal","Term",1,"cytof_Memory.B.cells",NA
"2657",308,2600100374,"1-6d",1,"1-6d",3,"IFNgHIGH","Vaginal","Term",1,"cytof_Memory.B.cells",NA
"2658",308,2600100523,"CB",0,"CB",0,"IFNgHIGH","Vaginal","Term",1,"cytof_Memory.B.cells",NA
"2659",311,2600164329,"56-120dd",3,"56-120dd",119,"IFNgHIGH","Vaginal","Term",0,"cytof_Memory.B.cells",NA
"2660",311,2600100369,"1-6d",1,"1-6d",2,"IFNgHIGH","Vaginal","Term",0,"cytof_Memory.B.cells",NA
"2661",311,2600100524,"CB",0,"CB",0,"IFNgHIGH","Vaginal","Term",0,"cytof_Memory.B.cells",NA
"2662",324,2600100347,"1-6d",1,"1-6d",6,"IFNgLOW","Vaginal","Preterm",1,"cytof_Memory.B.cells",NA
"2663",324,2600100517,"CB",0,"CB",0,"IFNgLOW","Vaginal","Preterm",1,"cytof_Memory.B.cells",NA
"2664",332,2600100376,"1-6d",1,"1-6d",2,"IFNgHIGH","Vaginal","Term",0,"cytof_Memory.B.cells",NA
"2665",332,2600100525,"CB",0,"CB",0,"IFNgHIGH","Vaginal","Term",0,"cytof_Memory.B.cells",NA
"2666",334,2600100377,"1-6d",1,"1-6d",5,"IFNgLOW","Vaginal","Term",0,"cytof_Memory.B.cells",0.0105891073382514
"2667",334,2600100526,"CB",0,"CB",0,"IFNgLOW","Vaginal","Term",0,"cytof_Memory.B.cells",0.0067097582250453
"2668",337,2600100688,"CB",0,"CB",0,"IFNgLOW","Vaginal","Term",1,"cytof_Memory.B.cells",NA
"2669",337,2600100471,"1-6d",1,"1-6d",5,"IFNgLOW","Vaginal","Term",1,"cytof_Memory.B.cells",NA
"2670",337,2600100431,"56-120dd",3,"56-120dd",83,"IFNgLOW","Vaginal","Term",1,"cytof_Memory.B.cells",NA
"2671",340,2600100380,"1-6d",1,"1-6d",3,"IFNgHIGH","Vaginal","Term",0,"cytof_Memory.B.cells",NA
"2672",340,2600164340,"56-120dd",3,"56-120dd",104,"IFNgHIGH","Vaginal","Term",0,"cytof_Memory.B.cells",NA
"2673",340,2600100528,"CB",0,"CB",0,"IFNgHIGH","Vaginal","Term",0,"cytof_Memory.B.cells",NA
"2674",343,2600100378,"1-6d",1,"1-6d",6,"IFNgLOW","Vaginal","Preterm",0,"cytof_Memory.B.cells",NA
"2675",343,2600100527,"1-6d",1,"1-6d",1,"IFNgLOW","Vaginal","Preterm",0,"cytof_Memory.B.cells",NA
"2676",343,2600164342,"56-120dd",3,"56-120dd",112,"IFNgLOW","Vaginal","Preterm",0,"cytof_Memory.B.cells",NA
"2677",347,2600100538,"CB",0,"CB",0,"IFNgLOW","C-section","Preterm",1,"cytof_Memory.B.cells",NA
"2678",347,2600100413,"1-6d",1,"1-6d",5,"IFNgLOW","C-section","Preterm",1,"cytof_Memory.B.cells",NA
"2679",347,2600164338,"56-120dd",3,"56-120dd",74,"IFNgLOW","C-section","Preterm",1,"cytof_Memory.B.cells",NA
"2680",350,2600164314,"1-6d",1,"1-6d",5,"IFNgLOW","C-section","Preterm",1,"cytof_Memory.B.cells",NA
"2681",350,2600164465,"1-6d",1,"1-6d",2,"IFNgLOW","C-section","Preterm",1,"cytof_Memory.B.cells",NA
"2682",356,2600164316,"1-6d",1,"1-6d",2,"IFNgLOW","C-section","Preterm",1,"cytof_Memory.B.cells",NA
"2683",356,2600164464,"CB",0,"CB",0,"IFNgLOW","C-section","Preterm",1,"cytof_Memory.B.cells",NA
"2684",356,2600164343,"56-120dd",3,"56-120dd",58,"IFNgLOW","C-section","Preterm",1,"cytof_Memory.B.cells",NA
"2685",357,2600164461,"CB",0,"CB",0,"IFNgHIGH","Vaginal","Term",1,"cytof_Memory.B.cells",NA
"2686",357,2600164353,"56-120dd",3,"56-120dd",92,"IFNgHIGH","Vaginal","Term",1,"cytof_Memory.B.cells",NA
"2687",357,2600164322,"1-6d",1,"1-6d",3,"IFNgHIGH","Vaginal","Term",1,"cytof_Memory.B.cells",NA
"2688",363,2600164325,"1-6d",1,"1-6d",2,"IFNgLOW","Vaginal","Term",1,"cytof_Memory.B.cells",0.0886786875554242
"2689",363,2600164467,"CB",0,"CB",0,"IFNgLOW","Vaginal","Term",1,"cytof_Memory.B.cells",0.0812630601346645
"2690",366,2600164367,"56-120dd",3,"56-120dd",92,"IFNgHIGH","Vaginal","Term",1,"cytof_Memory.B.cells",NA
"2691",366,2600164320,"1-6d",1,"1-6d",2,"IFNgHIGH","Vaginal","Term",1,"cytof_Memory.B.cells",NA
"2692",366,2600100547,"CB",0,"CB",0,"IFNgHIGH","Vaginal","Term",1,"cytof_Memory.B.cells",NA
"2693",367,2600100548,"CB",0,"CB",0,"IFNgHIGH","Vaginal","Term",1,"cytof_Memory.B.cells",NA
"2694",367,2600164323,"1-6d",1,"1-6d",2,"IFNgHIGH","Vaginal","Term",1,"cytof_Memory.B.cells",NA
"2695",376,2600100550,"1-6d",1,"1-6d",2,"IFNgLOW","C-section","Preterm",0,"cytof_Memory.B.cells",NA
"2696",376,2600164331,"1-6d",1,"1-6d",5,"IFNgLOW","C-section","Preterm",0,"cytof_Memory.B.cells",NA
"2697",379,2600164336,"1-6d",1,"1-6d",4,"IFNgHIGH","C-section","Preterm",0,"cytof_Memory.B.cells",NA
"2698",379,2600164469,"CB",0,"CB",0,"IFNgHIGH","C-section","Preterm",0,"cytof_Memory.B.cells",NA
"2699",382,2600164335,"1-6d",1,"1-6d",3,"IFNgHIGH","Vaginal","Term",0,"cytof_Memory.B.cells",NA
"2700",382,2600164468,"CB",0,"CB",0,"IFNgHIGH","Vaginal","Term",0,"cytof_Memory.B.cells",NA
"2701",386,2600164471,"1-6d",1,"1-6d",2,"IFNgHIGH","C-section","Preterm",0,"cytof_Memory.B.cells",NA
"2702",437,2600164476,"CB",0,"CB",0,"IFNgLOW","Vaginal","Preterm",1,"cytof_Memory.B.cells",NA
"2703",437,2600164346,"1-6d",1,"1-6d",4,"IFNgLOW","Vaginal","Preterm",1,"cytof_Memory.B.cells",NA
"2704",437,2600164378,"56-120dd",3,"56-120dd",76,"IFNgLOW","Vaginal","Preterm",1,"cytof_Memory.B.cells",NA
"2705",477,2600164470,"CB",0,"CB",0,"IFNgLOW","Vaginal","Term",0,"cytof_Memory.B.cells",NA
"2706",477,2600164345,"1-6d",1,"1-6d",4,"IFNgLOW","Vaginal","Term",0,"cytof_Memory.B.cells",NA
"2707",480,2600164474,"CB",0,"CB",0,"IFNgHIGH","Vaginal","Term",0,"cytof_Memory.B.cells",NA
"2708",480,2600164356,"1-6d",1,"1-6d",1,"IFNgHIGH","Vaginal","Term",0,"cytof_Memory.B.cells",NA
"2709",488,2600164478,"1-6d",1,"1-6d",3,"IFNgLOW","Vaginal","Term",0,"cytof_Memory.B.cells",NA
"2710",488,2600164372,"1-6d",1,"1-6d",2,"IFNgLOW","Vaginal","Term",0,"cytof_Memory.B.cells",NA
"2711",492,2600164373,"1-6d",1,"1-6d",2,"IFNgHIGH","Vaginal","Term",1,"cytof_Memory.B.cells",NA
"2712",492,2600100553,"CB",0,"CB",0,"IFNgHIGH","Vaginal","Term",1,"cytof_Memory.B.cells",NA
"2713",508,2600164368,"1-6d",1,"1-6d",2,"IFNgLOW","C-section","Preterm",0,"cytof_Memory.B.cells",NA
"2714",508,2600164473,"CB",0,"CB",0,"IFNgLOW","C-section","Preterm",0,"cytof_Memory.B.cells",NA
"2715",522,2600164496,"CB",0,"CB",0,"IFNgHIGH","Vaginal","Term",0,"cytof_Memory.B.cells",NA
"2716",522,2600164397,"1-6d",1,"1-6d",3,"IFNgHIGH","Vaginal","Term",0,"cytof_Memory.B.cells",NA
"2717",522,2600164442,"56-120dd",3,"56-120dd",99,"IFNgHIGH","Vaginal","Term",0,"cytof_Memory.B.cells",NA
"2718",529,2600164502,"1-6d",1,"1-6d",1,"IFNgLOW","C-section","Preterm",0,"cytof_Memory.B.cells",NA
"2719",529,2600164407,"1-6d",1,"1-6d",2,"IFNgLOW","C-section","Preterm",0,"cytof_Memory.B.cells",NA
"2720",529,2600164409,"1-6d",1,"1-6d",6,"IFNgLOW","C-section","Preterm",0,"cytof_Memory.B.cells",NA
"2721",530,2600164408,"1-6d",1,"1-6d",6,"IFNgLOW","C-section","Preterm",0,"cytof_Memory.B.cells",NA
"2722",530,2600164405,"1-6d",1,"1-6d",2,"IFNgLOW","C-section","Preterm",0,"cytof_Memory.B.cells",NA
"2723",531,2600164406,"1-6d",1,"1-6d",2,"IFNgHIGH","C-section","Preterm",0,"cytof_Memory.B.cells",NA
"2724",531,2600164411,"1-6d",1,"1-6d",6,"IFNgHIGH","C-section","Preterm",0,"cytof_Memory.B.cells",NA
"2725",531,2600164499,"1-6d",1,"1-6d",1,"IFNgHIGH","C-section","Preterm",0,"cytof_Memory.B.cells",NA
"2726",532,2600164414,"1-6d",1,"1-6d",2,"IFNgHIGH","Vaginal","Term",0,"cytof_Memory.B.cells",NA
"2727",532,2600164503,"CB",0,"CB",0,"IFNgHIGH","Vaginal","Term",0,"cytof_Memory.B.cells",NA
"2728",533,2600164416,"1-6d",1,"1-6d",3,"IFNgHIGH","Vaginal","Term",0,"cytof_Memory.B.cells",NA
"2729",533,2600164504,"CB",0,"CB",0,"IFNgHIGH","Vaginal","Term",0,"cytof_Memory.B.cells",NA
"2730",534,2600164505,"CB",0,"CB",0,"IFNgHIGH","Vaginal","Term",1,"cytof_Memory.B.cells",NA
"2731",534,2600164415,"1-6d",1,"1-6d",2,"IFNgHIGH","Vaginal","Term",1,"cytof_Memory.B.cells",NA
"2732",537,2600164417,"1-6d",1,"1-6d",2,"IFNgHIGH","Vaginal","Term",0,"cytof_Memory.B.cells",NA
"2733",537,2600164506,"CB",0,"CB",0,"IFNgHIGH","Vaginal","Term",0,"cytof_Memory.B.cells",NA
"2734",542,2600164452,"1-6d",1,"1-6d",6,"IFNgLOW","C-section","Preterm",0,"cytof_Memory.B.cells",NA
"2735",542,2600164513,"CB",0,"CB",0,"IFNgLOW","C-section","Preterm",0,"cytof_Memory.B.cells",NA
"2736",545,2600164514,"CB",0,"CB",0,"IFNgLOW","C-section","Preterm",0,"cytof_Memory.B.cells",NA
"2737",15,2600100700,"CB",0,"CB",0,"IFNgHIGH","Vaginal","Term",1,"cytof_Tregs",NA
"2738",15,2600100490,"1-6d",1,"1-6d",2,"IFNgHIGH","Vaginal","Term",1,"cytof_Tregs",NA
"2739",18,2600100486,"1-6d",1,"1-6d",2,"IFNgHIGH","Vaginal","Term",1,"cytof_Tregs",2.35690235690236
"2740",18,2600100707,"CB",0,"CB",0,"IFNgHIGH","Vaginal","Term",1,"cytof_Tregs",2.20820189274448
"2741",28,2600100706,"CB",0,"CB",0,"IFNgHIGH","Vaginal","Term",0,"cytof_Tregs",2.37113402061857
"2742",28,2600100503,"1-6d",1,"1-6d",5,"IFNgHIGH","Vaginal","Term",0,"cytof_Tregs",3.2258064516129
"2743",42,2600100429,"56-120dd",3,"56-120dd",108,"IFNgLOW","Vaginal","Term",1,"cytof_Tregs",2.75155506769118
"2744",42,2600100480,"1-6d",1,"1-6d",3,"IFNgLOW","Vaginal","Term",1,"cytof_Tregs",1.72802181516391
"2745",42,2600100343,"56-120dd",3,"56-120dd",63,"IFNgLOW","Vaginal","Term",1,"cytof_Tregs",1.78461538461538
"2746",42,2600100696,"CB",0,"CB",0,"IFNgLOW","Vaginal","Term",1,"cytof_Tregs",0.92707045735476
"2747",80,2600100695,"CB",0,"CB",0,"IFNgHIGH","C-section","Term",1,"cytof_Tregs",1.41843971631206
"2748",80,2600100485,"1-6d",1,"1-6d",4,"IFNgHIGH","C-section","Term",1,"cytof_Tregs",0.716659742417948
"2749",88,66600203,"56-120dd",3,"56-120dd",105,"IFNgLOW","Vaginal","Term",0,"cytof_Tregs",NA
"2750",93,66600194,"56-120dd",3,"56-120dd",105,"IFNgLOW","Vaginal","Term",0,"cytof_Tregs",NA
"2751",101,66600197,"56-120dd",3,"56-120dd",113,"IFNgLOW","Vaginal","Term",1,"cytof_Tregs",NA
"2752",104,66600202,"56-120dd",3,"56-120dd",71,"IFNgLOW","Vaginal","Term",1,"cytof_Tregs",NA
"2753",107,66600241,"1-6d",1,"1-6d",4,"IFNgLOW","Vaginal","Term",1,"cytof_Tregs",1.06619249096864
"2754",107,66600231,"CB",0,"CB",0,"IFNgLOW","Vaginal","Term",1,"cytof_Tregs",0.816760016689214
"2755",107,66627239,"56-120dd",3,"56-120dd",94,"IFNgLOW","Vaginal","Term",1,"cytof_Tregs",3.17277949624392
"2756",110,66627240,"56-120dd",3,"56-120dd",85,"IFNgLOW","Vaginal","Term",1,"cytof_Tregs",6.70113105591708
"2757",110,66600235,"CB",0,"CB",0,"IFNgLOW","Vaginal","Term",1,"cytof_Tregs",1.77655631687707
"2758",110,66600233,"1-6d",1,"1-6d",2,"IFNgLOW","Vaginal","Term",1,"cytof_Tregs",4.96902807138291
"2759",113,66593911,"1-6d",1,"1-6d",2,"IFNgLOW","Vaginal","Term",0,"cytof_Tregs",NA
"2760",113,66600237,"CB",0,"CB",0,"IFNgLOW","Vaginal","Term",0,"cytof_Tregs",NA
"2761",116,66627285,"1-6d",1,"1-6d",3,"IFNgLOW","Vaginal","Term",1,"cytof_Tregs",NA
"2762",116,66627428,"CB",0,"CB",0,"IFNgLOW","Vaginal","Term",1,"cytof_Tregs",NA
"2763",119,66627306,"1-6d",1,"1-6d",3,"IFNgLOW","Vaginal","Term",1,"cytof_Tregs",0.39405109952968
"2764",119,66627297,"56-120dd",3,"56-120dd",112,"IFNgLOW","Vaginal","Term",1,"cytof_Tregs",0.999257883218234
"2765",119,66627429,"CB",0,"CB",0,"IFNgLOW","Vaginal","Term",1,"cytof_Tregs",0.0401742292891276
"2766",122,66627275,"1-6d",1,"1-6d",3,"IFNgLOW","Vaginal","Term",0,"cytof_Tregs",0.267261516446053
"2767",122,66627435,"CB",0,"CB",0,"IFNgLOW","Vaginal","Term",0,"cytof_Tregs",0.0128224855105914
"2768",126,2600100694,"CB",0,"CB",0,"IFNgHIGH","C-section","Term",0,"cytof_Tregs",1.88089282278237
"2769",126,2600100446,"56-120dd",3,"56-120dd",95,"IFNgHIGH","C-section","Term",0,"cytof_Tregs",3.11479749404395
"2770",126,2600100479,"1-6d",1,"1-6d",2,"IFNgHIGH","C-section","Term",0,"cytof_Tregs",0.871627631188853
"2771",129,2600100693,"CB",0,"CB",0,"IFNgHIGH","Vaginal","Term",1,"cytof_Tregs",2.02172700121435
"2772",129,2600100472,"1-6d",1,"1-6d",3,"IFNgHIGH","Vaginal","Term",1,"cytof_Tregs",0.513026221340202
"2773",141,2600100690,"CB",0,"CB",0,"IFNgLOW","Vaginal","Term",1,"cytof_Tregs",0.924472728054523
"2774",141,2600100443,"56-120dd",3,"56-120dd",85,"IFNgLOW","Vaginal","Term",1,"cytof_Tregs",2.3583473349663
"2775",141,2600100475,"1-6d",1,"1-6d",2,"IFNgLOW","Vaginal","Term",1,"cytof_Tregs",0.62240663900415
"2776",144,2600100686,"CB",0,"CB",0,"IFNgLOW","Vaginal","Term",0,"cytof_Tregs",0.971502590673574
"2777",144,2600100483,"1-6d",1,"1-6d",2,"IFNgLOW","Vaginal","Term",0,"cytof_Tregs",1.34289638333588
"2778",144,2600100439,"56-120dd",3,"56-120dd",79,"IFNgLOW","Vaginal","Term",0,"cytof_Tregs",1.99556541019956
"2779",147,2600100687,"CB",0,"CB",0,"IFNgLOW","C-section","Term",1,"cytof_Tregs",1.52905198776758
"2780",147,2600100430,"56-120dd",3,"56-120dd",77,"IFNgLOW","C-section","Term",1,"cytof_Tregs",2.64
"2781",147,2600100468,"1-6d",1,"1-6d",2,"IFNgLOW","C-section","Term",1,"cytof_Tregs",3.25271059216013
"2782",150,2600100684,"CB",0,"CB",0,"IFNgHIGH","C-section","Term",1,"cytof_Tregs",0.66225165562914
"2783",150,2600100469,"1-6d",1,"1-6d",3,"IFNgHIGH","C-section","Term",1,"cytof_Tregs",0.893163861216077
"2784",153,2600100470,"1-6d",1,"1-6d",2,"IFNgLOW","C-section","Term",0,"cytof_Tregs",1.43540669856459
"2785",153,2600100426,"56-120dd",3,"56-120dd",78,"IFNgLOW","C-section","Term",0,"cytof_Tregs",1.3643240269564
"2786",153,2600100685,"CB",0,"CB",0,"IFNgLOW","C-section","Term",0,"cytof_Tregs",1.37321075293844
"2787",162,2600100425,"56-120dd",3,"56-120dd",69,"IFNgLOW","C-section","Term",0,"cytof_Tregs",0.875946969696969
"2788",162,2600100683,"CB",0,"CB",0,"IFNgLOW","C-section","Term",0,"cytof_Tregs",0.698602794411177
"2789",162,2600100341,"1-6d",1,"1-6d",2,"IFNgLOW","C-section","Term",0,"cytof_Tregs",0.234594932749453
"2790",165,2600100680,"CB",0,"CB",0,"IFNgHIGH","Vaginal","Term",0,"cytof_Tregs",0.491371045062321
"2791",165,2600100477,"1-6d",1,"1-6d",2,"IFNgHIGH","Vaginal","Term",0,"cytof_Tregs",0.450266066311911
"2792",168,2600100679,"CB",0,"CB",0,"IFNgHIGH","Vaginal","Term",0,"cytof_Tregs",1.81533646322379
"2793",168,2600100467,"1-6d",1,"1-6d",2,"IFNgHIGH","Vaginal","Term",0,"cytof_Tregs",1.51891517693529
"2794",174,2600100626,"CB",0,"CB",0,"IFNgHIGH","C-section","Term",1,"cytof_Tregs",1.21779529776151
"2795",174,2600100463,"1-6d",1,"1-6d",2,"IFNgHIGH","C-section","Term",1,"cytof_Tregs",0.883390235382934
"2796",177,2600100462,"1-6d",1,"1-6d",2,"IFNgHIGH","C-section","Term",1,"cytof_Tregs",1.15054254031859
"2797",177,2600100675,"CB",0,"CB",0,"IFNgHIGH","C-section","Term",1,"cytof_Tregs",1.5461955977488
"2798",180,2600100466,"1-6d",1,"1-6d",2,"IFNgLOW","C-section","Term",0,"cytof_Tregs",1.07467970330411
"2799",180,2600100356,"56-120dd",3,"56-120dd",118,"IFNgLOW","C-section","Term",0,"cytof_Tregs",3.91953012797154
"2800",180,2600100677,"CB",0,"CB",0,"IFNgLOW","C-section","Term",0,"cytof_Tregs",0.495867768595042
"2801",189,2600100453,"1-6d",1,"1-6d",6,"IFNgLOW","C-section","Preterm",1,"cytof_Tregs",1.44799770788795
"2802",189,2600100666,"CB",0,"CB",0,"IFNgLOW","C-section","Preterm",1,"cytof_Tregs",1.91220161281072
"2803",203,66600227,"56-120dd",3,"56-120dd",84,"IFNgLOW","C-section","Preterm",0,"cytof_Tregs",0.508166969147006
"2804",204,66600193,"1-6d",1,"1-6d",2,"IFNgLOW","C-section","Preterm",1,"cytof_Tregs",NA
"2805",204,66600238,"56-120dd",3,"56-120dd",89,"IFNgLOW","C-section","Preterm",1,"cytof_Tregs",NA
"2806",205,66600239,"56-120dd",3,"56-120dd",89,"IFNgLOW","C-section","Preterm",0,"cytof_Tregs",NA
"2807",205,66600192,"1-6d",1,"1-6d",2,"IFNgLOW","C-section","Preterm",0,"cytof_Tregs",NA
"2808",206,66600240,"56-120dd",3,"56-120dd",83,"IFNgLOW","Vaginal","Preterm",1,"cytof_Tregs",0.641416956410188
"2809",210,66600164,"1-6d",1,"1-6d",6,"IFNgLOW","C-section","Preterm",1,"cytof_Tregs",3.57853707082435
"2810",210,66627234,"56-120dd",3,"56-120dd",67,"IFNgLOW","C-section","Preterm",1,"cytof_Tregs",6.84765861174497
"2811",210,66600210,"CB",0,"CB",0,"IFNgLOW","C-section","Preterm",1,"cytof_Tregs",1.64295953247326
"2812",211,66627244,"56-120dd",3,"56-120dd",86,"IFNgLOW","C-section","Preterm",0,"cytof_Tregs",12.2524337025848
"2813",211,66600168,"CB",0,"CB",0,"IFNgLOW","C-section","Preterm",0,"cytof_Tregs",7.92830058600485
"2814",211,66600224,"1-6d",1,"1-6d",3,"IFNgLOW","C-section","Preterm",0,"cytof_Tregs",12.8644688644689
"2815",212,66627412,"CB",0,"CB",0,"IFNgLOW","C-section","Preterm",0,"cytof_Tregs",NA
"2816",212,66627215,"1-6d",1,"1-6d",3,"IFNgLOW","C-section","Preterm",0,"cytof_Tregs",NA
"2817",213,66627411,"CB",0,"CB",0,"IFNgLOW","C-section","Preterm",0,"cytof_Tregs",NA
"2818",213,66627214,"1-6d",1,"1-6d",3,"IFNgLOW","C-section","Preterm",0,"cytof_Tregs",NA
"2819",213,66627246,"56-120dd",3,"56-120dd",86,"IFNgLOW","C-section","Preterm",0,"cytof_Tregs",NA
"2820",214,66627410,"CB",0,"CB",0,"IFNgLOW","C-section","Preterm",1,"cytof_Tregs",NA
"2821",214,66627213,"1-6d",1,"1-6d",3,"IFNgLOW","C-section","Preterm",1,"cytof_Tregs",NA
"2822",214,66627247,"56-120dd",3,"56-120dd",86,"IFNgLOW","C-section","Preterm",1,"cytof_Tregs",NA
"2823",215,66627218,"1-6d",1,"1-6d",3,"IFNgLOW","C-section","Preterm",0,"cytof_Tregs",0.13558848196813
"2824",215,66627501,"CB",0,"CB",0,"IFNgLOW","C-section","Preterm",0,"cytof_Tregs",10.896969911881
"2825",215,66627254,"56-120dd",3,"56-120dd",95,"IFNgLOW","C-section","Preterm",0,"cytof_Tregs",0.351066702673507
"2826",216,66627219,"1-6d",1,"1-6d",3,"IFNgLOW","C-section","Preterm",1,"cytof_Tregs",0.762744184075597
"2827",216,66627248,"56-120dd",3,"56-120dd",81,"IFNgLOW","C-section","Preterm",1,"cytof_Tregs",1.33439907635605
"2828",216,66627503,"CB",0,"CB",0,"IFNgLOW","C-section","Preterm",1,"cytof_Tregs",1.36650229385933
"2829",216,66627221,"CB",0,"CB",0,"IFNgLOW","C-section","Preterm",1,"cytof_Tregs",1.27277548391984
"2830",217,66627217,"1-6d",1,"1-6d",3,"IFNgLOW","C-section","Preterm",1,"cytof_Tregs",0.472373806275582
"2831",217,66627249,"56-120dd",3,"56-120dd",81,"IFNgLOW","C-section","Preterm",1,"cytof_Tregs",0.480977867785331
"2832",217,66627504,"CB",0,"CB",0,"IFNgLOW","C-section","Preterm",1,"cytof_Tregs",3.66141732283465
"2833",217,66627222,"CB",0,"CB",0,"IFNgLOW","C-section","Preterm",1,"cytof_Tregs",0.0360936372073836
"2834",218,66627229,"1-6d",1,"1-6d",4,"IFNgLOW","Vaginal","Preterm",0,"cytof_Tregs",NA
"2835",218,66627256,"56-120dd",3,"56-120dd",104,"IFNgLOW","Vaginal","Preterm",0,"cytof_Tregs",NA
"2836",219,66627230,"1-6d",1,"1-6d",4,"IFNgLOW","C-section","Preterm",0,"cytof_Tregs",NA
"2837",219,66627413,"CB",0,"CB",0,"IFNgLOW","C-section","Preterm",0,"cytof_Tregs",NA
"2838",219,66627255,"56-120dd",3,"56-120dd",81,"IFNgLOW","C-section","Preterm",0,"cytof_Tregs",NA
"2839",220,66627235,"1-6d",1,"1-6d",5,"IFNgLOW","C-section","Preterm",0,"cytof_Tregs",NA
"2840",220,66627414,"CB",0,"CB",0,"IFNgLOW","C-section","Preterm",0,"cytof_Tregs",NA
"2841",220,66627257,"56-120dd",3,"56-120dd",90,"IFNgLOW","C-section","Preterm",0,"cytof_Tregs",NA
"2842",221,66627261,"56-120dd",3,"56-120dd",104,"IFNgLOW","C-section","Preterm",0,"cytof_Tregs",NA
"2843",221,66627415,"CB",0,"CB",0,"IFNgLOW","C-section","Preterm",0,"cytof_Tregs",NA
"2844",221,66627241,"1-6d",1,"1-6d",2,"IFNgLOW","C-section","Preterm",0,"cytof_Tregs",NA
"2845",223,66627418,"1-6d",1,"1-6d",1,"IFNgLOW","C-section","Preterm",0,"cytof_Tregs",0.29799232386862
"2846",223,66627267,"56-120dd",3,"56-120dd",79,"IFNgLOW","C-section","Preterm",0,"cytof_Tregs",0.7028476197377
"2847",223,66627251,"1-6d",1,"1-6d",3,"IFNgLOW","C-section","Preterm",0,"cytof_Tregs",0.690818228937007
"2848",224,66627258,"1-6d",1,"1-6d",5,"IFNgLOW","C-section","Preterm",1,"cytof_Tregs",NA
"2849",225,66627259,"1-6d",1,"1-6d",6,"IFNgLOW","C-section","Preterm",1,"cytof_Tregs",NA
"2850",225,66627500,"CB",0,"CB",0,"IFNgLOW","C-section","Preterm",1,"cytof_Tregs",NA
"2851",226,66627498,"CB",0,"CB",0,"IFNgLOW","C-section","Preterm",1,"cytof_Tregs",0.143016852114147
"2852",226,66627270,"1-6d",1,"1-6d",2,"IFNgLOW","C-section","Preterm",1,"cytof_Tregs",0.0732320820199318
"2853",230,66627425,"CB",0,"CB",0,"IFNgLOW","C-section","Preterm",0,"cytof_Tregs",1.68864005779303
"2854",230,66600169,"1-6d",1,"1-6d",6,"IFNgLOW","C-section","Preterm",0,"cytof_Tregs",7.29714321910433
"2855",230,66600236,"56-120dd",3,"56-120dd",76,"IFNgLOW","C-section","Preterm",0,"cytof_Tregs",1.21083916418596
"2856",267,2600100465,"1-6d",1,"1-6d",2,"IFNgLOW","C-section","Term",0,"cytof_Tregs",0.0693962526023595
"2857",267,2600100353,"56-120dd",3,"56-120dd",118,"IFNgLOW","C-section","Term",0,"cytof_Tregs",NA
"2858",267,2600100678,"CB",0,"CB",0,"IFNgLOW","C-section","Term",0,"cytof_Tregs",NA
"2859",270,2600100674,"CB",0,"CB",0,"IFNgHIGH","C-section","Term",0,"cytof_Tregs",NA
"2860",270,2600100460,"1-6d",1,"1-6d",2,"IFNgHIGH","C-section","Term",0,"cytof_Tregs",NA
"2861",273,2600100673,"CB",0,"CB",0,"IFNgLOW","C-section","Term",1,"cytof_Tregs",1.42118863049096
"2862",273,2600100461,"1-6d",1,"1-6d",2,"IFNgLOW","C-section","Term",1,"cytof_Tregs",2.23367697594502
"2863",276,2600100671,"CB",0,"CB",0,"IFNgHIGH","C-section","Term",1,"cytof_Tregs",0.809203176424409
"2864",276,2600100458,"1-6d",1,"1-6d",2,"IFNgHIGH","C-section","Term",1,"cytof_Tregs",0.805620159685424
"2865",282,2600100669,"CB",0,"CB",0,"IFNgHIGH","Vaginal","Term",1,"cytof_Tregs",NA
"2866",282,2600100456,"1-6d",1,"1-6d",2,"IFNgHIGH","Vaginal","Term",1,"cytof_Tregs",NA
"2867",285,2600100350,"56-120dd",3,"56-120dd",86,"IFNgHIGH","Vaginal","Term",0,"cytof_Tregs",NA
"2868",285,2600100455,"1-6d",1,"1-6d",2,"IFNgHIGH","Vaginal","Term",0,"cytof_Tregs",NA
"2869",285,2600100668,"CB",0,"CB",0,"IFNgHIGH","Vaginal","Term",0,"cytof_Tregs",NA
"2870",290,2600100447,"1-6d",1,"1-6d",3,"IFNgHIGH","Vaginal","Term",0,"cytof_Tregs",NA
"2871",290,2600100405,"56-120dd",3,"56-120dd",94,"IFNgHIGH","Vaginal","Term",0,"cytof_Tregs",NA
"2872",290,2600100664,"CB",0,"CB",0,"IFNgHIGH","Vaginal","Term",0,"cytof_Tregs",NA
"2873",293,2600100410,"56-120dd",3,"56-120dd",86,"IFNgLOW","Vaginal","Term",1,"cytof_Tregs",NA
"2874",293,2600100421,"1-6d",1,"1-6d",2,"IFNgLOW","Vaginal","Term",1,"cytof_Tregs",NA
"2875",293,2600100662,"CB",0,"CB",0,"IFNgLOW","Vaginal","Term",1,"cytof_Tregs",NA
"2876",297,2600100361,"1-6d",1,"1-6d",2,"IFNgHIGH","Vaginal","Term",1,"cytof_Tregs",NA
"2877",297,2600100519,"CB",0,"CB",0,"IFNgHIGH","Vaginal","Term",1,"cytof_Tregs",NA
"2878",299,2600100363,"1-6d",1,"1-6d",2,"IFNgHIGH","Vaginal","Term",1,"cytof_Tregs",NA
"2879",299,2600100520,"CB",0,"CB",0,"IFNgHIGH","Vaginal","Term",1,"cytof_Tregs",NA
"2880",302,2600100364,"1-6d",1,"1-6d",3,"IFNgHIGH","Vaginal","Term",1,"cytof_Tregs",NA
"2881",302,2600100521,"CB",0,"CB",0,"IFNgHIGH","Vaginal","Term",1,"cytof_Tregs",NA
"2882",305,2600100411,"56-120dd",3,"56-120dd",77,"IFNgHIGH","Vaginal","Term",1,"cytof_Tregs",NA
"2883",305,2600100371,"1-6d",1,"1-6d",3,"IFNgHIGH","Vaginal","Term",1,"cytof_Tregs",NA
"2884",305,2600100522,"CB",0,"CB",0,"IFNgHIGH","Vaginal","Term",1,"cytof_Tregs",NA
"2885",308,2600100374,"1-6d",1,"1-6d",3,"IFNgHIGH","Vaginal","Term",1,"cytof_Tregs",NA
"2886",308,2600100523,"CB",0,"CB",0,"IFNgHIGH","Vaginal","Term",1,"cytof_Tregs",NA
"2887",311,2600164329,"56-120dd",3,"56-120dd",119,"IFNgHIGH","Vaginal","Term",0,"cytof_Tregs",NA
"2888",311,2600100369,"1-6d",1,"1-6d",2,"IFNgHIGH","Vaginal","Term",0,"cytof_Tregs",NA
"2889",311,2600100524,"CB",0,"CB",0,"IFNgHIGH","Vaginal","Term",0,"cytof_Tregs",NA
"2890",324,2600100347,"1-6d",1,"1-6d",6,"IFNgLOW","Vaginal","Preterm",1,"cytof_Tregs",2.65004662119055
"2891",324,2600100517,"CB",0,"CB",0,"IFNgLOW","Vaginal","Preterm",1,"cytof_Tregs",1.66564792176039
"2892",332,2600100376,"1-6d",1,"1-6d",2,"IFNgHIGH","Vaginal","Term",0,"cytof_Tregs",NA
"2893",332,2600100525,"CB",0,"CB",0,"IFNgHIGH","Vaginal","Term",0,"cytof_Tregs",NA
"2894",334,2600100377,"1-6d",1,"1-6d",5,"IFNgLOW","Vaginal","Term",0,"cytof_Tregs",1.41776381584366
"2895",334,2600100526,"CB",0,"CB",0,"IFNgLOW","Vaginal","Term",0,"cytof_Tregs",1.0221198362819
"2896",337,2600100688,"CB",0,"CB",0,"IFNgLOW","Vaginal","Term",1,"cytof_Tregs",0.593690201658408
"2897",337,2600100471,"1-6d",1,"1-6d",5,"IFNgLOW","Vaginal","Term",1,"cytof_Tregs",1.49443073620231
"2898",337,2600100431,"56-120dd",3,"56-120dd",83,"IFNgLOW","Vaginal","Term",1,"cytof_Tregs",2.9008394979636
"2899",340,2600100380,"1-6d",1,"1-6d",3,"IFNgHIGH","Vaginal","Term",0,"cytof_Tregs",NA
"2900",340,2600164340,"56-120dd",3,"56-120dd",104,"IFNgHIGH","Vaginal","Term",0,"cytof_Tregs",NA
"2901",340,2600100528,"CB",0,"CB",0,"IFNgHIGH","Vaginal","Term",0,"cytof_Tregs",NA
"2902",343,2600100378,"1-6d",1,"1-6d",6,"IFNgLOW","Vaginal","Preterm",0,"cytof_Tregs",0.892163526898428
"2903",343,2600100527,"1-6d",1,"1-6d",1,"IFNgLOW","Vaginal","Preterm",0,"cytof_Tregs",0.335517693315859
"2904",343,2600164342,"56-120dd",3,"56-120dd",112,"IFNgLOW","Vaginal","Preterm",0,"cytof_Tregs",0.507489563722682
"2905",347,2600100538,"CB",0,"CB",0,"IFNgLOW","C-section","Preterm",1,"cytof_Tregs",NA
"2906",347,2600100413,"1-6d",1,"1-6d",5,"IFNgLOW","C-section","Preterm",1,"cytof_Tregs",NA
"2907",347,2600164338,"56-120dd",3,"56-120dd",74,"IFNgLOW","C-section","Preterm",1,"cytof_Tregs",NA
"2908",350,2600164314,"1-6d",1,"1-6d",5,"IFNgLOW","C-section","Preterm",1,"cytof_Tregs",NA
"2909",350,2600164465,"1-6d",1,"1-6d",2,"IFNgLOW","C-section","Preterm",1,"cytof_Tregs",NA
"2910",356,2600164316,"1-6d",1,"1-6d",2,"IFNgLOW","C-section","Preterm",1,"cytof_Tregs",NA
"2911",356,2600164464,"CB",0,"CB",0,"IFNgLOW","C-section","Preterm",1,"cytof_Tregs",NA
"2912",356,2600164343,"56-120dd",3,"56-120dd",58,"IFNgLOW","C-section","Preterm",1,"cytof_Tregs",NA
"2913",357,2600164461,"CB",0,"CB",0,"IFNgHIGH","Vaginal","Term",1,"cytof_Tregs",NA
"2914",357,2600164353,"56-120dd",3,"56-120dd",92,"IFNgHIGH","Vaginal","Term",1,"cytof_Tregs",NA
"2915",357,2600164322,"1-6d",1,"1-6d",3,"IFNgHIGH","Vaginal","Term",1,"cytof_Tregs",NA
"2916",363,2600164325,"1-6d",1,"1-6d",2,"IFNgLOW","Vaginal","Term",1,"cytof_Tregs",0.118238250073899
"2917",363,2600164467,"CB",0,"CB",0,"IFNgLOW","Vaginal","Term",1,"cytof_Tregs",0.580450429533317
"2918",366,2600164367,"56-120dd",3,"56-120dd",92,"IFNgHIGH","Vaginal","Term",1,"cytof_Tregs",NA
"2919",366,2600164320,"1-6d",1,"1-6d",2,"IFNgHIGH","Vaginal","Term",1,"cytof_Tregs",NA
"2920",366,2600100547,"CB",0,"CB",0,"IFNgHIGH","Vaginal","Term",1,"cytof_Tregs",NA
"2921",367,2600100548,"CB",0,"CB",0,"IFNgHIGH","Vaginal","Term",1,"cytof_Tregs",NA
"2922",367,2600164323,"1-6d",1,"1-6d",2,"IFNgHIGH","Vaginal","Term",1,"cytof_Tregs",NA
"2923",376,2600100550,"1-6d",1,"1-6d",2,"IFNgLOW","C-section","Preterm",0,"cytof_Tregs",0.451632756498443
"2924",376,2600164331,"1-6d",1,"1-6d",5,"IFNgLOW","C-section","Preterm",0,"cytof_Tregs",0.415480307455428
"2925",379,2600164336,"1-6d",1,"1-6d",4,"IFNgHIGH","C-section","Preterm",0,"cytof_Tregs",NA
"2926",379,2600164469,"CB",0,"CB",0,"IFNgHIGH","C-section","Preterm",0,"cytof_Tregs",NA
"2927",382,2600164335,"1-6d",1,"1-6d",3,"IFNgHIGH","Vaginal","Term",0,"cytof_Tregs",0.419048759316352
"2928",382,2600164468,"CB",0,"CB",0,"IFNgHIGH","Vaginal","Term",0,"cytof_Tregs",0.626090125738682
"2929",386,2600164471,"1-6d",1,"1-6d",2,"IFNgHIGH","C-section","Preterm",0,"cytof_Tregs",NA
"2930",437,2600164476,"CB",0,"CB",0,"IFNgLOW","Vaginal","Preterm",1,"cytof_Tregs",NA
"2931",437,2600164346,"1-6d",1,"1-6d",4,"IFNgLOW","Vaginal","Preterm",1,"cytof_Tregs",NA
"2932",437,2600164378,"56-120dd",3,"56-120dd",76,"IFNgLOW","Vaginal","Preterm",1,"cytof_Tregs",NA
"2933",477,2600164470,"CB",0,"CB",0,"IFNgLOW","Vaginal","Term",0,"cytof_Tregs",1.21451772348538
"2934",477,2600164345,"1-6d",1,"1-6d",4,"IFNgLOW","Vaginal","Term",0,"cytof_Tregs",0.52349400637297
"2935",480,2600164474,"CB",0,"CB",0,"IFNgHIGH","Vaginal","Term",0,"cytof_Tregs",0.534837717048868
"2936",480,2600164356,"1-6d",1,"1-6d",1,"IFNgHIGH","Vaginal","Term",0,"cytof_Tregs",0.460027352977745
"2937",488,2600164478,"1-6d",1,"1-6d",3,"IFNgLOW","Vaginal","Term",0,"cytof_Tregs",0.341657112921472
"2938",488,2600164372,"1-6d",1,"1-6d",2,"IFNgLOW","Vaginal","Term",0,"cytof_Tregs",0.510925863137343
"2939",492,2600164373,"1-6d",1,"1-6d",2,"IFNgHIGH","Vaginal","Term",1,"cytof_Tregs",0.465417697655237
"2940",492,2600100553,"CB",0,"CB",0,"IFNgHIGH","Vaginal","Term",1,"cytof_Tregs",0.423169464391039
"2941",508,2600164368,"1-6d",1,"1-6d",2,"IFNgLOW","C-section","Preterm",0,"cytof_Tregs",NA
"2942",508,2600164473,"CB",0,"CB",0,"IFNgLOW","C-section","Preterm",0,"cytof_Tregs",NA
"2943",522,2600164496,"CB",0,"CB",0,"IFNgHIGH","Vaginal","Term",0,"cytof_Tregs",NA
"2944",522,2600164397,"1-6d",1,"1-6d",3,"IFNgHIGH","Vaginal","Term",0,"cytof_Tregs",NA
"2945",522,2600164442,"56-120dd",3,"56-120dd",99,"IFNgHIGH","Vaginal","Term",0,"cytof_Tregs",NA
"2946",529,2600164502,"1-6d",1,"1-6d",1,"IFNgLOW","C-section","Preterm",0,"cytof_Tregs",1.75230986300123
"2947",529,2600164407,"1-6d",1,"1-6d",2,"IFNgLOW","C-section","Preterm",0,"cytof_Tregs",0.187160771102377
"2948",529,2600164409,"1-6d",1,"1-6d",6,"IFNgLOW","C-section","Preterm",0,"cytof_Tregs",1.59164303164753
"2949",530,2600164408,"1-6d",1,"1-6d",6,"IFNgLOW","C-section","Preterm",0,"cytof_Tregs",0.846656611362493
"2950",530,2600164405,"1-6d",1,"1-6d",2,"IFNgLOW","C-section","Preterm",0,"cytof_Tregs",0.900636449757829
"2951",531,2600164406,"1-6d",1,"1-6d",2,"IFNgHIGH","C-section","Preterm",0,"cytof_Tregs",1.41417180683015
"2952",531,2600164411,"1-6d",1,"1-6d",6,"IFNgHIGH","C-section","Preterm",0,"cytof_Tregs",1.46262402656442
"2953",531,2600164499,"1-6d",1,"1-6d",1,"IFNgHIGH","C-section","Preterm",0,"cytof_Tregs",1.73410404624278
"2954",532,2600164414,"1-6d",1,"1-6d",2,"IFNgHIGH","Vaginal","Term",0,"cytof_Tregs",0.571932476694382
"2955",532,2600164503,"CB",0,"CB",0,"IFNgHIGH","Vaginal","Term",0,"cytof_Tregs",0.399811269214533
"2956",533,2600164416,"1-6d",1,"1-6d",3,"IFNgHIGH","Vaginal","Term",0,"cytof_Tregs",0.307898639012457
"2957",533,2600164504,"CB",0,"CB",0,"IFNgHIGH","Vaginal","Term",0,"cytof_Tregs",0.368151687007225
"2958",534,2600164505,"CB",0,"CB",0,"IFNgHIGH","Vaginal","Term",1,"cytof_Tregs",0.458433725198493
"2959",534,2600164415,"1-6d",1,"1-6d",2,"IFNgHIGH","Vaginal","Term",1,"cytof_Tregs",0.68664805721388
"2960",537,2600164417,"1-6d",1,"1-6d",2,"IFNgHIGH","Vaginal","Term",0,"cytof_Tregs",1.39664804469273
"2961",537,2600164506,"CB",0,"CB",0,"IFNgHIGH","Vaginal","Term",0,"cytof_Tregs",0.51671830276262
"2962",542,2600164452,"1-6d",1,"1-6d",6,"IFNgLOW","C-section","Preterm",0,"cytof_Tregs",NA
"2963",542,2600164513,"CB",0,"CB",0,"IFNgLOW","C-section","Preterm",0,"cytof_Tregs",NA
"2964",545,2600164514,"CB",0,"CB",0,"IFNgLOW","C-section","Preterm",0,"cytof_Tregs",0.940900439326288
"2965",15,2600100700,"CB",0,"CB",0,"IFNgHIGH","Vaginal","Term",1,"cytof_B.cells",NA
"2966",15,2600100490,"1-6d",1,"1-6d",2,"IFNgHIGH","Vaginal","Term",1,"cytof_B.cells",NA
"2967",18,2600100486,"1-6d",1,"1-6d",2,"IFNgHIGH","Vaginal","Term",1,"cytof_B.cells",NA
"2968",18,2600100707,"CB",0,"CB",0,"IFNgHIGH","Vaginal","Term",1,"cytof_B.cells",NA
"2969",28,2600100706,"CB",0,"CB",0,"IFNgHIGH","Vaginal","Term",0,"cytof_B.cells",NA
"2970",28,2600100503,"1-6d",1,"1-6d",5,"IFNgHIGH","Vaginal","Term",0,"cytof_B.cells",NA
"2971",42,2600100429,"56-120dd",3,"56-120dd",108,"IFNgLOW","Vaginal","Term",1,"cytof_B.cells",NA
"2972",42,2600100480,"1-6d",1,"1-6d",3,"IFNgLOW","Vaginal","Term",1,"cytof_B.cells",NA
"2973",42,2600100343,"56-120dd",3,"56-120dd",63,"IFNgLOW","Vaginal","Term",1,"cytof_B.cells",NA
"2974",42,2600100696,"CB",0,"CB",0,"IFNgLOW","Vaginal","Term",1,"cytof_B.cells",NA
"2975",80,2600100695,"CB",0,"CB",0,"IFNgHIGH","C-section","Term",1,"cytof_B.cells",NA
"2976",80,2600100485,"1-6d",1,"1-6d",4,"IFNgHIGH","C-section","Term",1,"cytof_B.cells",NA
"2977",88,66600203,"56-120dd",3,"56-120dd",105,"IFNgLOW","Vaginal","Term",0,"cytof_B.cells",NA
"2978",93,66600194,"56-120dd",3,"56-120dd",105,"IFNgLOW","Vaginal","Term",0,"cytof_B.cells",NA
"2979",101,66600197,"56-120dd",3,"56-120dd",113,"IFNgLOW","Vaginal","Term",1,"cytof_B.cells",NA
"2980",104,66600202,"56-120dd",3,"56-120dd",71,"IFNgLOW","Vaginal","Term",1,"cytof_B.cells",NA
"2981",107,66600241,"1-6d",1,"1-6d",4,"IFNgLOW","Vaginal","Term",1,"cytof_B.cells",2.35939894013297
"2982",107,66600231,"CB",0,"CB",0,"IFNgLOW","Vaginal","Term",1,"cytof_B.cells",3.59450267406724
"2983",107,66627239,"56-120dd",3,"56-120dd",94,"IFNgLOW","Vaginal","Term",1,"cytof_B.cells",10.9816299476043
"2984",110,66627240,"56-120dd",3,"56-120dd",85,"IFNgLOW","Vaginal","Term",1,"cytof_B.cells",10.2223262138323
"2985",110,66600235,"CB",0,"CB",0,"IFNgLOW","Vaginal","Term",1,"cytof_B.cells",4.32531017577324
"2986",110,66600233,"1-6d",1,"1-6d",2,"IFNgLOW","Vaginal","Term",1,"cytof_B.cells",2.97920456221425
"2987",113,66593911,"1-6d",1,"1-6d",2,"IFNgLOW","Vaginal","Term",0,"cytof_B.cells",1.43540532716522
"2988",113,66600237,"CB",0,"CB",0,"IFNgLOW","Vaginal","Term",0,"cytof_B.cells",11.1584775297608
"2989",116,66627285,"1-6d",1,"1-6d",3,"IFNgLOW","Vaginal","Term",1,"cytof_B.cells",3.68429410830554
"2990",116,66627428,"CB",0,"CB",0,"IFNgLOW","Vaginal","Term",1,"cytof_B.cells",6.20272314674736
"2991",119,66627306,"1-6d",1,"1-6d",3,"IFNgLOW","Vaginal","Term",1,"cytof_B.cells",NA
"2992",119,66627297,"56-120dd",3,"56-120dd",112,"IFNgLOW","Vaginal","Term",1,"cytof_B.cells",NA
"2993",119,66627429,"CB",0,"CB",0,"IFNgLOW","Vaginal","Term",1,"cytof_B.cells",NA
"2994",122,66627275,"1-6d",1,"1-6d",3,"IFNgLOW","Vaginal","Term",0,"cytof_B.cells",NA
"2995",122,66627435,"CB",0,"CB",0,"IFNgLOW","Vaginal","Term",0,"cytof_B.cells",NA
"2996",126,2600100694,"CB",0,"CB",0,"IFNgHIGH","C-section","Term",0,"cytof_B.cells",NA
"2997",126,2600100446,"56-120dd",3,"56-120dd",95,"IFNgHIGH","C-section","Term",0,"cytof_B.cells",NA
"2998",126,2600100479,"1-6d",1,"1-6d",2,"IFNgHIGH","C-section","Term",0,"cytof_B.cells",NA
"2999",129,2600100693,"CB",0,"CB",0,"IFNgHIGH","Vaginal","Term",1,"cytof_B.cells",NA
"3000",129,2600100472,"1-6d",1,"1-6d",3,"IFNgHIGH","Vaginal","Term",1,"cytof_B.cells",NA
"3001",141,2600100690,"CB",0,"CB",0,"IFNgLOW","Vaginal","Term",1,"cytof_B.cells",NA
"3002",141,2600100443,"56-120dd",3,"56-120dd",85,"IFNgLOW","Vaginal","Term",1,"cytof_B.cells",NA
"3003",141,2600100475,"1-6d",1,"1-6d",2,"IFNgLOW","Vaginal","Term",1,"cytof_B.cells",NA
"3004",144,2600100686,"CB",0,"CB",0,"IFNgLOW","Vaginal","Term",0,"cytof_B.cells",NA
"3005",144,2600100483,"1-6d",1,"1-6d",2,"IFNgLOW","Vaginal","Term",0,"cytof_B.cells",NA
"3006",144,2600100439,"56-120dd",3,"56-120dd",79,"IFNgLOW","Vaginal","Term",0,"cytof_B.cells",NA
"3007",147,2600100687,"CB",0,"CB",0,"IFNgLOW","C-section","Term",1,"cytof_B.cells",NA
"3008",147,2600100430,"56-120dd",3,"56-120dd",77,"IFNgLOW","C-section","Term",1,"cytof_B.cells",NA
"3009",147,2600100468,"1-6d",1,"1-6d",2,"IFNgLOW","C-section","Term",1,"cytof_B.cells",NA
"3010",150,2600100684,"CB",0,"CB",0,"IFNgHIGH","C-section","Term",1,"cytof_B.cells",NA
"3011",150,2600100469,"1-6d",1,"1-6d",3,"IFNgHIGH","C-section","Term",1,"cytof_B.cells",NA
"3012",153,2600100470,"1-6d",1,"1-6d",2,"IFNgLOW","C-section","Term",0,"cytof_B.cells",NA
"3013",153,2600100426,"56-120dd",3,"56-120dd",78,"IFNgLOW","C-section","Term",0,"cytof_B.cells",NA
"3014",153,2600100685,"CB",0,"CB",0,"IFNgLOW","C-section","Term",0,"cytof_B.cells",NA
"3015",162,2600100425,"56-120dd",3,"56-120dd",69,"IFNgLOW","C-section","Term",0,"cytof_B.cells",NA
"3016",162,2600100683,"CB",0,"CB",0,"IFNgLOW","C-section","Term",0,"cytof_B.cells",NA
"3017",162,2600100341,"1-6d",1,"1-6d",2,"IFNgLOW","C-section","Term",0,"cytof_B.cells",NA
"3018",165,2600100680,"CB",0,"CB",0,"IFNgHIGH","Vaginal","Term",0,"cytof_B.cells",NA
"3019",165,2600100477,"1-6d",1,"1-6d",2,"IFNgHIGH","Vaginal","Term",0,"cytof_B.cells",NA
"3020",168,2600100679,"CB",0,"CB",0,"IFNgHIGH","Vaginal","Term",0,"cytof_B.cells",NA
"3021",168,2600100467,"1-6d",1,"1-6d",2,"IFNgHIGH","Vaginal","Term",0,"cytof_B.cells",NA
"3022",174,2600100626,"CB",0,"CB",0,"IFNgHIGH","C-section","Term",1,"cytof_B.cells",NA
"3023",174,2600100463,"1-6d",1,"1-6d",2,"IFNgHIGH","C-section","Term",1,"cytof_B.cells",NA
"3024",177,2600100462,"1-6d",1,"1-6d",2,"IFNgHIGH","C-section","Term",1,"cytof_B.cells",NA
"3025",177,2600100675,"CB",0,"CB",0,"IFNgHIGH","C-section","Term",1,"cytof_B.cells",NA
"3026",180,2600100466,"1-6d",1,"1-6d",2,"IFNgLOW","C-section","Term",0,"cytof_B.cells",NA
"3027",180,2600100356,"56-120dd",3,"56-120dd",118,"IFNgLOW","C-section","Term",0,"cytof_B.cells",NA
"3028",180,2600100677,"CB",0,"CB",0,"IFNgLOW","C-section","Term",0,"cytof_B.cells",NA
"3029",189,2600100453,"1-6d",1,"1-6d",6,"IFNgLOW","C-section","Preterm",1,"cytof_B.cells",NA
"3030",189,2600100666,"CB",0,"CB",0,"IFNgLOW","C-section","Preterm",1,"cytof_B.cells",NA
"3031",203,66600227,"56-120dd",3,"56-120dd",84,"IFNgLOW","C-section","Preterm",0,"cytof_B.cells",9.07214156079855
"3032",204,66600193,"1-6d",1,"1-6d",2,"IFNgLOW","C-section","Preterm",1,"cytof_B.cells",NA
"3033",204,66600238,"56-120dd",3,"56-120dd",89,"IFNgLOW","C-section","Preterm",1,"cytof_B.cells",NA
"3034",205,66600239,"56-120dd",3,"56-120dd",89,"IFNgLOW","C-section","Preterm",0,"cytof_B.cells",NA
"3035",205,66600192,"1-6d",1,"1-6d",2,"IFNgLOW","C-section","Preterm",0,"cytof_B.cells",NA
"3036",206,66600240,"56-120dd",3,"56-120dd",83,"IFNgLOW","Vaginal","Preterm",1,"cytof_B.cells",8.69761392892215
"3037",210,66600164,"1-6d",1,"1-6d",6,"IFNgLOW","C-section","Preterm",1,"cytof_B.cells",4.11345165035661
"3038",210,66627234,"56-120dd",3,"56-120dd",67,"IFNgLOW","C-section","Preterm",1,"cytof_B.cells",12.0765315078111
"3039",210,66600210,"CB",0,"CB",0,"IFNgLOW","C-section","Preterm",1,"cytof_B.cells",5.11081706913662
"3040",211,66627244,"56-120dd",3,"56-120dd",86,"IFNgLOW","C-section","Preterm",0,"cytof_B.cells",16.5827458878819
"3041",211,66600168,"CB",0,"CB",0,"IFNgLOW","C-section","Preterm",0,"cytof_B.cells",6.08410892795586
"3042",211,66600224,"1-6d",1,"1-6d",3,"IFNgLOW","C-section","Preterm",0,"cytof_B.cells",3.63369963369964
"3043",212,66627412,"CB",0,"CB",0,"IFNgLOW","C-section","Preterm",0,"cytof_B.cells",0.0831154438884175
"3044",212,66627215,"1-6d",1,"1-6d",3,"IFNgLOW","C-section","Preterm",0,"cytof_B.cells",0.062335434453044
"3045",213,66627411,"CB",0,"CB",0,"IFNgLOW","C-section","Preterm",0,"cytof_B.cells",0.103438359750889
"3046",213,66627214,"1-6d",1,"1-6d",3,"IFNgLOW","C-section","Preterm",0,"cytof_B.cells",0.156724020195009
"3047",213,66627246,"56-120dd",3,"56-120dd",86,"IFNgLOW","C-section","Preterm",0,"cytof_B.cells",0.673879280844455
"3048",214,66627410,"CB",0,"CB",0,"IFNgLOW","C-section","Preterm",1,"cytof_B.cells",0.144880451675784
"3049",214,66627213,"1-6d",1,"1-6d",3,"IFNgLOW","C-section","Preterm",1,"cytof_B.cells",0.0481269766436835
"3050",214,66627247,"56-120dd",3,"56-120dd",86,"IFNgLOW","C-section","Preterm",1,"cytof_B.cells",0.528243686138423
"3051",215,66627218,"1-6d",1,"1-6d",3,"IFNgLOW","C-section","Preterm",0,"cytof_B.cells",NA
"3052",215,66627501,"CB",0,"CB",0,"IFNgLOW","C-section","Preterm",0,"cytof_B.cells",NA
"3053",215,66627254,"56-120dd",3,"56-120dd",95,"IFNgLOW","C-section","Preterm",0,"cytof_B.cells",NA
"3054",216,66627219,"1-6d",1,"1-6d",3,"IFNgLOW","C-section","Preterm",1,"cytof_B.cells",NA
"3055",216,66627248,"56-120dd",3,"56-120dd",81,"IFNgLOW","C-section","Preterm",1,"cytof_B.cells",NA
"3056",216,66627503,"CB",0,"CB",0,"IFNgLOW","C-section","Preterm",1,"cytof_B.cells",NA
"3057",216,66627221,"CB",0,"CB",0,"IFNgLOW","C-section","Preterm",1,"cytof_B.cells",NA
"3058",217,66627217,"1-6d",1,"1-6d",3,"IFNgLOW","C-section","Preterm",1,"cytof_B.cells",NA
"3059",217,66627249,"56-120dd",3,"56-120dd",81,"IFNgLOW","C-section","Preterm",1,"cytof_B.cells",NA
"3060",217,66627504,"CB",0,"CB",0,"IFNgLOW","C-section","Preterm",1,"cytof_B.cells",NA
"3061",217,66627222,"CB",0,"CB",0,"IFNgLOW","C-section","Preterm",1,"cytof_B.cells",NA
"3062",218,66627229,"1-6d",1,"1-6d",4,"IFNgLOW","Vaginal","Preterm",0,"cytof_B.cells",0.0499053877024806
"3063",218,66627256,"56-120dd",3,"56-120dd",104,"IFNgLOW","Vaginal","Preterm",0,"cytof_B.cells",2.81620281069165
"3064",219,66627230,"1-6d",1,"1-6d",4,"IFNgLOW","C-section","Preterm",0,"cytof_B.cells",0.335899230230931
"3065",219,66627413,"CB",0,"CB",0,"IFNgLOW","C-section","Preterm",0,"cytof_B.cells",1.01522842639594
"3066",219,66627255,"56-120dd",3,"56-120dd",81,"IFNgLOW","C-section","Preterm",0,"cytof_B.cells",6.75616419873848
"3067",220,66627235,"1-6d",1,"1-6d",5,"IFNgLOW","C-section","Preterm",0,"cytof_B.cells",6.439595529537
"3068",220,66627414,"CB",0,"CB",0,"IFNgLOW","C-section","Preterm",0,"cytof_B.cells",16.170758773755
"3069",220,66627257,"56-120dd",3,"56-120dd",90,"IFNgLOW","C-section","Preterm",0,"cytof_B.cells",11.6201010775245
"3070",221,66627261,"56-120dd",3,"56-120dd",104,"IFNgLOW","C-section","Preterm",0,"cytof_B.cells",26.3759975883352
"3071",221,66627415,"CB",0,"CB",0,"IFNgLOW","C-section","Preterm",0,"cytof_B.cells",1.53993636289467
"3072",221,66627241,"1-6d",1,"1-6d",2,"IFNgLOW","C-section","Preterm",0,"cytof_B.cells",0.680922372489321
"3073",223,66627418,"1-6d",1,"1-6d",1,"IFNgLOW","C-section","Preterm",0,"cytof_B.cells",NA
"3074",223,66627267,"56-120dd",3,"56-120dd",79,"IFNgLOW","C-section","Preterm",0,"cytof_B.cells",NA
"3075",223,66627251,"1-6d",1,"1-6d",3,"IFNgLOW","C-section","Preterm",0,"cytof_B.cells",NA
"3076",224,66627258,"1-6d",1,"1-6d",5,"IFNgLOW","C-section","Preterm",1,"cytof_B.cells",NA
"3077",225,66627259,"1-6d",1,"1-6d",6,"IFNgLOW","C-section","Preterm",1,"cytof_B.cells",NA
"3078",225,66627500,"CB",0,"CB",0,"IFNgLOW","C-section","Preterm",1,"cytof_B.cells",NA
"3079",226,66627498,"CB",0,"CB",0,"IFNgLOW","C-section","Preterm",1,"cytof_B.cells",NA
"3080",226,66627270,"1-6d",1,"1-6d",2,"IFNgLOW","C-section","Preterm",1,"cytof_B.cells",NA
"3081",230,66627425,"CB",0,"CB",0,"IFNgLOW","C-section","Preterm",0,"cytof_B.cells",NA
"3082",230,66600169,"1-6d",1,"1-6d",6,"IFNgLOW","C-section","Preterm",0,"cytof_B.cells",NA
"3083",230,66600236,"56-120dd",3,"56-120dd",76,"IFNgLOW","C-section","Preterm",0,"cytof_B.cells",NA
"3084",267,2600100465,"1-6d",1,"1-6d",2,"IFNgLOW","C-section","Term",0,"cytof_B.cells",NA
"3085",267,2600100353,"56-120dd",3,"56-120dd",118,"IFNgLOW","C-section","Term",0,"cytof_B.cells",NA
"3086",267,2600100678,"CB",0,"CB",0,"IFNgLOW","C-section","Term",0,"cytof_B.cells",NA
"3087",270,2600100674,"CB",0,"CB",0,"IFNgHIGH","C-section","Term",0,"cytof_B.cells",NA
"3088",270,2600100460,"1-6d",1,"1-6d",2,"IFNgHIGH","C-section","Term",0,"cytof_B.cells",NA
"3089",273,2600100673,"CB",0,"CB",0,"IFNgLOW","C-section","Term",1,"cytof_B.cells",NA
"3090",273,2600100461,"1-6d",1,"1-6d",2,"IFNgLOW","C-section","Term",1,"cytof_B.cells",NA
"3091",276,2600100671,"CB",0,"CB",0,"IFNgHIGH","C-section","Term",1,"cytof_B.cells",NA
"3092",276,2600100458,"1-6d",1,"1-6d",2,"IFNgHIGH","C-section","Term",1,"cytof_B.cells",NA
"3093",282,2600100669,"CB",0,"CB",0,"IFNgHIGH","Vaginal","Term",1,"cytof_B.cells",NA
"3094",282,2600100456,"1-6d",1,"1-6d",2,"IFNgHIGH","Vaginal","Term",1,"cytof_B.cells",NA
"3095",285,2600100350,"56-120dd",3,"56-120dd",86,"IFNgHIGH","Vaginal","Term",0,"cytof_B.cells",NA
"3096",285,2600100455,"1-6d",1,"1-6d",2,"IFNgHIGH","Vaginal","Term",0,"cytof_B.cells",NA
"3097",285,2600100668,"CB",0,"CB",0,"IFNgHIGH","Vaginal","Term",0,"cytof_B.cells",NA
"3098",290,2600100447,"1-6d",1,"1-6d",3,"IFNgHIGH","Vaginal","Term",0,"cytof_B.cells",NA
"3099",290,2600100405,"56-120dd",3,"56-120dd",94,"IFNgHIGH","Vaginal","Term",0,"cytof_B.cells",NA
"3100",290,2600100664,"CB",0,"CB",0,"IFNgHIGH","Vaginal","Term",0,"cytof_B.cells",NA
"3101",293,2600100410,"56-120dd",3,"56-120dd",86,"IFNgLOW","Vaginal","Term",1,"cytof_B.cells",NA
"3102",293,2600100421,"1-6d",1,"1-6d",2,"IFNgLOW","Vaginal","Term",1,"cytof_B.cells",NA
"3103",293,2600100662,"CB",0,"CB",0,"IFNgLOW","Vaginal","Term",1,"cytof_B.cells",NA
"3104",297,2600100361,"1-6d",1,"1-6d",2,"IFNgHIGH","Vaginal","Term",1,"cytof_B.cells",NA
"3105",297,2600100519,"CB",0,"CB",0,"IFNgHIGH","Vaginal","Term",1,"cytof_B.cells",NA
"3106",299,2600100363,"1-6d",1,"1-6d",2,"IFNgHIGH","Vaginal","Term",1,"cytof_B.cells",NA
"3107",299,2600100520,"CB",0,"CB",0,"IFNgHIGH","Vaginal","Term",1,"cytof_B.cells",NA
"3108",302,2600100364,"1-6d",1,"1-6d",3,"IFNgHIGH","Vaginal","Term",1,"cytof_B.cells",NA
"3109",302,2600100521,"CB",0,"CB",0,"IFNgHIGH","Vaginal","Term",1,"cytof_B.cells",NA
"3110",305,2600100411,"56-120dd",3,"56-120dd",77,"IFNgHIGH","Vaginal","Term",1,"cytof_B.cells",NA
"3111",305,2600100371,"1-6d",1,"1-6d",3,"IFNgHIGH","Vaginal","Term",1,"cytof_B.cells",NA
"3112",305,2600100522,"CB",0,"CB",0,"IFNgHIGH","Vaginal","Term",1,"cytof_B.cells",NA
"3113",308,2600100374,"1-6d",1,"1-6d",3,"IFNgHIGH","Vaginal","Term",1,"cytof_B.cells",NA
"3114",308,2600100523,"CB",0,"CB",0,"IFNgHIGH","Vaginal","Term",1,"cytof_B.cells",NA
"3115",311,2600164329,"56-120dd",3,"56-120dd",119,"IFNgHIGH","Vaginal","Term",0,"cytof_B.cells",NA
"3116",311,2600100369,"1-6d",1,"1-6d",2,"IFNgHIGH","Vaginal","Term",0,"cytof_B.cells",NA
"3117",311,2600100524,"CB",0,"CB",0,"IFNgHIGH","Vaginal","Term",0,"cytof_B.cells",NA
"3118",324,2600100347,"1-6d",1,"1-6d",6,"IFNgLOW","Vaginal","Preterm",1,"cytof_B.cells",NA
"3119",324,2600100517,"CB",0,"CB",0,"IFNgLOW","Vaginal","Preterm",1,"cytof_B.cells",NA
"3120",332,2600100376,"1-6d",1,"1-6d",2,"IFNgHIGH","Vaginal","Term",0,"cytof_B.cells",NA
"3121",332,2600100525,"CB",0,"CB",0,"IFNgHIGH","Vaginal","Term",0,"cytof_B.cells",NA
"3122",334,2600100377,"1-6d",1,"1-6d",5,"IFNgLOW","Vaginal","Term",0,"cytof_B.cells",NA
"3123",334,2600100526,"CB",0,"CB",0,"IFNgLOW","Vaginal","Term",0,"cytof_B.cells",NA
"3124",337,2600100688,"CB",0,"CB",0,"IFNgLOW","Vaginal","Term",1,"cytof_B.cells",NA
"3125",337,2600100471,"1-6d",1,"1-6d",5,"IFNgLOW","Vaginal","Term",1,"cytof_B.cells",NA
"3126",337,2600100431,"56-120dd",3,"56-120dd",83,"IFNgLOW","Vaginal","Term",1,"cytof_B.cells",NA
"3127",340,2600100380,"1-6d",1,"1-6d",3,"IFNgHIGH","Vaginal","Term",0,"cytof_B.cells",NA
"3128",340,2600164340,"56-120dd",3,"56-120dd",104,"IFNgHIGH","Vaginal","Term",0,"cytof_B.cells",NA
"3129",340,2600100528,"CB",0,"CB",0,"IFNgHIGH","Vaginal","Term",0,"cytof_B.cells",NA
"3130",343,2600100378,"1-6d",1,"1-6d",6,"IFNgLOW","Vaginal","Preterm",0,"cytof_B.cells",NA
"3131",343,2600100527,"1-6d",1,"1-6d",1,"IFNgLOW","Vaginal","Preterm",0,"cytof_B.cells",NA
"3132",343,2600164342,"56-120dd",3,"56-120dd",112,"IFNgLOW","Vaginal","Preterm",0,"cytof_B.cells",NA
"3133",347,2600100538,"CB",0,"CB",0,"IFNgLOW","C-section","Preterm",1,"cytof_B.cells",NA
"3134",347,2600100413,"1-6d",1,"1-6d",5,"IFNgLOW","C-section","Preterm",1,"cytof_B.cells",NA
"3135",347,2600164338,"56-120dd",3,"56-120dd",74,"IFNgLOW","C-section","Preterm",1,"cytof_B.cells",NA
"3136",350,2600164314,"1-6d",1,"1-6d",5,"IFNgLOW","C-section","Preterm",1,"cytof_B.cells",NA
"3137",350,2600164465,"1-6d",1,"1-6d",2,"IFNgLOW","C-section","Preterm",1,"cytof_B.cells",NA
"3138",356,2600164316,"1-6d",1,"1-6d",2,"IFNgLOW","C-section","Preterm",1,"cytof_B.cells",NA
"3139",356,2600164464,"CB",0,"CB",0,"IFNgLOW","C-section","Preterm",1,"cytof_B.cells",NA
"3140",356,2600164343,"56-120dd",3,"56-120dd",58,"IFNgLOW","C-section","Preterm",1,"cytof_B.cells",NA
"3141",357,2600164461,"CB",0,"CB",0,"IFNgHIGH","Vaginal","Term",1,"cytof_B.cells",NA
"3142",357,2600164353,"56-120dd",3,"56-120dd",92,"IFNgHIGH","Vaginal","Term",1,"cytof_B.cells",NA
"3143",357,2600164322,"1-6d",1,"1-6d",3,"IFNgHIGH","Vaginal","Term",1,"cytof_B.cells",NA
"3144",363,2600164325,"1-6d",1,"1-6d",2,"IFNgLOW","Vaginal","Term",1,"cytof_B.cells",NA
"3145",363,2600164467,"CB",0,"CB",0,"IFNgLOW","Vaginal","Term",1,"cytof_B.cells",NA
"3146",366,2600164367,"56-120dd",3,"56-120dd",92,"IFNgHIGH","Vaginal","Term",1,"cytof_B.cells",NA
"3147",366,2600164320,"1-6d",1,"1-6d",2,"IFNgHIGH","Vaginal","Term",1,"cytof_B.cells",NA
"3148",366,2600100547,"CB",0,"CB",0,"IFNgHIGH","Vaginal","Term",1,"cytof_B.cells",NA
"3149",367,2600100548,"CB",0,"CB",0,"IFNgHIGH","Vaginal","Term",1,"cytof_B.cells",NA
"3150",367,2600164323,"1-6d",1,"1-6d",2,"IFNgHIGH","Vaginal","Term",1,"cytof_B.cells",NA
"3151",376,2600100550,"1-6d",1,"1-6d",2,"IFNgLOW","C-section","Preterm",0,"cytof_B.cells",NA
"3152",376,2600164331,"1-6d",1,"1-6d",5,"IFNgLOW","C-section","Preterm",0,"cytof_B.cells",NA
"3153",379,2600164336,"1-6d",1,"1-6d",4,"IFNgHIGH","C-section","Preterm",0,"cytof_B.cells",NA
"3154",379,2600164469,"CB",0,"CB",0,"IFNgHIGH","C-section","Preterm",0,"cytof_B.cells",NA
"3155",382,2600164335,"1-6d",1,"1-6d",3,"IFNgHIGH","Vaginal","Term",0,"cytof_B.cells",NA
"3156",382,2600164468,"CB",0,"CB",0,"IFNgHIGH","Vaginal","Term",0,"cytof_B.cells",NA
"3157",386,2600164471,"1-6d",1,"1-6d",2,"IFNgHIGH","C-section","Preterm",0,"cytof_B.cells",NA
"3158",437,2600164476,"CB",0,"CB",0,"IFNgLOW","Vaginal","Preterm",1,"cytof_B.cells",NA
"3159",437,2600164346,"1-6d",1,"1-6d",4,"IFNgLOW","Vaginal","Preterm",1,"cytof_B.cells",NA
"3160",437,2600164378,"56-120dd",3,"56-120dd",76,"IFNgLOW","Vaginal","Preterm",1,"cytof_B.cells",NA
"3161",477,2600164470,"CB",0,"CB",0,"IFNgLOW","Vaginal","Term",0,"cytof_B.cells",NA
"3162",477,2600164345,"1-6d",1,"1-6d",4,"IFNgLOW","Vaginal","Term",0,"cytof_B.cells",NA
"3163",480,2600164474,"CB",0,"CB",0,"IFNgHIGH","Vaginal","Term",0,"cytof_B.cells",NA
"3164",480,2600164356,"1-6d",1,"1-6d",1,"IFNgHIGH","Vaginal","Term",0,"cytof_B.cells",NA
"3165",488,2600164478,"1-6d",1,"1-6d",3,"IFNgLOW","Vaginal","Term",0,"cytof_B.cells",NA
"3166",488,2600164372,"1-6d",1,"1-6d",2,"IFNgLOW","Vaginal","Term",0,"cytof_B.cells",NA
"3167",492,2600164373,"1-6d",1,"1-6d",2,"IFNgHIGH","Vaginal","Term",1,"cytof_B.cells",NA
"3168",492,2600100553,"CB",0,"CB",0,"IFNgHIGH","Vaginal","Term",1,"cytof_B.cells",NA
"3169",508,2600164368,"1-6d",1,"1-6d",2,"IFNgLOW","C-section","Preterm",0,"cytof_B.cells",NA
"3170",508,2600164473,"CB",0,"CB",0,"IFNgLOW","C-section","Preterm",0,"cytof_B.cells",NA
"3171",522,2600164496,"CB",0,"CB",0,"IFNgHIGH","Vaginal","Term",0,"cytof_B.cells",NA
"3172",522,2600164397,"1-6d",1,"1-6d",3,"IFNgHIGH","Vaginal","Term",0,"cytof_B.cells",NA
"3173",522,2600164442,"56-120dd",3,"56-120dd",99,"IFNgHIGH","Vaginal","Term",0,"cytof_B.cells",NA
"3174",529,2600164502,"1-6d",1,"1-6d",1,"IFNgLOW","C-section","Preterm",0,"cytof_B.cells",NA
"3175",529,2600164407,"1-6d",1,"1-6d",2,"IFNgLOW","C-section","Preterm",0,"cytof_B.cells",NA
"3176",529,2600164409,"1-6d",1,"1-6d",6,"IFNgLOW","C-section","Preterm",0,"cytof_B.cells",NA
"3177",530,2600164408,"1-6d",1,"1-6d",6,"IFNgLOW","C-section","Preterm",0,"cytof_B.cells",NA
"3178",530,2600164405,"1-6d",1,"1-6d",2,"IFNgLOW","C-section","Preterm",0,"cytof_B.cells",NA
"3179",531,2600164406,"1-6d",1,"1-6d",2,"IFNgHIGH","C-section","Preterm",0,"cytof_B.cells",NA
"3180",531,2600164411,"1-6d",1,"1-6d",6,"IFNgHIGH","C-section","Preterm",0,"cytof_B.cells",NA
"3181",531,2600164499,"1-6d",1,"1-6d",1,"IFNgHIGH","C-section","Preterm",0,"cytof_B.cells",NA
"3182",532,2600164414,"1-6d",1,"1-6d",2,"IFNgHIGH","Vaginal","Term",0,"cytof_B.cells",NA
"3183",532,2600164503,"CB",0,"CB",0,"IFNgHIGH","Vaginal","Term",0,"cytof_B.cells",NA
"3184",533,2600164416,"1-6d",1,"1-6d",3,"IFNgHIGH","Vaginal","Term",0,"cytof_B.cells",NA
"3185",533,2600164504,"CB",0,"CB",0,"IFNgHIGH","Vaginal","Term",0,"cytof_B.cells",NA
"3186",534,2600164505,"CB",0,"CB",0,"IFNgHIGH","Vaginal","Term",1,"cytof_B.cells",NA
"3187",534,2600164415,"1-6d",1,"1-6d",2,"IFNgHIGH","Vaginal","Term",1,"cytof_B.cells",NA
"3188",537,2600164417,"1-6d",1,"1-6d",2,"IFNgHIGH","Vaginal","Term",0,"cytof_B.cells",NA
"3189",537,2600164506,"CB",0,"CB",0,"IFNgHIGH","Vaginal","Term",0,"cytof_B.cells",NA
"3190",542,2600164452,"1-6d",1,"1-6d",6,"IFNgLOW","C-section","Preterm",0,"cytof_B.cells",NA
"3191",542,2600164513,"CB",0,"CB",0,"IFNgLOW","C-section","Preterm",0,"cytof_B.cells",NA
"3192",545,2600164514,"CB",0,"CB",0,"IFNgLOW","C-section","Preterm",0,"cytof_B.cells",NA
"3193",15,2600100700,"CB",0,"CB",0,"IFNgHIGH","Vaginal","Term",1,"cytof_Eosinophils",0.071301247771836
"3194",15,2600100490,"1-6d",1,"1-6d",2,"IFNgHIGH","Vaginal","Term",1,"cytof_Eosinophils",0.0794646591384358
"3195",18,2600100486,"1-6d",1,"1-6d",2,"IFNgHIGH","Vaginal","Term",1,"cytof_Eosinophils",5.05050505050505
"3196",18,2600100707,"CB",0,"CB",0,"IFNgHIGH","Vaginal","Term",1,"cytof_Eosinophils",4.73186119873816
"3197",28,2600100706,"CB",0,"CB",0,"IFNgHIGH","Vaginal","Term",0,"cytof_Eosinophils",2.26804123711341
"3198",28,2600100503,"1-6d",1,"1-6d",5,"IFNgHIGH","Vaginal","Term",0,"cytof_Eosinophils",3.57142857142858
"3199",42,2600100429,"56-120dd",3,"56-120dd",108,"IFNgLOW","Vaginal","Term",1,"cytof_Eosinophils",7.30332967435054
"3200",42,2600100480,"1-6d",1,"1-6d",3,"IFNgLOW","Vaginal","Term",1,"cytof_Eosinophils",7.68865967158692
"3201",42,2600100343,"56-120dd",3,"56-120dd",63,"IFNgLOW","Vaginal","Term",1,"cytof_Eosinophils",10.1538461538462
"3202",42,2600100696,"CB",0,"CB",0,"IFNgLOW","Vaginal","Term",1,"cytof_Eosinophils",8.59085290482078
"3203",80,2600100695,"CB",0,"CB",0,"IFNgHIGH","C-section","Term",1,"cytof_Eosinophils",9.60486322188449
"3204",80,2600100485,"1-6d",1,"1-6d",4,"IFNgHIGH","C-section","Term",1,"cytof_Eosinophils",16.9194017449106
"3205",88,66600203,"56-120dd",3,"56-120dd",105,"IFNgLOW","Vaginal","Term",0,"cytof_Eosinophils",NA
"3206",93,66600194,"56-120dd",3,"56-120dd",105,"IFNgLOW","Vaginal","Term",0,"cytof_Eosinophils",NA
"3207",101,66600197,"56-120dd",3,"56-120dd",113,"IFNgLOW","Vaginal","Term",1,"cytof_Eosinophils",NA
"3208",104,66600202,"56-120dd",3,"56-120dd",71,"IFNgLOW","Vaginal","Term",1,"cytof_Eosinophils",NA
"3209",107,66600241,"1-6d",1,"1-6d",4,"IFNgLOW","Vaginal","Term",1,"cytof_Eosinophils",1.65656934819583
"3210",107,66600231,"CB",0,"CB",0,"IFNgLOW","Vaginal","Term",1,"cytof_Eosinophils",1.85899299980192
"3211",107,66627239,"56-120dd",3,"56-120dd",94,"IFNgLOW","Vaginal","Term",1,"cytof_Eosinophils",1.38627611893189
"3212",110,66627240,"56-120dd",3,"56-120dd",85,"IFNgLOW","Vaginal","Term",1,"cytof_Eosinophils",2.83691074282384
"3213",110,66600235,"CB",0,"CB",0,"IFNgLOW","Vaginal","Term",1,"cytof_Eosinophils",2.2379506228614
"3214",110,66600233,"1-6d",1,"1-6d",2,"IFNgLOW","Vaginal","Term",1,"cytof_Eosinophils",3.67115677695295
"3215",113,66593911,"1-6d",1,"1-6d",2,"IFNgLOW","Vaginal","Term",0,"cytof_Eosinophils",NA
"3216",113,66600237,"CB",0,"CB",0,"IFNgLOW","Vaginal","Term",0,"cytof_Eosinophils",NA
"3217",116,66627285,"1-6d",1,"1-6d",3,"IFNgLOW","Vaginal","Term",1,"cytof_Eosinophils",NA
"3218",116,66627428,"CB",0,"CB",0,"IFNgLOW","Vaginal","Term",1,"cytof_Eosinophils",NA
"3219",119,66627306,"1-6d",1,"1-6d",3,"IFNgLOW","Vaginal","Term",1,"cytof_Eosinophils",NA
"3220",119,66627297,"56-120dd",3,"56-120dd",112,"IFNgLOW","Vaginal","Term",1,"cytof_Eosinophils",NA
"3221",119,66627429,"CB",0,"CB",0,"IFNgLOW","Vaginal","Term",1,"cytof_Eosinophils",NA
"3222",122,66627275,"1-6d",1,"1-6d",3,"IFNgLOW","Vaginal","Term",0,"cytof_Eosinophils",NA
"3223",122,66627435,"CB",0,"CB",0,"IFNgLOW","Vaginal","Term",0,"cytof_Eosinophils",NA
"3224",126,2600100694,"CB",0,"CB",0,"IFNgHIGH","C-section","Term",0,"cytof_Eosinophils",25.8658841639407
"3225",126,2600100446,"56-120dd",3,"56-120dd",95,"IFNgHIGH","C-section","Term",0,"cytof_Eosinophils",9.36204006000177
"3226",126,2600100479,"1-6d",1,"1-6d",2,"IFNgHIGH","C-section","Term",0,"cytof_Eosinophils",37.4799881411207
"3227",129,2600100693,"CB",0,"CB",0,"IFNgHIGH","Vaginal","Term",1,"cytof_Eosinophils",6.19482096557156
"3228",129,2600100472,"1-6d",1,"1-6d",3,"IFNgHIGH","Vaginal","Term",1,"cytof_Eosinophils",14.8355360385086
"3229",141,2600100690,"CB",0,"CB",0,"IFNgLOW","Vaginal","Term",1,"cytof_Eosinophils",3.16470664115408
"3230",141,2600100443,"56-120dd",3,"56-120dd",85,"IFNgLOW","Vaginal","Term",1,"cytof_Eosinophils",7.16208830138262
"3231",141,2600100475,"1-6d",1,"1-6d",2,"IFNgLOW","Vaginal","Term",1,"cytof_Eosinophils",10.7814079988842
"3232",144,2600100686,"CB",0,"CB",0,"IFNgLOW","Vaginal","Term",0,"cytof_Eosinophils",22.2150259067358
"3233",144,2600100483,"1-6d",1,"1-6d",2,"IFNgLOW","Vaginal","Term",0,"cytof_Eosinophils",17.5339539142378
"3234",144,2600100439,"56-120dd",3,"56-120dd",79,"IFNgLOW","Vaginal","Term",0,"cytof_Eosinophils",5.98669623059868
"3235",147,2600100687,"CB",0,"CB",0,"IFNgLOW","C-section","Term",1,"cytof_Eosinophils",5.81039755351682
"3236",147,2600100430,"56-120dd",3,"56-120dd",77,"IFNgLOW","C-section","Term",1,"cytof_Eosinophils",4.61333333333333
"3237",147,2600100468,"1-6d",1,"1-6d",2,"IFNgLOW","C-section","Term",1,"cytof_Eosinophils",5.42118432026688
"3238",150,2600100684,"CB",0,"CB",0,"IFNgHIGH","C-section","Term",1,"cytof_Eosinophils",9.47847682119206
"3239",150,2600100469,"1-6d",1,"1-6d",3,"IFNgHIGH","C-section","Term",1,"cytof_Eosinophils",11.2332531776022
"3240",153,2600100470,"1-6d",1,"1-6d",2,"IFNgLOW","C-section","Term",0,"cytof_Eosinophils",4.86818021258148
"3241",153,2600100426,"56-120dd",3,"56-120dd",78,"IFNgLOW","C-section","Term",0,"cytof_Eosinophils",4.39279328840601
"3242",153,2600100685,"CB",0,"CB",0,"IFNgLOW","C-section","Term",0,"cytof_Eosinophils",6.73028433996664
"3243",162,2600100425,"56-120dd",3,"56-120dd",69,"IFNgLOW","C-section","Term",0,"cytof_Eosinophils",4.42708333333333
"3244",162,2600100683,"CB",0,"CB",0,"IFNgLOW","C-section","Term",0,"cytof_Eosinophils",12.1357285429142
"3245",162,2600100341,"1-6d",1,"1-6d",2,"IFNgLOW","C-section","Term",0,"cytof_Eosinophils",8.72693149827964
"3246",165,2600100680,"CB",0,"CB",0,"IFNgHIGH","Vaginal","Term",0,"cytof_Eosinophils",15.9755512943433
"3247",165,2600100477,"1-6d",1,"1-6d",2,"IFNgHIGH","Vaginal","Term",0,"cytof_Eosinophils",16.5165779778961
"3248",168,2600100679,"CB",0,"CB",0,"IFNgHIGH","Vaginal","Term",0,"cytof_Eosinophils",14.5763469707131
"3249",168,2600100467,"1-6d",1,"1-6d",2,"IFNgHIGH","Vaginal","Term",0,"cytof_Eosinophils",12.9820417803477
"3250",174,2600100626,"CB",0,"CB",0,"IFNgHIGH","C-section","Term",1,"cytof_Eosinophils",3.6956215683514
"3251",174,2600100463,"1-6d",1,"1-6d",2,"IFNgHIGH","C-section","Term",1,"cytof_Eosinophils",4.88118175979447
"3252",177,2600100462,"1-6d",1,"1-6d",2,"IFNgHIGH","C-section","Term",1,"cytof_Eosinophils",7.00243994366309
"3253",177,2600100675,"CB",0,"CB",0,"IFNgHIGH","C-section","Term",1,"cytof_Eosinophils",9.08890624687055
"3254",180,2600100466,"1-6d",1,"1-6d",2,"IFNgLOW","C-section","Term",0,"cytof_Eosinophils",3.00067430883345
"3255",180,2600100356,"56-120dd",3,"56-120dd",118,"IFNgLOW","C-section","Term",0,"cytof_Eosinophils",2.82952133930677
"3256",180,2600100677,"CB",0,"CB",0,"IFNgLOW","C-section","Term",0,"cytof_Eosinophils",2.89094150056717
"3257",189,2600100453,"1-6d",1,"1-6d",6,"IFNgLOW","C-section","Preterm",1,"cytof_Eosinophils",1.02043065259075
"3258",189,2600100666,"CB",0,"CB",0,"IFNgLOW","C-section","Preterm",1,"cytof_Eosinophils",1.94489372196795
"3259",203,66600227,"56-120dd",3,"56-120dd",84,"IFNgLOW","C-section","Preterm",0,"cytof_Eosinophils",NA
"3260",204,66600193,"1-6d",1,"1-6d",2,"IFNgLOW","C-section","Preterm",1,"cytof_Eosinophils",NA
"3261",204,66600238,"56-120dd",3,"56-120dd",89,"IFNgLOW","C-section","Preterm",1,"cytof_Eosinophils",NA
"3262",205,66600239,"56-120dd",3,"56-120dd",89,"IFNgLOW","C-section","Preterm",0,"cytof_Eosinophils",NA
"3263",205,66600192,"1-6d",1,"1-6d",2,"IFNgLOW","C-section","Preterm",0,"cytof_Eosinophils",NA
"3264",206,66600240,"56-120dd",3,"56-120dd",83,"IFNgLOW","Vaginal","Preterm",1,"cytof_Eosinophils",NA
"3265",210,66600164,"1-6d",1,"1-6d",6,"IFNgLOW","C-section","Preterm",1,"cytof_Eosinophils",NA
"3266",210,66627234,"56-120dd",3,"56-120dd",67,"IFNgLOW","C-section","Preterm",1,"cytof_Eosinophils",NA
"3267",210,66600210,"CB",0,"CB",0,"IFNgLOW","C-section","Preterm",1,"cytof_Eosinophils",NA
"3268",211,66627244,"56-120dd",3,"56-120dd",86,"IFNgLOW","C-section","Preterm",0,"cytof_Eosinophils",NA
"3269",211,66600168,"CB",0,"CB",0,"IFNgLOW","C-section","Preterm",0,"cytof_Eosinophils",NA
"3270",211,66600224,"1-6d",1,"1-6d",3,"IFNgLOW","C-section","Preterm",0,"cytof_Eosinophils",NA
"3271",212,66627412,"CB",0,"CB",0,"IFNgLOW","C-section","Preterm",0,"cytof_Eosinophils",NA
"3272",212,66627215,"1-6d",1,"1-6d",3,"IFNgLOW","C-section","Preterm",0,"cytof_Eosinophils",NA
"3273",213,66627411,"CB",0,"CB",0,"IFNgLOW","C-section","Preterm",0,"cytof_Eosinophils",NA
"3274",213,66627214,"1-6d",1,"1-6d",3,"IFNgLOW","C-section","Preterm",0,"cytof_Eosinophils",NA
"3275",213,66627246,"56-120dd",3,"56-120dd",86,"IFNgLOW","C-section","Preterm",0,"cytof_Eosinophils",NA
"3276",214,66627410,"CB",0,"CB",0,"IFNgLOW","C-section","Preterm",1,"cytof_Eosinophils",NA
"3277",214,66627213,"1-6d",1,"1-6d",3,"IFNgLOW","C-section","Preterm",1,"cytof_Eosinophils",NA
"3278",214,66627247,"56-120dd",3,"56-120dd",86,"IFNgLOW","C-section","Preterm",1,"cytof_Eosinophils",NA
"3279",215,66627218,"1-6d",1,"1-6d",3,"IFNgLOW","C-section","Preterm",0,"cytof_Eosinophils",NA
"3280",215,66627501,"CB",0,"CB",0,"IFNgLOW","C-section","Preterm",0,"cytof_Eosinophils",NA
"3281",215,66627254,"56-120dd",3,"56-120dd",95,"IFNgLOW","C-section","Preterm",0,"cytof_Eosinophils",NA
"3282",216,66627219,"1-6d",1,"1-6d",3,"IFNgLOW","C-section","Preterm",1,"cytof_Eosinophils",NA
"3283",216,66627248,"56-120dd",3,"56-120dd",81,"IFNgLOW","C-section","Preterm",1,"cytof_Eosinophils",NA
"3284",216,66627503,"CB",0,"CB",0,"IFNgLOW","C-section","Preterm",1,"cytof_Eosinophils",NA
"3285",216,66627221,"CB",0,"CB",0,"IFNgLOW","C-section","Preterm",1,"cytof_Eosinophils",NA
"3286",217,66627217,"1-6d",1,"1-6d",3,"IFNgLOW","C-section","Preterm",1,"cytof_Eosinophils",NA
"3287",217,66627249,"56-120dd",3,"56-120dd",81,"IFNgLOW","C-section","Preterm",1,"cytof_Eosinophils",NA
"3288",217,66627504,"CB",0,"CB",0,"IFNgLOW","C-section","Preterm",1,"cytof_Eosinophils",NA
"3289",217,66627222,"CB",0,"CB",0,"IFNgLOW","C-section","Preterm",1,"cytof_Eosinophils",NA
"3290",218,66627229,"1-6d",1,"1-6d",4,"IFNgLOW","Vaginal","Preterm",0,"cytof_Eosinophils",3.5245680064877
"3291",218,66627256,"56-120dd",3,"56-120dd",104,"IFNgLOW","Vaginal","Preterm",0,"cytof_Eosinophils",2.59575640672361
"3292",219,66627230,"1-6d",1,"1-6d",4,"IFNgLOW","C-section","Preterm",0,"cytof_Eosinophils",10.0209937018894
"3293",219,66627413,"CB",0,"CB",0,"IFNgLOW","C-section","Preterm",0,"cytof_Eosinophils",6.96156635242929
"3294",219,66627255,"56-120dd",3,"56-120dd",81,"IFNgLOW","C-section","Preterm",0,"cytof_Eosinophils",5.07302593854353
"3295",220,66627235,"1-6d",1,"1-6d",5,"IFNgLOW","C-section","Preterm",0,"cytof_Eosinophils",NA
"3296",220,66627414,"CB",0,"CB",0,"IFNgLOW","C-section","Preterm",0,"cytof_Eosinophils",NA
"3297",220,66627257,"56-120dd",3,"56-120dd",90,"IFNgLOW","C-section","Preterm",0,"cytof_Eosinophils",NA
"3298",221,66627261,"56-120dd",3,"56-120dd",104,"IFNgLOW","C-section","Preterm",0,"cytof_Eosinophils",NA
"3299",221,66627415,"CB",0,"CB",0,"IFNgLOW","C-section","Preterm",0,"cytof_Eosinophils",NA
"3300",221,66627241,"1-6d",1,"1-6d",2,"IFNgLOW","C-section","Preterm",0,"cytof_Eosinophils",NA
"3301",223,66627418,"1-6d",1,"1-6d",1,"IFNgLOW","C-section","Preterm",0,"cytof_Eosinophils",22.0118253915864
"3302",223,66627267,"56-120dd",3,"56-120dd",79,"IFNgLOW","C-section","Preterm",0,"cytof_Eosinophils",0.654541941405212
"3303",223,66627251,"1-6d",1,"1-6d",3,"IFNgLOW","C-section","Preterm",0,"cytof_Eosinophils",12.4610302706801
"3304",224,66627258,"1-6d",1,"1-6d",5,"IFNgLOW","C-section","Preterm",1,"cytof_Eosinophils",2.15675960021041
"3305",225,66627259,"1-6d",1,"1-6d",6,"IFNgLOW","C-section","Preterm",1,"cytof_Eosinophils",5.94887271436179
"3306",225,66627500,"CB",0,"CB",0,"IFNgLOW","C-section","Preterm",1,"cytof_Eosinophils",3.83604942325848
"3307",226,66627498,"CB",0,"CB",0,"IFNgLOW","C-section","Preterm",1,"cytof_Eosinophils",NA
"3308",226,66627270,"1-6d",1,"1-6d",2,"IFNgLOW","C-section","Preterm",1,"cytof_Eosinophils",NA
"3309",230,66627425,"CB",0,"CB",0,"IFNgLOW","C-section","Preterm",0,"cytof_Eosinophils",NA
"3310",230,66600169,"1-6d",1,"1-6d",6,"IFNgLOW","C-section","Preterm",0,"cytof_Eosinophils",NA
"3311",230,66600236,"56-120dd",3,"56-120dd",76,"IFNgLOW","C-section","Preterm",0,"cytof_Eosinophils",NA
"3312",267,2600100465,"1-6d",1,"1-6d",2,"IFNgLOW","C-section","Term",0,"cytof_Eosinophils",19.7779319916725
"3313",267,2600100353,"56-120dd",3,"56-120dd",118,"IFNgLOW","C-section","Term",0,"cytof_Eosinophils",4.99831138129011
"3314",267,2600100678,"CB",0,"CB",0,"IFNgLOW","C-section","Term",0,"cytof_Eosinophils",15.9350571256765
"3315",270,2600100674,"CB",0,"CB",0,"IFNgHIGH","C-section","Term",0,"cytof_Eosinophils",11.9933370349806
"3316",270,2600100460,"1-6d",1,"1-6d",2,"IFNgHIGH","C-section","Term",0,"cytof_Eosinophils",23.9648222792231
"3317",273,2600100673,"CB",0,"CB",0,"IFNgLOW","C-section","Term",1,"cytof_Eosinophils",6.89061154177434
"3318",273,2600100461,"1-6d",1,"1-6d",2,"IFNgLOW","C-section","Term",1,"cytof_Eosinophils",7.7319587628866
"3319",276,2600100671,"CB",0,"CB",0,"IFNgHIGH","C-section","Term",1,"cytof_Eosinophils",2.3430659138259
"3320",276,2600100458,"1-6d",1,"1-6d",2,"IFNgHIGH","C-section","Term",1,"cytof_Eosinophils",1.96369913923322
"3321",282,2600100669,"CB",0,"CB",0,"IFNgHIGH","Vaginal","Term",1,"cytof_Eosinophils",1.54236874236875
"3322",282,2600100456,"1-6d",1,"1-6d",2,"IFNgHIGH","Vaginal","Term",1,"cytof_Eosinophils",4.25949767604251
"3323",285,2600100350,"56-120dd",3,"56-120dd",86,"IFNgHIGH","Vaginal","Term",0,"cytof_Eosinophils",2.70689835107493
"3324",285,2600100455,"1-6d",1,"1-6d",2,"IFNgHIGH","Vaginal","Term",0,"cytof_Eosinophils",3.1673146534388
"3325",285,2600100668,"CB",0,"CB",0,"IFNgHIGH","Vaginal","Term",0,"cytof_Eosinophils",2.33896330809551
"3326",290,2600100447,"1-6d",1,"1-6d",3,"IFNgHIGH","Vaginal","Term",0,"cytof_Eosinophils",4.63527985451607
"3327",290,2600100405,"56-120dd",3,"56-120dd",94,"IFNgHIGH","Vaginal","Term",0,"cytof_Eosinophils",0.964183576195015
"3328",290,2600100664,"CB",0,"CB",0,"IFNgHIGH","Vaginal","Term",0,"cytof_Eosinophils",3.85619469026548
"3329",293,2600100410,"56-120dd",3,"56-120dd",86,"IFNgLOW","Vaginal","Term",1,"cytof_Eosinophils",0.230206224052308
"3330",293,2600100421,"1-6d",1,"1-6d",2,"IFNgLOW","Vaginal","Term",1,"cytof_Eosinophils",1.78566214045846
"3331",293,2600100662,"CB",0,"CB",0,"IFNgLOW","Vaginal","Term",1,"cytof_Eosinophils",0.7976142020727
"3332",297,2600100361,"1-6d",1,"1-6d",2,"IFNgHIGH","Vaginal","Term",1,"cytof_Eosinophils",2.77127244340359
"3333",297,2600100519,"CB",0,"CB",0,"IFNgHIGH","Vaginal","Term",1,"cytof_Eosinophils",1.71587625960115
"3334",299,2600100363,"1-6d",1,"1-6d",2,"IFNgHIGH","Vaginal","Term",1,"cytof_Eosinophils",15.0513478818999
"3335",299,2600100520,"CB",0,"CB",0,"IFNgHIGH","Vaginal","Term",1,"cytof_Eosinophils",5.13813333333333
"3336",302,2600100364,"1-6d",1,"1-6d",3,"IFNgHIGH","Vaginal","Term",1,"cytof_Eosinophils",6.296992481203
"3337",302,2600100521,"CB",0,"CB",0,"IFNgHIGH","Vaginal","Term",1,"cytof_Eosinophils",3.5933982812201
"3338",305,2600100411,"56-120dd",3,"56-120dd",77,"IFNgHIGH","Vaginal","Term",1,"cytof_Eosinophils",1.72964260252317
"3339",305,2600100371,"1-6d",1,"1-6d",3,"IFNgHIGH","Vaginal","Term",1,"cytof_Eosinophils",5.25751736361576
"3340",305,2600100522,"CB",0,"CB",0,"IFNgHIGH","Vaginal","Term",1,"cytof_Eosinophils",2.34613040828763
"3341",308,2600100374,"1-6d",1,"1-6d",3,"IFNgHIGH","Vaginal","Term",1,"cytof_Eosinophils",6.86401480111009
"3342",308,2600100523,"CB",0,"CB",0,"IFNgHIGH","Vaginal","Term",1,"cytof_Eosinophils",2.12765957446809
"3343",311,2600164329,"56-120dd",3,"56-120dd",119,"IFNgHIGH","Vaginal","Term",0,"cytof_Eosinophils",3.66066240557815
"3344",311,2600100369,"1-6d",1,"1-6d",2,"IFNgHIGH","Vaginal","Term",0,"cytof_Eosinophils",5.50375939849624
"3345",311,2600100524,"CB",0,"CB",0,"IFNgHIGH","Vaginal","Term",0,"cytof_Eosinophils",3.21590258625175
"3346",324,2600100347,"1-6d",1,"1-6d",6,"IFNgLOW","Vaginal","Preterm",1,"cytof_Eosinophils",2.44147813711538
"3347",324,2600100517,"CB",0,"CB",0,"IFNgLOW","Vaginal","Preterm",1,"cytof_Eosinophils",0.843520782396089
"3348",332,2600100376,"1-6d",1,"1-6d",2,"IFNgHIGH","Vaginal","Term",0,"cytof_Eosinophils",4.1822429906542
"3349",332,2600100525,"CB",0,"CB",0,"IFNgHIGH","Vaginal","Term",0,"cytof_Eosinophils",1.45645520477308
"3350",334,2600100377,"1-6d",1,"1-6d",5,"IFNgLOW","Vaginal","Term",0,"cytof_Eosinophils",5.23219559257821
"3351",334,2600100526,"CB",0,"CB",0,"IFNgLOW","Vaginal","Term",0,"cytof_Eosinophils",5.81400550200174
"3352",337,2600100688,"CB",0,"CB",0,"IFNgLOW","Vaginal","Term",1,"cytof_Eosinophils",3.69952406653256
"3353",337,2600100471,"1-6d",1,"1-6d",5,"IFNgLOW","Vaginal","Term",1,"cytof_Eosinophils",9.37922573989656
"3354",337,2600100431,"56-120dd",3,"56-120dd",83,"IFNgLOW","Vaginal","Term",1,"cytof_Eosinophils",4.89568614412766
"3355",340,2600100380,"1-6d",1,"1-6d",3,"IFNgHIGH","Vaginal","Term",0,"cytof_Eosinophils",2.92649098474342
"3356",340,2600164340,"56-120dd",3,"56-120dd",104,"IFNgHIGH","Vaginal","Term",0,"cytof_Eosinophils",1.79669796050502
"3357",340,2600100528,"CB",0,"CB",0,"IFNgHIGH","Vaginal","Term",0,"cytof_Eosinophils",1.89245087900724
"3358",343,2600100378,"1-6d",1,"1-6d",6,"IFNgLOW","Vaginal","Preterm",0,"cytof_Eosinophils",1.86079821324529
"3359",343,2600100527,"1-6d",1,"1-6d",1,"IFNgLOW","Vaginal","Preterm",0,"cytof_Eosinophils",0.347750109218
"3360",343,2600164342,"56-120dd",3,"56-120dd",112,"IFNgLOW","Vaginal","Preterm",0,"cytof_Eosinophils",0.511582221494639
"3361",347,2600100538,"CB",0,"CB",0,"IFNgLOW","C-section","Preterm",1,"cytof_Eosinophils",0.253069781371668
"3362",347,2600100413,"1-6d",1,"1-6d",5,"IFNgLOW","C-section","Preterm",1,"cytof_Eosinophils",6.44348781828174
"3363",347,2600164338,"56-120dd",3,"56-120dd",74,"IFNgLOW","C-section","Preterm",1,"cytof_Eosinophils",1.66814634830148
"3364",350,2600164314,"1-6d",1,"1-6d",5,"IFNgLOW","C-section","Preterm",1,"cytof_Eosinophils",4.76950278149122
"3365",350,2600164465,"1-6d",1,"1-6d",2,"IFNgLOW","C-section","Preterm",1,"cytof_Eosinophils",1.05183598916672
"3366",356,2600164316,"1-6d",1,"1-6d",2,"IFNgLOW","C-section","Preterm",1,"cytof_Eosinophils",1.63553530751708
"3367",356,2600164464,"CB",0,"CB",0,"IFNgLOW","C-section","Preterm",1,"cytof_Eosinophils",0.079766318391192
"3368",356,2600164343,"56-120dd",3,"56-120dd",58,"IFNgLOW","C-section","Preterm",1,"cytof_Eosinophils",12.587652676918
"3369",357,2600164461,"CB",0,"CB",0,"IFNgHIGH","Vaginal","Term",1,"cytof_Eosinophils",0.737286533492973
"3370",357,2600164353,"56-120dd",3,"56-120dd",92,"IFNgHIGH","Vaginal","Term",1,"cytof_Eosinophils",2.94033685412504
"3371",357,2600164322,"1-6d",1,"1-6d",3,"IFNgHIGH","Vaginal","Term",1,"cytof_Eosinophils",2.91893856779353
"3372",363,2600164325,"1-6d",1,"1-6d",2,"IFNgLOW","Vaginal","Term",1,"cytof_Eosinophils",3.93142181495714
"3373",363,2600164467,"CB",0,"CB",0,"IFNgLOW","Vaginal","Term",1,"cytof_Eosinophils",3.54074762015324
"3374",366,2600164367,"56-120dd",3,"56-120dd",92,"IFNgHIGH","Vaginal","Term",1,"cytof_Eosinophils",6.64668848494408
"3375",366,2600164320,"1-6d",1,"1-6d",2,"IFNgHIGH","Vaginal","Term",1,"cytof_Eosinophils",4.82708250336729
"3376",366,2600100547,"CB",0,"CB",0,"IFNgHIGH","Vaginal","Term",1,"cytof_Eosinophils",6.61253980372805
"3377",367,2600100548,"CB",0,"CB",0,"IFNgHIGH","Vaginal","Term",1,"cytof_Eosinophils",4.65566940387084
"3378",367,2600164323,"1-6d",1,"1-6d",2,"IFNgHIGH","Vaginal","Term",1,"cytof_Eosinophils",6.14373582169836
"3379",376,2600100550,"1-6d",1,"1-6d",2,"IFNgLOW","C-section","Preterm",0,"cytof_Eosinophils",0.0524943885308811
"3380",376,2600164331,"1-6d",1,"1-6d",5,"IFNgLOW","C-section","Preterm",0,"cytof_Eosinophils",1.74135128859995
"3381",379,2600164336,"1-6d",1,"1-6d",4,"IFNgHIGH","C-section","Preterm",0,"cytof_Eosinophils",7.17035611164581
"3382",379,2600164469,"CB",0,"CB",0,"IFNgHIGH","C-section","Preterm",0,"cytof_Eosinophils",0.607220729171949
"3383",382,2600164335,"1-6d",1,"1-6d",3,"IFNgHIGH","Vaginal","Term",0,"cytof_Eosinophils",6.78709329821306
"3384",382,2600164468,"CB",0,"CB",0,"IFNgHIGH","Vaginal","Term",0,"cytof_Eosinophils",2.86361388071747
"3385",386,2600164471,"1-6d",1,"1-6d",2,"IFNgHIGH","C-section","Preterm",0,"cytof_Eosinophils",0.831674293938689
"3386",437,2600164476,"CB",0,"CB",0,"IFNgLOW","Vaginal","Preterm",1,"cytof_Eosinophils",4.41570563969769
"3387",437,2600164346,"1-6d",1,"1-6d",4,"IFNgLOW","Vaginal","Preterm",1,"cytof_Eosinophils",3.06490866786125
"3388",437,2600164378,"56-120dd",3,"56-120dd",76,"IFNgLOW","Vaginal","Preterm",1,"cytof_Eosinophils",2.86185626165543
"3389",477,2600164470,"CB",0,"CB",0,"IFNgLOW","Vaginal","Term",0,"cytof_Eosinophils",7.40008473379467
"3390",477,2600164345,"1-6d",1,"1-6d",4,"IFNgLOW","Vaginal","Term",0,"cytof_Eosinophils",8.00161853219362
"3391",480,2600164474,"CB",0,"CB",0,"IFNgHIGH","Vaginal","Term",0,"cytof_Eosinophils",1.5666593401226
"3392",480,2600164356,"1-6d",1,"1-6d",1,"IFNgHIGH","Vaginal","Term",0,"cytof_Eosinophils",3.53102076339675
"3393",488,2600164478,"1-6d",1,"1-6d",3,"IFNgLOW","Vaginal","Term",0,"cytof_Eosinophils",1.17226351633501
"3394",488,2600164372,"1-6d",1,"1-6d",2,"IFNgLOW","Vaginal","Term",0,"cytof_Eosinophils",3.50282353766471
"3395",492,2600164373,"1-6d",1,"1-6d",2,"IFNgHIGH","Vaginal","Term",1,"cytof_Eosinophils",1.69376693766937
"3396",492,2600100553,"CB",0,"CB",0,"IFNgHIGH","Vaginal","Term",1,"cytof_Eosinophils",1.89396421783865
"3397",508,2600164368,"1-6d",1,"1-6d",2,"IFNgLOW","C-section","Preterm",0,"cytof_Eosinophils",3.87311000563629
"3398",508,2600164473,"CB",0,"CB",0,"IFNgLOW","C-section","Preterm",0,"cytof_Eosinophils",5.10476614416076
"3399",522,2600164496,"CB",0,"CB",0,"IFNgHIGH","Vaginal","Term",0,"cytof_Eosinophils",6.61051789060083
"3400",522,2600164397,"1-6d",1,"1-6d",3,"IFNgHIGH","Vaginal","Term",0,"cytof_Eosinophils",4.47746602795972
"3401",522,2600164442,"56-120dd",3,"56-120dd",99,"IFNgHIGH","Vaginal","Term",0,"cytof_Eosinophils",6.18104602317315
"3402",529,2600164502,"1-6d",1,"1-6d",1,"IFNgLOW","C-section","Preterm",0,"cytof_Eosinophils",7.77388375585999
"3403",529,2600164407,"1-6d",1,"1-6d",2,"IFNgLOW","C-section","Preterm",0,"cytof_Eosinophils",0.48661800486618
"3404",529,2600164409,"1-6d",1,"1-6d",6,"IFNgLOW","C-section","Preterm",0,"cytof_Eosinophils",9.36059082867654
"3405",530,2600164408,"1-6d",1,"1-6d",6,"IFNgLOW","C-section","Preterm",0,"cytof_Eosinophils",4.46958270487682
"3406",530,2600164405,"1-6d",1,"1-6d",2,"IFNgLOW","C-section","Preterm",0,"cytof_Eosinophils",1.94270617903318
"3407",531,2600164406,"1-6d",1,"1-6d",2,"IFNgHIGH","C-section","Preterm",0,"cytof_Eosinophils",11.3284188355649
"3408",531,2600164411,"1-6d",1,"1-6d",6,"IFNgHIGH","C-section","Preterm",0,"cytof_Eosinophils",9.50310313475907
"3409",531,2600164499,"1-6d",1,"1-6d",1,"IFNgHIGH","C-section","Preterm",0,"cytof_Eosinophils",4.16184971098265
"3410",532,2600164414,"1-6d",1,"1-6d",2,"IFNgHIGH","Vaginal","Term",0,"cytof_Eosinophils",4.10052910052911
"3411",532,2600164503,"CB",0,"CB",0,"IFNgHIGH","Vaginal","Term",0,"cytof_Eosinophils",1.87654688883922
"3412",533,2600164416,"1-6d",1,"1-6d",3,"IFNgHIGH","Vaginal","Term",0,"cytof_Eosinophils",1.25709536357541
"3413",533,2600164504,"CB",0,"CB",0,"IFNgHIGH","Vaginal","Term",0,"cytof_Eosinophils",0.668205952140281
"3414",534,2600164505,"CB",0,"CB",0,"IFNgHIGH","Vaginal","Term",1,"cytof_Eosinophils",0.884526446855647
"3415",534,2600164415,"1-6d",1,"1-6d",2,"IFNgHIGH","Vaginal","Term",1,"cytof_Eosinophils",5.20589254059781
"3416",537,2600164417,"1-6d",1,"1-6d",2,"IFNgHIGH","Vaginal","Term",0,"cytof_Eosinophils",2.62037776004256
"3417",537,2600164506,"CB",0,"CB",0,"IFNgHIGH","Vaginal","Term",0,"cytof_Eosinophils",2.92771303909692
"3418",542,2600164452,"1-6d",1,"1-6d",6,"IFNgLOW","C-section","Preterm",0,"cytof_Eosinophils",4.36524324770794
"3419",542,2600164513,"CB",0,"CB",0,"IFNgLOW","C-section","Preterm",0,"cytof_Eosinophils",7.0926455616425
"3420",545,2600164514,"CB",0,"CB",0,"IFNgLOW","C-section","Preterm",0,"cytof_Eosinophils",17.0295797071957
"3421",15,2600100700,"CB",0,"CB",0,"IFNgHIGH","Vaginal","Term",1,"cytof_Neutrophil.Lymphocyte.ratio_log2",6.86415338330765
"3422",15,2600100490,"1-6d",1,"1-6d",2,"IFNgHIGH","Vaginal","Term",1,"cytof_Neutrophil.Lymphocyte.ratio_log2",6.8475793996671
"3423",18,2600100486,"1-6d",1,"1-6d",2,"IFNgHIGH","Vaginal","Term",1,"cytof_Neutrophil.Lymphocyte.ratio_log2",1.66649238621775
"3424",18,2600100707,"CB",0,"CB",0,"IFNgHIGH","Vaginal","Term",1,"cytof_Neutrophil.Lymphocyte.ratio_log2",2.361456459074
"3425",28,2600100706,"CB",0,"CB",0,"IFNgHIGH","Vaginal","Term",0,"cytof_Neutrophil.Lymphocyte.ratio_log2",2.40017954055173
"3426",28,2600100503,"1-6d",1,"1-6d",5,"IFNgHIGH","Vaginal","Term",0,"cytof_Neutrophil.Lymphocyte.ratio_log2",1.79163446393583
"3427",42,2600100429,"56-120dd",3,"56-120dd",108,"IFNgLOW","Vaginal","Term",1,"cytof_Neutrophil.Lymphocyte.ratio_log2",-0.624663766998234
"3428",42,2600100480,"1-6d",1,"1-6d",3,"IFNgLOW","Vaginal","Term",1,"cytof_Neutrophil.Lymphocyte.ratio_log2",-0.859392456656281
"3429",42,2600100343,"56-120dd",3,"56-120dd",63,"IFNgLOW","Vaginal","Term",1,"cytof_Neutrophil.Lymphocyte.ratio_log2",-2.58328005733411
"3430",42,2600100696,"CB",0,"CB",0,"IFNgLOW","Vaginal","Term",1,"cytof_Neutrophil.Lymphocyte.ratio_log2",0.977411677675011
"3431",80,2600100695,"CB",0,"CB",0,"IFNgHIGH","C-section","Term",1,"cytof_Neutrophil.Lymphocyte.ratio_log2",1.0503364741287
"3432",80,2600100485,"1-6d",1,"1-6d",4,"IFNgHIGH","C-section","Term",1,"cytof_Neutrophil.Lymphocyte.ratio_log2",0.333496507063293
"3433",88,66600203,"56-120dd",3,"56-120dd",105,"IFNgLOW","Vaginal","Term",0,"cytof_Neutrophil.Lymphocyte.ratio_log2",0.762045425347697
"3434",93,66600194,"56-120dd",3,"56-120dd",105,"IFNgLOW","Vaginal","Term",0,"cytof_Neutrophil.Lymphocyte.ratio_log2",-0.230634992928038
"3435",101,66600197,"56-120dd",3,"56-120dd",113,"IFNgLOW","Vaginal","Term",1,"cytof_Neutrophil.Lymphocyte.ratio_log2",0.311088104659143
"3436",104,66600202,"56-120dd",3,"56-120dd",71,"IFNgLOW","Vaginal","Term",1,"cytof_Neutrophil.Lymphocyte.ratio_log2",0.342404845274366
"3437",107,66600241,"1-6d",1,"1-6d",4,"IFNgLOW","Vaginal","Term",1,"cytof_Neutrophil.Lymphocyte.ratio_log2",NA
"3438",107,66600231,"CB",0,"CB",0,"IFNgLOW","Vaginal","Term",1,"cytof_Neutrophil.Lymphocyte.ratio_log2",NA
"3439",107,66627239,"56-120dd",3,"56-120dd",94,"IFNgLOW","Vaginal","Term",1,"cytof_Neutrophil.Lymphocyte.ratio_log2",NA
"3440",110,66627240,"56-120dd",3,"56-120dd",85,"IFNgLOW","Vaginal","Term",1,"cytof_Neutrophil.Lymphocyte.ratio_log2",NA
"3441",110,66600235,"CB",0,"CB",0,"IFNgLOW","Vaginal","Term",1,"cytof_Neutrophil.Lymphocyte.ratio_log2",NA
"3442",110,66600233,"1-6d",1,"1-6d",2,"IFNgLOW","Vaginal","Term",1,"cytof_Neutrophil.Lymphocyte.ratio_log2",NA
"3443",113,66593911,"1-6d",1,"1-6d",2,"IFNgLOW","Vaginal","Term",0,"cytof_Neutrophil.Lymphocyte.ratio_log2",NA
"3444",113,66600237,"CB",0,"CB",0,"IFNgLOW","Vaginal","Term",0,"cytof_Neutrophil.Lymphocyte.ratio_log2",NA
"3445",116,66627285,"1-6d",1,"1-6d",3,"IFNgLOW","Vaginal","Term",1,"cytof_Neutrophil.Lymphocyte.ratio_log2",NA
"3446",116,66627428,"CB",0,"CB",0,"IFNgLOW","Vaginal","Term",1,"cytof_Neutrophil.Lymphocyte.ratio_log2",NA
"3447",119,66627306,"1-6d",1,"1-6d",3,"IFNgLOW","Vaginal","Term",1,"cytof_Neutrophil.Lymphocyte.ratio_log2",0.382328780720729
"3448",119,66627297,"56-120dd",3,"56-120dd",112,"IFNgLOW","Vaginal","Term",1,"cytof_Neutrophil.Lymphocyte.ratio_log2",-2.65217622692963
"3449",119,66627429,"CB",0,"CB",0,"IFNgLOW","Vaginal","Term",1,"cytof_Neutrophil.Lymphocyte.ratio_log2",1.87580537002995
"3450",122,66627275,"1-6d",1,"1-6d",3,"IFNgLOW","Vaginal","Term",0,"cytof_Neutrophil.Lymphocyte.ratio_log2",0.420266597103838
"3451",122,66627435,"CB",0,"CB",0,"IFNgLOW","Vaginal","Term",0,"cytof_Neutrophil.Lymphocyte.ratio_log2",0.0183423110341946
"3452",126,2600100694,"CB",0,"CB",0,"IFNgHIGH","C-section","Term",0,"cytof_Neutrophil.Lymphocyte.ratio_log2",-1.54446860392252
"3453",126,2600100446,"56-120dd",3,"56-120dd",95,"IFNgHIGH","C-section","Term",0,"cytof_Neutrophil.Lymphocyte.ratio_log2",-3.65152603793444
"3454",126,2600100479,"1-6d",1,"1-6d",2,"IFNgHIGH","C-section","Term",0,"cytof_Neutrophil.Lymphocyte.ratio_log2",-1.29430146643322
"3455",129,2600100693,"CB",0,"CB",0,"IFNgHIGH","Vaginal","Term",1,"cytof_Neutrophil.Lymphocyte.ratio_log2",-1.57464603637418
"3456",129,2600100472,"1-6d",1,"1-6d",3,"IFNgHIGH","Vaginal","Term",1,"cytof_Neutrophil.Lymphocyte.ratio_log2",-0.0734526316067236
"3457",141,2600100690,"CB",0,"CB",0,"IFNgLOW","Vaginal","Term",1,"cytof_Neutrophil.Lymphocyte.ratio_log2",-0.408848511521081
"3458",141,2600100443,"56-120dd",3,"56-120dd",85,"IFNgLOW","Vaginal","Term",1,"cytof_Neutrophil.Lymphocyte.ratio_log2",-2.43275148120514
"3459",141,2600100475,"1-6d",1,"1-6d",2,"IFNgLOW","Vaginal","Term",1,"cytof_Neutrophil.Lymphocyte.ratio_log2",-1.21608446847956
"3460",144,2600100686,"CB",0,"CB",0,"IFNgLOW","Vaginal","Term",0,"cytof_Neutrophil.Lymphocyte.ratio_log2",-1.01072640659305
"3461",144,2600100483,"1-6d",1,"1-6d",2,"IFNgLOW","Vaginal","Term",0,"cytof_Neutrophil.Lymphocyte.ratio_log2",-0.392434987464552
"3462",144,2600100439,"56-120dd",3,"56-120dd",79,"IFNgLOW","Vaginal","Term",0,"cytof_Neutrophil.Lymphocyte.ratio_log2",-3.50532638460795
"3463",147,2600100687,"CB",0,"CB",0,"IFNgLOW","C-section","Term",1,"cytof_Neutrophil.Lymphocyte.ratio_log2",-0.513398180197234
"3464",147,2600100430,"56-120dd",3,"56-120dd",77,"IFNgLOW","C-section","Term",1,"cytof_Neutrophil.Lymphocyte.ratio_log2",-2.36739861140154
"3465",147,2600100468,"1-6d",1,"1-6d",2,"IFNgLOW","C-section","Term",1,"cytof_Neutrophil.Lymphocyte.ratio_log2",-1.80789576369126
"3466",150,2600100684,"CB",0,"CB",0,"IFNgHIGH","C-section","Term",1,"cytof_Neutrophil.Lymphocyte.ratio_log2",-0.301876689655901
"3467",150,2600100469,"1-6d",1,"1-6d",3,"IFNgHIGH","C-section","Term",1,"cytof_Neutrophil.Lymphocyte.ratio_log2",-0.509013647487858
"3468",153,2600100470,"1-6d",1,"1-6d",2,"IFNgLOW","C-section","Term",0,"cytof_Neutrophil.Lymphocyte.ratio_log2",-4.33354079283848
"3469",153,2600100426,"56-120dd",3,"56-120dd",78,"IFNgLOW","C-section","Term",0,"cytof_Neutrophil.Lymphocyte.ratio_log2",-3.96351824039104
"3470",153,2600100685,"CB",0,"CB",0,"IFNgLOW","C-section","Term",0,"cytof_Neutrophil.Lymphocyte.ratio_log2",-4.2358800479473
"3471",162,2600100425,"56-120dd",3,"56-120dd",69,"IFNgLOW","C-section","Term",0,"cytof_Neutrophil.Lymphocyte.ratio_log2",-4.41808051884385
"3472",162,2600100683,"CB",0,"CB",0,"IFNgLOW","C-section","Term",0,"cytof_Neutrophil.Lymphocyte.ratio_log2",-1.45219629760361
"3473",162,2600100341,"1-6d",1,"1-6d",2,"IFNgLOW","C-section","Term",0,"cytof_Neutrophil.Lymphocyte.ratio_log2",0.329232895510592
"3474",165,2600100680,"CB",0,"CB",0,"IFNgHIGH","Vaginal","Term",0,"cytof_Neutrophil.Lymphocyte.ratio_log2",-0.260730240774808
"3475",165,2600100477,"1-6d",1,"1-6d",2,"IFNgHIGH","Vaginal","Term",0,"cytof_Neutrophil.Lymphocyte.ratio_log2",1.20580953714084
"3476",168,2600100679,"CB",0,"CB",0,"IFNgHIGH","Vaginal","Term",0,"cytof_Neutrophil.Lymphocyte.ratio_log2",-1.49849840997168
"3477",168,2600100467,"1-6d",1,"1-6d",2,"IFNgHIGH","Vaginal","Term",0,"cytof_Neutrophil.Lymphocyte.ratio_log2",-0.410832956212872
"3478",174,2600100626,"CB",0,"CB",0,"IFNgHIGH","C-section","Term",1,"cytof_Neutrophil.Lymphocyte.ratio_log2",-0.235137612144674
"3479",174,2600100463,"1-6d",1,"1-6d",2,"IFNgHIGH","C-section","Term",1,"cytof_Neutrophil.Lymphocyte.ratio_log2",0.170955655697117
"3480",177,2600100462,"1-6d",1,"1-6d",2,"IFNgHIGH","C-section","Term",1,"cytof_Neutrophil.Lymphocyte.ratio_log2",-0.299871710902948
"3481",177,2600100675,"CB",0,"CB",0,"IFNgHIGH","C-section","Term",1,"cytof_Neutrophil.Lymphocyte.ratio_log2",-0.359314510777472
"3482",180,2600100466,"1-6d",1,"1-6d",2,"IFNgLOW","C-section","Term",0,"cytof_Neutrophil.Lymphocyte.ratio_log2",1.03682209329782
"3483",180,2600100356,"56-120dd",3,"56-120dd",118,"IFNgLOW","C-section","Term",0,"cytof_Neutrophil.Lymphocyte.ratio_log2",-2.51783043413332
"3484",180,2600100677,"CB",0,"CB",0,"IFNgLOW","C-section","Term",0,"cytof_Neutrophil.Lymphocyte.ratio_log2",1.1830216168115
"3485",189,2600100453,"1-6d",1,"1-6d",6,"IFNgLOW","C-section","Preterm",1,"cytof_Neutrophil.Lymphocyte.ratio_log2",-1.62854104275078
"3486",189,2600100666,"CB",0,"CB",0,"IFNgLOW","C-section","Preterm",1,"cytof_Neutrophil.Lymphocyte.ratio_log2",-3.20652816193288
"3487",203,66600227,"56-120dd",3,"56-120dd",84,"IFNgLOW","C-section","Preterm",0,"cytof_Neutrophil.Lymphocyte.ratio_log2",NA
"3488",204,66600193,"1-6d",1,"1-6d",2,"IFNgLOW","C-section","Preterm",1,"cytof_Neutrophil.Lymphocyte.ratio_log2",NA
"3489",204,66600238,"56-120dd",3,"56-120dd",89,"IFNgLOW","C-section","Preterm",1,"cytof_Neutrophil.Lymphocyte.ratio_log2",NA
"3490",205,66600239,"56-120dd",3,"56-120dd",89,"IFNgLOW","C-section","Preterm",0,"cytof_Neutrophil.Lymphocyte.ratio_log2",NA
"3491",205,66600192,"1-6d",1,"1-6d",2,"IFNgLOW","C-section","Preterm",0,"cytof_Neutrophil.Lymphocyte.ratio_log2",NA
"3492",206,66600240,"56-120dd",3,"56-120dd",83,"IFNgLOW","Vaginal","Preterm",1,"cytof_Neutrophil.Lymphocyte.ratio_log2",NA
"3493",210,66600164,"1-6d",1,"1-6d",6,"IFNgLOW","C-section","Preterm",1,"cytof_Neutrophil.Lymphocyte.ratio_log2",NA
"3494",210,66627234,"56-120dd",3,"56-120dd",67,"IFNgLOW","C-section","Preterm",1,"cytof_Neutrophil.Lymphocyte.ratio_log2",NA
"3495",210,66600210,"CB",0,"CB",0,"IFNgLOW","C-section","Preterm",1,"cytof_Neutrophil.Lymphocyte.ratio_log2",NA
"3496",211,66627244,"56-120dd",3,"56-120dd",86,"IFNgLOW","C-section","Preterm",0,"cytof_Neutrophil.Lymphocyte.ratio_log2",NA
"3497",211,66600168,"CB",0,"CB",0,"IFNgLOW","C-section","Preterm",0,"cytof_Neutrophil.Lymphocyte.ratio_log2",NA
"3498",211,66600224,"1-6d",1,"1-6d",3,"IFNgLOW","C-section","Preterm",0,"cytof_Neutrophil.Lymphocyte.ratio_log2",NA
"3499",212,66627412,"CB",0,"CB",0,"IFNgLOW","C-section","Preterm",0,"cytof_Neutrophil.Lymphocyte.ratio_log2",NA
"3500",212,66627215,"1-6d",1,"1-6d",3,"IFNgLOW","C-section","Preterm",0,"cytof_Neutrophil.Lymphocyte.ratio_log2",NA
"3501",213,66627411,"CB",0,"CB",0,"IFNgLOW","C-section","Preterm",0,"cytof_Neutrophil.Lymphocyte.ratio_log2",NA
"3502",213,66627214,"1-6d",1,"1-6d",3,"IFNgLOW","C-section","Preterm",0,"cytof_Neutrophil.Lymphocyte.ratio_log2",NA
"3503",213,66627246,"56-120dd",3,"56-120dd",86,"IFNgLOW","C-section","Preterm",0,"cytof_Neutrophil.Lymphocyte.ratio_log2",NA
"3504",214,66627410,"CB",0,"CB",0,"IFNgLOW","C-section","Preterm",1,"cytof_Neutrophil.Lymphocyte.ratio_log2",NA
"3505",214,66627213,"1-6d",1,"1-6d",3,"IFNgLOW","C-section","Preterm",1,"cytof_Neutrophil.Lymphocyte.ratio_log2",NA
"3506",214,66627247,"56-120dd",3,"56-120dd",86,"IFNgLOW","C-section","Preterm",1,"cytof_Neutrophil.Lymphocyte.ratio_log2",NA
"3507",215,66627218,"1-6d",1,"1-6d",3,"IFNgLOW","C-section","Preterm",0,"cytof_Neutrophil.Lymphocyte.ratio_log2",0.36149618718743
"3508",215,66627501,"CB",0,"CB",0,"IFNgLOW","C-section","Preterm",0,"cytof_Neutrophil.Lymphocyte.ratio_log2",-1.51383610478849
"3509",215,66627254,"56-120dd",3,"56-120dd",95,"IFNgLOW","C-section","Preterm",0,"cytof_Neutrophil.Lymphocyte.ratio_log2",0.938881484085391
"3510",216,66627219,"1-6d",1,"1-6d",3,"IFNgLOW","C-section","Preterm",1,"cytof_Neutrophil.Lymphocyte.ratio_log2",-0.305824213329314
"3511",216,66627248,"56-120dd",3,"56-120dd",81,"IFNgLOW","C-section","Preterm",1,"cytof_Neutrophil.Lymphocyte.ratio_log2",-0.898989082304442
"3512",216,66627503,"CB",0,"CB",0,"IFNgLOW","C-section","Preterm",1,"cytof_Neutrophil.Lymphocyte.ratio_log2",-2.92613814145646
"3513",216,66627221,"CB",0,"CB",0,"IFNgLOW","C-section","Preterm",1,"cytof_Neutrophil.Lymphocyte.ratio_log2",-1.6006178239681
"3514",217,66627217,"1-6d",1,"1-6d",3,"IFNgLOW","C-section","Preterm",1,"cytof_Neutrophil.Lymphocyte.ratio_log2",0.453930029074821
"3515",217,66627249,"56-120dd",3,"56-120dd",81,"IFNgLOW","C-section","Preterm",1,"cytof_Neutrophil.Lymphocyte.ratio_log2",-0.991983809768698
"3516",217,66627504,"CB",0,"CB",0,"IFNgLOW","C-section","Preterm",1,"cytof_Neutrophil.Lymphocyte.ratio_log2",-2.28852352002516
"3517",217,66627222,"CB",0,"CB",0,"IFNgLOW","C-section","Preterm",1,"cytof_Neutrophil.Lymphocyte.ratio_log2",0.174428060641771
"3518",218,66627229,"1-6d",1,"1-6d",4,"IFNgLOW","Vaginal","Preterm",0,"cytof_Neutrophil.Lymphocyte.ratio_log2",NA
"3519",218,66627256,"56-120dd",3,"56-120dd",104,"IFNgLOW","Vaginal","Preterm",0,"cytof_Neutrophil.Lymphocyte.ratio_log2",NA
"3520",219,66627230,"1-6d",1,"1-6d",4,"IFNgLOW","C-section","Preterm",0,"cytof_Neutrophil.Lymphocyte.ratio_log2",NA
"3521",219,66627413,"CB",0,"CB",0,"IFNgLOW","C-section","Preterm",0,"cytof_Neutrophil.Lymphocyte.ratio_log2",NA
"3522",219,66627255,"56-120dd",3,"56-120dd",81,"IFNgLOW","C-section","Preterm",0,"cytof_Neutrophil.Lymphocyte.ratio_log2",NA
"3523",220,66627235,"1-6d",1,"1-6d",5,"IFNgLOW","C-section","Preterm",0,"cytof_Neutrophil.Lymphocyte.ratio_log2",NA
"3524",220,66627414,"CB",0,"CB",0,"IFNgLOW","C-section","Preterm",0,"cytof_Neutrophil.Lymphocyte.ratio_log2",NA
"3525",220,66627257,"56-120dd",3,"56-120dd",90,"IFNgLOW","C-section","Preterm",0,"cytof_Neutrophil.Lymphocyte.ratio_log2",NA
"3526",221,66627261,"56-120dd",3,"56-120dd",104,"IFNgLOW","C-section","Preterm",0,"cytof_Neutrophil.Lymphocyte.ratio_log2",NA
"3527",221,66627415,"CB",0,"CB",0,"IFNgLOW","C-section","Preterm",0,"cytof_Neutrophil.Lymphocyte.ratio_log2",NA
"3528",221,66627241,"1-6d",1,"1-6d",2,"IFNgLOW","C-section","Preterm",0,"cytof_Neutrophil.Lymphocyte.ratio_log2",NA
"3529",223,66627418,"1-6d",1,"1-6d",1,"IFNgLOW","C-section","Preterm",0,"cytof_Neutrophil.Lymphocyte.ratio_log2",NA
"3530",223,66627267,"56-120dd",3,"56-120dd",79,"IFNgLOW","C-section","Preterm",0,"cytof_Neutrophil.Lymphocyte.ratio_log2",NA
"3531",223,66627251,"1-6d",1,"1-6d",3,"IFNgLOW","C-section","Preterm",0,"cytof_Neutrophil.Lymphocyte.ratio_log2",NA
"3532",224,66627258,"1-6d",1,"1-6d",5,"IFNgLOW","C-section","Preterm",1,"cytof_Neutrophil.Lymphocyte.ratio_log2",0.954082760683683
"3533",225,66627259,"1-6d",1,"1-6d",6,"IFNgLOW","C-section","Preterm",1,"cytof_Neutrophil.Lymphocyte.ratio_log2",-0.79780014312686
"3534",225,66627500,"CB",0,"CB",0,"IFNgLOW","C-section","Preterm",1,"cytof_Neutrophil.Lymphocyte.ratio_log2",-0.646953282219116
"3535",226,66627498,"CB",0,"CB",0,"IFNgLOW","C-section","Preterm",1,"cytof_Neutrophil.Lymphocyte.ratio_log2",-0.8310970639834
"3536",226,66627270,"1-6d",1,"1-6d",2,"IFNgLOW","C-section","Preterm",1,"cytof_Neutrophil.Lymphocyte.ratio_log2",1.07249679035032
"3537",230,66627425,"CB",0,"CB",0,"IFNgLOW","C-section","Preterm",0,"cytof_Neutrophil.Lymphocyte.ratio_log2",-2.51478255781563
"3538",230,66600169,"1-6d",1,"1-6d",6,"IFNgLOW","C-section","Preterm",0,"cytof_Neutrophil.Lymphocyte.ratio_log2",0.260765011344799
"3539",230,66600236,"56-120dd",3,"56-120dd",76,"IFNgLOW","C-section","Preterm",0,"cytof_Neutrophil.Lymphocyte.ratio_log2",1.15470802264697
"3540",267,2600100465,"1-6d",1,"1-6d",2,"IFNgLOW","C-section","Term",0,"cytof_Neutrophil.Lymphocyte.ratio_log2",-1.35967018887891
"3541",267,2600100353,"56-120dd",3,"56-120dd",118,"IFNgLOW","C-section","Term",0,"cytof_Neutrophil.Lymphocyte.ratio_log2",-1.69763927396014
"3542",267,2600100678,"CB",0,"CB",0,"IFNgLOW","C-section","Term",0,"cytof_Neutrophil.Lymphocyte.ratio_log2",0.26774140851132
"3543",270,2600100674,"CB",0,"CB",0,"IFNgHIGH","C-section","Term",0,"cytof_Neutrophil.Lymphocyte.ratio_log2",-0.269348179765988
"3544",270,2600100460,"1-6d",1,"1-6d",2,"IFNgHIGH","C-section","Term",0,"cytof_Neutrophil.Lymphocyte.ratio_log2",NA
"3545",273,2600100673,"CB",0,"CB",0,"IFNgLOW","C-section","Term",1,"cytof_Neutrophil.Lymphocyte.ratio_log2",1.13358315437859
"3546",273,2600100461,"1-6d",1,"1-6d",2,"IFNgLOW","C-section","Term",1,"cytof_Neutrophil.Lymphocyte.ratio_log2",-1.44541114832236
"3547",276,2600100671,"CB",0,"CB",0,"IFNgHIGH","C-section","Term",1,"cytof_Neutrophil.Lymphocyte.ratio_log2",1.13712414171083
"3548",276,2600100458,"1-6d",1,"1-6d",2,"IFNgHIGH","C-section","Term",1,"cytof_Neutrophil.Lymphocyte.ratio_log2",0.302830299185243
"3549",282,2600100669,"CB",0,"CB",0,"IFNgHIGH","Vaginal","Term",1,"cytof_Neutrophil.Lymphocyte.ratio_log2",0.971656287235157
"3550",282,2600100456,"1-6d",1,"1-6d",2,"IFNgHIGH","Vaginal","Term",1,"cytof_Neutrophil.Lymphocyte.ratio_log2",0.32061243319122
"3551",285,2600100350,"56-120dd",3,"56-120dd",86,"IFNgHIGH","Vaginal","Term",0,"cytof_Neutrophil.Lymphocyte.ratio_log2",-3.73679430877287
"3552",285,2600100455,"1-6d",1,"1-6d",2,"IFNgHIGH","Vaginal","Term",0,"cytof_Neutrophil.Lymphocyte.ratio_log2",-0.0751380020823333
"3553",285,2600100668,"CB",0,"CB",0,"IFNgHIGH","Vaginal","Term",0,"cytof_Neutrophil.Lymphocyte.ratio_log2",-0.761044458519714
"3554",290,2600100447,"1-6d",1,"1-6d",3,"IFNgHIGH","Vaginal","Term",0,"cytof_Neutrophil.Lymphocyte.ratio_log2",-1.75876452772785
"3555",290,2600100405,"56-120dd",3,"56-120dd",94,"IFNgHIGH","Vaginal","Term",0,"cytof_Neutrophil.Lymphocyte.ratio_log2",-1.30888944422409
"3556",290,2600100664,"CB",0,"CB",0,"IFNgHIGH","Vaginal","Term",0,"cytof_Neutrophil.Lymphocyte.ratio_log2",-1.27109715835766
"3557",293,2600100410,"56-120dd",3,"56-120dd",86,"IFNgLOW","Vaginal","Term",1,"cytof_Neutrophil.Lymphocyte.ratio_log2",1.02882007495315
"3558",293,2600100421,"1-6d",1,"1-6d",2,"IFNgLOW","Vaginal","Term",1,"cytof_Neutrophil.Lymphocyte.ratio_log2",1.02053737576465
"3559",293,2600100662,"CB",0,"CB",0,"IFNgLOW","Vaginal","Term",1,"cytof_Neutrophil.Lymphocyte.ratio_log2",1.08414164909868
"3560",297,2600100361,"1-6d",1,"1-6d",2,"IFNgHIGH","Vaginal","Term",1,"cytof_Neutrophil.Lymphocyte.ratio_log2",0.580555399198376
"3561",297,2600100519,"CB",0,"CB",0,"IFNgHIGH","Vaginal","Term",1,"cytof_Neutrophil.Lymphocyte.ratio_log2",1.86218655980942
"3562",299,2600100363,"1-6d",1,"1-6d",2,"IFNgHIGH","Vaginal","Term",1,"cytof_Neutrophil.Lymphocyte.ratio_log2",-0.832705254602362
"3563",299,2600100520,"CB",0,"CB",0,"IFNgHIGH","Vaginal","Term",1,"cytof_Neutrophil.Lymphocyte.ratio_log2",0.725249788522312
"3564",302,2600100364,"1-6d",1,"1-6d",3,"IFNgHIGH","Vaginal","Term",1,"cytof_Neutrophil.Lymphocyte.ratio_log2",-0.331801153374229
"3565",302,2600100521,"CB",0,"CB",0,"IFNgHIGH","Vaginal","Term",1,"cytof_Neutrophil.Lymphocyte.ratio_log2",-0.18171270205741
"3566",305,2600100411,"56-120dd",3,"56-120dd",77,"IFNgHIGH","Vaginal","Term",1,"cytof_Neutrophil.Lymphocyte.ratio_log2",-2.26816515401376
"3567",305,2600100371,"1-6d",1,"1-6d",3,"IFNgHIGH","Vaginal","Term",1,"cytof_Neutrophil.Lymphocyte.ratio_log2",-1.53778011668921
"3568",305,2600100522,"CB",0,"CB",0,"IFNgHIGH","Vaginal","Term",1,"cytof_Neutrophil.Lymphocyte.ratio_log2",-0.0897918181943033
"3569",308,2600100374,"1-6d",1,"1-6d",3,"IFNgHIGH","Vaginal","Term",1,"cytof_Neutrophil.Lymphocyte.ratio_log2",-1.21047079344456
"3570",308,2600100523,"CB",0,"CB",0,"IFNgHIGH","Vaginal","Term",1,"cytof_Neutrophil.Lymphocyte.ratio_log2",-0.505344161291577
"3571",311,2600164329,"56-120dd",3,"56-120dd",119,"IFNgHIGH","Vaginal","Term",0,"cytof_Neutrophil.Lymphocyte.ratio_log2",-2.19759222423417
"3572",311,2600100369,"1-6d",1,"1-6d",2,"IFNgHIGH","Vaginal","Term",0,"cytof_Neutrophil.Lymphocyte.ratio_log2",0.880664275222859
"3573",311,2600100524,"CB",0,"CB",0,"IFNgHIGH","Vaginal","Term",0,"cytof_Neutrophil.Lymphocyte.ratio_log2",1.3949241154071
"3574",324,2600100347,"1-6d",1,"1-6d",6,"IFNgLOW","Vaginal","Preterm",1,"cytof_Neutrophil.Lymphocyte.ratio_log2",-1.06580205839575
"3575",324,2600100517,"CB",0,"CB",0,"IFNgLOW","Vaginal","Preterm",1,"cytof_Neutrophil.Lymphocyte.ratio_log2",-0.936345464654548
"3576",332,2600100376,"1-6d",1,"1-6d",2,"IFNgHIGH","Vaginal","Term",0,"cytof_Neutrophil.Lymphocyte.ratio_log2",-0.530653300790615
"3577",332,2600100525,"CB",0,"CB",0,"IFNgHIGH","Vaginal","Term",0,"cytof_Neutrophil.Lymphocyte.ratio_log2",0.56820424876355
"3578",334,2600100377,"1-6d",1,"1-6d",5,"IFNgLOW","Vaginal","Term",0,"cytof_Neutrophil.Lymphocyte.ratio_log2",-2.25601874182378
"3579",334,2600100526,"CB",0,"CB",0,"IFNgLOW","Vaginal","Term",0,"cytof_Neutrophil.Lymphocyte.ratio_log2",0.350728925814096
"3580",337,2600100688,"CB",0,"CB",0,"IFNgLOW","Vaginal","Term",1,"cytof_Neutrophil.Lymphocyte.ratio_log2",1.40899728156044
"3581",337,2600100471,"1-6d",1,"1-6d",5,"IFNgLOW","Vaginal","Term",1,"cytof_Neutrophil.Lymphocyte.ratio_log2",-0.980680951781739
"3582",337,2600100431,"56-120dd",3,"56-120dd",83,"IFNgLOW","Vaginal","Term",1,"cytof_Neutrophil.Lymphocyte.ratio_log2",-2.15701466149431
"3583",340,2600100380,"1-6d",1,"1-6d",3,"IFNgHIGH","Vaginal","Term",0,"cytof_Neutrophil.Lymphocyte.ratio_log2",0.299460754761428
"3584",340,2600164340,"56-120dd",3,"56-120dd",104,"IFNgHIGH","Vaginal","Term",0,"cytof_Neutrophil.Lymphocyte.ratio_log2",-1.06110273176114
"3585",340,2600100528,"CB",0,"CB",0,"IFNgHIGH","Vaginal","Term",0,"cytof_Neutrophil.Lymphocyte.ratio_log2",0.853526110118752
"3586",343,2600100378,"1-6d",1,"1-6d",6,"IFNgLOW","Vaginal","Preterm",0,"cytof_Neutrophil.Lymphocyte.ratio_log2",1.30315114484135
"3587",343,2600100527,"1-6d",1,"1-6d",1,"IFNgLOW","Vaginal","Preterm",0,"cytof_Neutrophil.Lymphocyte.ratio_log2",1.67837202489788
"3588",343,2600164342,"56-120dd",3,"56-120dd",112,"IFNgLOW","Vaginal","Preterm",0,"cytof_Neutrophil.Lymphocyte.ratio_log2",1.08322821722206
"3589",347,2600100538,"CB",0,"CB",0,"IFNgLOW","C-section","Preterm",1,"cytof_Neutrophil.Lymphocyte.ratio_log2",0.624104756236712
"3590",347,2600100413,"1-6d",1,"1-6d",5,"IFNgLOW","C-section","Preterm",1,"cytof_Neutrophil.Lymphocyte.ratio_log2",0.844408516813553
"3591",347,2600164338,"56-120dd",3,"56-120dd",74,"IFNgLOW","C-section","Preterm",1,"cytof_Neutrophil.Lymphocyte.ratio_log2",-3.63917661261754
"3592",350,2600164314,"1-6d",1,"1-6d",5,"IFNgLOW","C-section","Preterm",1,"cytof_Neutrophil.Lymphocyte.ratio_log2",0.834416651475136
"3593",350,2600164465,"1-6d",1,"1-6d",2,"IFNgLOW","C-section","Preterm",1,"cytof_Neutrophil.Lymphocyte.ratio_log2",2.24978357991466
"3594",356,2600164316,"1-6d",1,"1-6d",2,"IFNgLOW","C-section","Preterm",1,"cytof_Neutrophil.Lymphocyte.ratio_log2",1.1244779230661
"3595",356,2600164464,"CB",0,"CB",0,"IFNgLOW","C-section","Preterm",1,"cytof_Neutrophil.Lymphocyte.ratio_log2",2.14891380952181
"3596",356,2600164343,"56-120dd",3,"56-120dd",58,"IFNgLOW","C-section","Preterm",1,"cytof_Neutrophil.Lymphocyte.ratio_log2",-0.305802734980197
"3597",357,2600164461,"CB",0,"CB",0,"IFNgHIGH","Vaginal","Term",1,"cytof_Neutrophil.Lymphocyte.ratio_log2",2.46269981629425
"3598",357,2600164353,"56-120dd",3,"56-120dd",92,"IFNgHIGH","Vaginal","Term",1,"cytof_Neutrophil.Lymphocyte.ratio_log2",-0.573060411664861
"3599",357,2600164322,"1-6d",1,"1-6d",3,"IFNgHIGH","Vaginal","Term",1,"cytof_Neutrophil.Lymphocyte.ratio_log2",1.38418224888706
"3600",363,2600164325,"1-6d",1,"1-6d",2,"IFNgLOW","Vaginal","Term",1,"cytof_Neutrophil.Lymphocyte.ratio_log2",1.19993757050875
"3601",363,2600164467,"CB",0,"CB",0,"IFNgLOW","Vaginal","Term",1,"cytof_Neutrophil.Lymphocyte.ratio_log2",0.899049842391334
"3602",366,2600164367,"56-120dd",3,"56-120dd",92,"IFNgHIGH","Vaginal","Term",1,"cytof_Neutrophil.Lymphocyte.ratio_log2",-0.504326315726737
"3603",366,2600164320,"1-6d",1,"1-6d",2,"IFNgHIGH","Vaginal","Term",1,"cytof_Neutrophil.Lymphocyte.ratio_log2",2.87103851574827
"3604",366,2600100547,"CB",0,"CB",0,"IFNgHIGH","Vaginal","Term",1,"cytof_Neutrophil.Lymphocyte.ratio_log2",0.709129540391148
"3605",367,2600100548,"CB",0,"CB",0,"IFNgHIGH","Vaginal","Term",1,"cytof_Neutrophil.Lymphocyte.ratio_log2",1.02019736399483
"3606",367,2600164323,"1-6d",1,"1-6d",2,"IFNgHIGH","Vaginal","Term",1,"cytof_Neutrophil.Lymphocyte.ratio_log2",1.3528876130966
"3607",376,2600100550,"1-6d",1,"1-6d",2,"IFNgLOW","C-section","Preterm",0,"cytof_Neutrophil.Lymphocyte.ratio_log2",1.23778943279535
"3608",376,2600164331,"1-6d",1,"1-6d",5,"IFNgLOW","C-section","Preterm",0,"cytof_Neutrophil.Lymphocyte.ratio_log2",1.66091847055493
"3609",379,2600164336,"1-6d",1,"1-6d",4,"IFNgHIGH","C-section","Preterm",0,"cytof_Neutrophil.Lymphocyte.ratio_log2",-1.82109459153606
"3610",379,2600164469,"CB",0,"CB",0,"IFNgHIGH","C-section","Preterm",0,"cytof_Neutrophil.Lymphocyte.ratio_log2",-0.092742332811064
"3611",382,2600164335,"1-6d",1,"1-6d",3,"IFNgHIGH","Vaginal","Term",0,"cytof_Neutrophil.Lymphocyte.ratio_log2",2.03046528072705
"3612",382,2600164468,"CB",0,"CB",0,"IFNgHIGH","Vaginal","Term",0,"cytof_Neutrophil.Lymphocyte.ratio_log2",1.85859709917019
"3613",386,2600164471,"1-6d",1,"1-6d",2,"IFNgHIGH","C-section","Preterm",0,"cytof_Neutrophil.Lymphocyte.ratio_log2",4.29798648036172
"3614",437,2600164476,"CB",0,"CB",0,"IFNgLOW","Vaginal","Preterm",1,"cytof_Neutrophil.Lymphocyte.ratio_log2",-1.53321348523189
"3615",437,2600164346,"1-6d",1,"1-6d",4,"IFNgLOW","Vaginal","Preterm",1,"cytof_Neutrophil.Lymphocyte.ratio_log2",0.0327111537408691
"3616",437,2600164378,"56-120dd",3,"56-120dd",76,"IFNgLOW","Vaginal","Preterm",1,"cytof_Neutrophil.Lymphocyte.ratio_log2",-1.9995518884757
"3617",477,2600164470,"CB",0,"CB",0,"IFNgLOW","Vaginal","Term",0,"cytof_Neutrophil.Lymphocyte.ratio_log2",1.42957798762093
"3618",477,2600164345,"1-6d",1,"1-6d",4,"IFNgLOW","Vaginal","Term",0,"cytof_Neutrophil.Lymphocyte.ratio_log2",1.86866699852973
"3619",480,2600164474,"CB",0,"CB",0,"IFNgHIGH","Vaginal","Term",0,"cytof_Neutrophil.Lymphocyte.ratio_log2",2.72909765954256
"3620",480,2600164356,"1-6d",1,"1-6d",1,"IFNgHIGH","Vaginal","Term",0,"cytof_Neutrophil.Lymphocyte.ratio_log2",2.47346439892006
"3621",488,2600164478,"1-6d",1,"1-6d",3,"IFNgLOW","Vaginal","Term",0,"cytof_Neutrophil.Lymphocyte.ratio_log2",3.20442025004564
"3622",488,2600164372,"1-6d",1,"1-6d",2,"IFNgLOW","Vaginal","Term",0,"cytof_Neutrophil.Lymphocyte.ratio_log2",1.96667168395344
"3623",492,2600164373,"1-6d",1,"1-6d",2,"IFNgHIGH","Vaginal","Term",1,"cytof_Neutrophil.Lymphocyte.ratio_log2",2.69923462684934
"3624",492,2600100553,"CB",0,"CB",0,"IFNgHIGH","Vaginal","Term",1,"cytof_Neutrophil.Lymphocyte.ratio_log2",2.43374662834925
"3625",508,2600164368,"1-6d",1,"1-6d",2,"IFNgLOW","C-section","Preterm",0,"cytof_Neutrophil.Lymphocyte.ratio_log2",2.65724673869472
"3626",508,2600164473,"CB",0,"CB",0,"IFNgLOW","C-section","Preterm",0,"cytof_Neutrophil.Lymphocyte.ratio_log2",2.25200709845305
"3627",522,2600164496,"CB",0,"CB",0,"IFNgHIGH","Vaginal","Term",0,"cytof_Neutrophil.Lymphocyte.ratio_log2",2.02194701214428
"3628",522,2600164397,"1-6d",1,"1-6d",3,"IFNgHIGH","Vaginal","Term",0,"cytof_Neutrophil.Lymphocyte.ratio_log2",0.453960308042818
"3629",522,2600164442,"56-120dd",3,"56-120dd",99,"IFNgHIGH","Vaginal","Term",0,"cytof_Neutrophil.Lymphocyte.ratio_log2",-0.865093587736107
"3630",529,2600164502,"1-6d",1,"1-6d",1,"IFNgLOW","C-section","Preterm",0,"cytof_Neutrophil.Lymphocyte.ratio_log2",-2.15531174625274
"3631",529,2600164407,"1-6d",1,"1-6d",2,"IFNgLOW","C-section","Preterm",0,"cytof_Neutrophil.Lymphocyte.ratio_log2",2.65066833454267
"3632",529,2600164409,"1-6d",1,"1-6d",6,"IFNgLOW","C-section","Preterm",0,"cytof_Neutrophil.Lymphocyte.ratio_log2",0.453472090032207
"3633",530,2600164408,"1-6d",1,"1-6d",6,"IFNgLOW","C-section","Preterm",0,"cytof_Neutrophil.Lymphocyte.ratio_log2",2.0591440182058
"3634",530,2600164405,"1-6d",1,"1-6d",2,"IFNgLOW","C-section","Preterm",0,"cytof_Neutrophil.Lymphocyte.ratio_log2",1.17115097744794
"3635",531,2600164406,"1-6d",1,"1-6d",2,"IFNgHIGH","C-section","Preterm",0,"cytof_Neutrophil.Lymphocyte.ratio_log2",-1.14925936549962
"3636",531,2600164411,"1-6d",1,"1-6d",6,"IFNgHIGH","C-section","Preterm",0,"cytof_Neutrophil.Lymphocyte.ratio_log2",0.0287636547689551
"3637",531,2600164499,"1-6d",1,"1-6d",1,"IFNgHIGH","C-section","Preterm",0,"cytof_Neutrophil.Lymphocyte.ratio_log2",-1.63226821549952
"3638",532,2600164414,"1-6d",1,"1-6d",2,"IFNgHIGH","Vaginal","Term",0,"cytof_Neutrophil.Lymphocyte.ratio_log2",2.1149467865173
"3639",532,2600164503,"CB",0,"CB",0,"IFNgHIGH","Vaginal","Term",0,"cytof_Neutrophil.Lymphocyte.ratio_log2",2.60131803754588
"3640",533,2600164416,"1-6d",1,"1-6d",3,"IFNgHIGH","Vaginal","Term",0,"cytof_Neutrophil.Lymphocyte.ratio_log2",2.14593556837537
"3641",533,2600164504,"CB",0,"CB",0,"IFNgHIGH","Vaginal","Term",0,"cytof_Neutrophil.Lymphocyte.ratio_log2",1.7837798640075
"3642",534,2600164505,"CB",0,"CB",0,"IFNgHIGH","Vaginal","Term",1,"cytof_Neutrophil.Lymphocyte.ratio_log2",2.58723121618892
"3643",534,2600164415,"1-6d",1,"1-6d",2,"IFNgHIGH","Vaginal","Term",1,"cytof_Neutrophil.Lymphocyte.ratio_log2",1.37565146292693
"3644",537,2600164417,"1-6d",1,"1-6d",2,"IFNgHIGH","Vaginal","Term",0,"cytof_Neutrophil.Lymphocyte.ratio_log2",1.68843622790571
"3645",537,2600164506,"CB",0,"CB",0,"IFNgHIGH","Vaginal","Term",0,"cytof_Neutrophil.Lymphocyte.ratio_log2",3.07534322693428
"3646",542,2600164452,"1-6d",1,"1-6d",6,"IFNgLOW","C-section","Preterm",0,"cytof_Neutrophil.Lymphocyte.ratio_log2",0.391562687405699
"3647",542,2600164513,"CB",0,"CB",0,"IFNgLOW","C-section","Preterm",0,"cytof_Neutrophil.Lymphocyte.ratio_log2",-1.22434464767073
"3648",545,2600164514,"CB",0,"CB",0,"IFNgLOW","C-section","Preterm",0,"cytof_Neutrophil.Lymphocyte.ratio_log2",-1.46620060043951
"3649",15,2600100700,"CB",0,"CB",0,"IFNgHIGH","Vaginal","Term",1,"total_CD4_T_cells",0.592691622103387
"3650",15,2600100490,"1-6d",1,"1-6d",2,"IFNgHIGH","Vaginal","Term",1,"total_CD4_T_cells",0.602258469259724
"3651",18,2600100486,"1-6d",1,"1-6d",2,"IFNgHIGH","Vaginal","Term",1,"total_CD4_T_cells",11.2794612794613
"3652",18,2600100707,"CB",0,"CB",0,"IFNgHIGH","Vaginal","Term",1,"total_CD4_T_cells",9.14826498422713
"3653",28,2600100706,"CB",0,"CB",0,"IFNgHIGH","Vaginal","Term",0,"total_CD4_T_cells",10.4123711340206
"3654",28,2600100503,"1-6d",1,"1-6d",5,"IFNgHIGH","Vaginal","Term",0,"total_CD4_T_cells",11.7511520737327
"3655",42,2600100429,"56-120dd",3,"56-120dd",108,"IFNgLOW","Vaginal","Term",1,"total_CD4_T_cells",21.7416758141237
"3656",42,2600100480,"1-6d",1,"1-6d",3,"IFNgLOW","Vaginal","Term",1,"total_CD4_T_cells",31.4067223901832
"3657",42,2600100343,"56-120dd",3,"56-120dd",63,"IFNgLOW","Vaginal","Term",1,"total_CD4_T_cells",27.3846153846154
"3658",42,2600100696,"CB",0,"CB",0,"IFNgLOW","Vaginal","Term",1,"total_CD4_T_cells",12.5927070457355
"3659",80,2600100695,"CB",0,"CB",0,"IFNgHIGH","C-section","Term",1,"total_CD4_T_cells",17.6156703816278
"3660",80,2600100485,"1-6d",1,"1-6d",4,"IFNgHIGH","C-section","Term",1,"total_CD4_T_cells",13.876194432904
"3661",88,66600203,"56-120dd",3,"56-120dd",105,"IFNgLOW","Vaginal","Term",0,"total_CD4_T_cells",21.8240711832657
"3662",93,66600194,"56-120dd",3,"56-120dd",105,"IFNgLOW","Vaginal","Term",0,"total_CD4_T_cells",28.5776540710751
"3663",101,66600197,"56-120dd",3,"56-120dd",113,"IFNgLOW","Vaginal","Term",1,"total_CD4_T_cells",31.1772947270103
"3664",104,66600202,"56-120dd",3,"56-120dd",71,"IFNgLOW","Vaginal","Term",1,"total_CD4_T_cells",27.2648456448019
"3665",107,66600241,"1-6d",1,"1-6d",4,"IFNgLOW","Vaginal","Term",1,"total_CD4_T_cells",19.654629538522
"3666",107,66600231,"CB",0,"CB",0,"IFNgLOW","Vaginal","Term",1,"total_CD4_T_cells",11.0317390076661
"3667",107,66627239,"56-120dd",3,"56-120dd",94,"IFNgLOW","Vaginal","Term",1,"total_CD4_T_cells",44.1581970835174
"3668",110,66627240,"56-120dd",3,"56-120dd",85,"IFNgLOW","Vaginal","Term",1,"total_CD4_T_cells",27.4009553493383
"3669",110,66600235,"CB",0,"CB",0,"IFNgLOW","Vaginal","Term",1,"total_CD4_T_cells",7.2551431033473
"3670",110,66600233,"1-6d",1,"1-6d",2,"IFNgLOW","Vaginal","Term",1,"total_CD4_T_cells",19.917899808269
"3671",113,66593911,"1-6d",1,"1-6d",2,"IFNgLOW","Vaginal","Term",0,"total_CD4_T_cells",12.025245707112
"3672",113,66600237,"CB",0,"CB",0,"IFNgLOW","Vaginal","Term",0,"total_CD4_T_cells",40.0025928665665
"3673",116,66627285,"1-6d",1,"1-6d",3,"IFNgLOW","Vaginal","Term",1,"total_CD4_T_cells",32.047006511037
"3674",116,66627428,"CB",0,"CB",0,"IFNgLOW","Vaginal","Term",1,"total_CD4_T_cells",48.108925869894
"3675",119,66627306,"1-6d",1,"1-6d",3,"IFNgLOW","Vaginal","Term",1,"total_CD4_T_cells",25.5253590949536
"3676",119,66627297,"56-120dd",3,"56-120dd",112,"IFNgLOW","Vaginal","Term",1,"total_CD4_T_cells",54.2638626942148
"3677",119,66627429,"CB",0,"CB",0,"IFNgLOW","Vaginal","Term",1,"total_CD4_T_cells",7.81071594705459
"3678",122,66627275,"1-6d",1,"1-6d",3,"IFNgLOW","Vaginal","Term",0,"total_CD4_T_cells",25.2856752036027
"3679",122,66627435,"CB",0,"CB",0,"IFNgLOW","Vaginal","Term",0,"total_CD4_T_cells",23.3061496640509
"3680",126,2600100694,"CB",0,"CB",0,"IFNgHIGH","C-section","Term",0,"total_CD4_T_cells",19.8335578218202
"3681",126,2600100446,"56-120dd",3,"56-120dd",95,"IFNgHIGH","C-section","Term",0,"total_CD4_T_cells",37.9099385276037
"3682",126,2600100479,"1-6d",1,"1-6d",2,"IFNgHIGH","C-section","Term",0,"total_CD4_T_cells",14.9836940409132
"3683",129,2600100693,"CB",0,"CB",0,"IFNgHIGH","Vaginal","Term",1,"total_CD4_T_cells",31.461485444222
"3684",129,2600100472,"1-6d",1,"1-6d",3,"IFNgHIGH","Vaginal","Term",1,"total_CD4_T_cells",20.9855170375374
"3685",141,2600100690,"CB",0,"CB",0,"IFNgLOW","Vaginal","Term",1,"total_CD4_T_cells",25.3757014168081
"3686",141,2600100443,"56-120dd",3,"56-120dd",85,"IFNgLOW","Vaginal","Term",1,"total_CD4_T_cells",32.0573290957307
"3687",141,2600100475,"1-6d",1,"1-6d",2,"IFNgLOW","Vaginal","Term",1,"total_CD4_T_cells",29.4344293734091
"3688",144,2600100686,"CB",0,"CB",0,"IFNgLOW","Vaginal","Term",0,"total_CD4_T_cells",26.6191709844559
"3689",144,2600100483,"1-6d",1,"1-6d",2,"IFNgLOW","Vaginal","Term",0,"total_CD4_T_cells",27.5446360445597
"3690",144,2600100439,"56-120dd",3,"56-120dd",79,"IFNgLOW","Vaginal","Term",0,"total_CD4_T_cells",30.8203991130821
"3691",147,2600100687,"CB",0,"CB",0,"IFNgLOW","C-section","Term",1,"total_CD4_T_cells",20.5275229357798
"3692",147,2600100430,"56-120dd",3,"56-120dd",77,"IFNgLOW","C-section","Term",1,"total_CD4_T_cells",20.7733333333333
"3693",147,2600100468,"1-6d",1,"1-6d",2,"IFNgLOW","C-section","Term",1,"total_CD4_T_cells",33.5279399499583
"3694",150,2600100684,"CB",0,"CB",0,"IFNgHIGH","C-section","Term",1,"total_CD4_T_cells",15.6870860927152
"3695",150,2600100469,"1-6d",1,"1-6d",3,"IFNgHIGH","C-section","Term",1,"total_CD4_T_cells",20.6458261765716
"3696",153,2600100470,"1-6d",1,"1-6d",2,"IFNgLOW","C-section","Term",0,"total_CD4_T_cells",44.7930381169519
"3697",153,2600100426,"56-120dd",3,"56-120dd",78,"IFNgLOW","C-section","Term",0,"total_CD4_T_cells",40.2393068353733
"3698",153,2600100685,"CB",0,"CB",0,"IFNgLOW","C-section","Term",0,"total_CD4_T_cells",48.3727064665038
"3699",162,2600100425,"56-120dd",3,"56-120dd",69,"IFNgLOW","C-section","Term",0,"total_CD4_T_cells",18.465909090909
"3700",162,2600100683,"CB",0,"CB",0,"IFNgLOW","C-section","Term",0,"total_CD4_T_cells",18.1437125748503
"3701",162,2600100341,"1-6d",1,"1-6d",2,"IFNgLOW","C-section","Term",0,"total_CD4_T_cells",14.9358773850485
"3702",165,2600100680,"CB",0,"CB",0,"IFNgHIGH","Vaginal","Term",0,"total_CD4_T_cells",8.6169702780441
"3703",165,2600100477,"1-6d",1,"1-6d",2,"IFNgHIGH","Vaginal","Term",0,"total_CD4_T_cells",7.22472370036839
"3704",168,2600100679,"CB",0,"CB",0,"IFNgHIGH","Vaginal","Term",0,"total_CD4_T_cells",33.2394366197183
"3705",168,2600100467,"1-6d",1,"1-6d",2,"IFNgHIGH","Vaginal","Term",0,"total_CD4_T_cells",34.5685547908947
"3706",174,2600100626,"CB",0,"CB",0,"IFNgHIGH","C-section","Term",1,"total_CD4_T_cells",14.8124032099113
"3707",174,2600100463,"1-6d",1,"1-6d",2,"IFNgHIGH","C-section","Term",1,"total_CD4_T_cells",16.3145500230989
"3708",177,2600100462,"1-6d",1,"1-6d",2,"IFNgHIGH","C-section","Term",1,"total_CD4_T_cells",20.3288964710084
"3709",177,2600100675,"CB",0,"CB",0,"IFNgHIGH","C-section","Term",1,"total_CD4_T_cells",20.4029722205532
"3710",180,2600100466,"1-6d",1,"1-6d",2,"IFNgLOW","C-section","Term",0,"total_CD4_T_cells",15.7703978422117
"3711",180,2600100356,"56-120dd",3,"56-120dd",118,"IFNgLOW","C-section","Term",0,"total_CD4_T_cells",24.2170585839531
"3712",180,2600100677,"CB",0,"CB",0,"IFNgLOW","C-section","Term",0,"total_CD4_T_cells",1.38713336574299
"3713",189,2600100453,"1-6d",1,"1-6d",6,"IFNgLOW","C-section","Preterm",1,"total_CD4_T_cells",36.1602715271196
"3714",189,2600100666,"CB",0,"CB",0,"IFNgLOW","C-section","Preterm",1,"total_CD4_T_cells",39.865446161258
"3715",203,66600227,"56-120dd",3,"56-120dd",84,"IFNgLOW","C-section","Preterm",0,"total_CD4_T_cells",23.269056261343
"3716",204,66600193,"1-6d",1,"1-6d",2,"IFNgLOW","C-section","Preterm",1,"total_CD4_T_cells",6.69868554095045
"3717",204,66600238,"56-120dd",3,"56-120dd",89,"IFNgLOW","C-section","Preterm",1,"total_CD4_T_cells",8.26157158234661
"3718",205,66600239,"56-120dd",3,"56-120dd",89,"IFNgLOW","C-section","Preterm",0,"total_CD4_T_cells",11.100344530577
"3719",205,66600192,"1-6d",1,"1-6d",2,"IFNgLOW","C-section","Preterm",0,"total_CD4_T_cells",2.60908636024794
"3720",206,66600240,"56-120dd",3,"56-120dd",83,"IFNgLOW","Vaginal","Preterm",1,"total_CD4_T_cells",30.9242597163609
"3721",210,66600164,"1-6d",1,"1-6d",6,"IFNgLOW","C-section","Preterm",1,"total_CD4_T_cells",26.281307016089
"3722",210,66627234,"56-120dd",3,"56-120dd",67,"IFNgLOW","C-section","Preterm",1,"total_CD4_T_cells",39.709008640025
"3723",210,66600210,"CB",0,"CB",0,"IFNgLOW","C-section","Preterm",1,"total_CD4_T_cells",32.01014444812
"3724",211,66627244,"56-120dd",3,"56-120dd",86,"IFNgLOW","C-section","Preterm",0,"total_CD4_T_cells",38.8888888888889
"3725",211,66600168,"CB",0,"CB",0,"IFNgLOW","C-section","Preterm",0,"total_CD4_T_cells",60.0827300930714
"3726",211,66600224,"1-6d",1,"1-6d",3,"IFNgLOW","C-section","Preterm",0,"total_CD4_T_cells",35.882783882784
"3727",212,66627412,"CB",0,"CB",0,"IFNgLOW","C-section","Preterm",0,"total_CD4_T_cells",0.604895730521261
"3728",212,66627215,"1-6d",1,"1-6d",3,"IFNgLOW","C-section","Preterm",0,"total_CD4_T_cells",9.84700390967845
"3729",213,66627411,"CB",0,"CB",0,"IFNgLOW","C-section","Preterm",0,"total_CD4_T_cells",1.54985857701437
"3730",213,66627214,"1-6d",1,"1-6d",3,"IFNgLOW","C-section","Preterm",0,"total_CD4_T_cells",7.12422617515029
"3731",213,66627246,"56-120dd",3,"56-120dd",86,"IFNgLOW","C-section","Preterm",0,"total_CD4_T_cells",30.9115796677986
"3732",214,66627410,"CB",0,"CB",0,"IFNgLOW","C-section","Preterm",1,"total_CD4_T_cells",3.356397130489
"3733",214,66627213,"1-6d",1,"1-6d",3,"IFNgLOW","C-section","Preterm",1,"total_CD4_T_cells",9.32288290411926
"3734",214,66627247,"56-120dd",3,"56-120dd",86,"IFNgLOW","C-section","Preterm",1,"total_CD4_T_cells",26.1101471627787
"3735",215,66627218,"1-6d",1,"1-6d",3,"IFNgLOW","C-section","Preterm",0,"total_CD4_T_cells",26.4733016494268
"3736",215,66627501,"CB",0,"CB",0,"IFNgLOW","C-section","Preterm",0,"total_CD4_T_cells",41.6960692186309
"3737",215,66627254,"56-120dd",3,"56-120dd",95,"IFNgLOW","C-section","Preterm",0,"total_CD4_T_cells",21.3327675115415
"3738",216,66627219,"1-6d",1,"1-6d",3,"IFNgLOW","C-section","Preterm",1,"total_CD4_T_cells",36.6795203186576
"3739",216,66627248,"56-120dd",3,"56-120dd",81,"IFNgLOW","C-section","Preterm",1,"total_CD4_T_cells",43.2558449343902
"3740",216,66627503,"CB",0,"CB",0,"IFNgLOW","C-section","Preterm",1,"total_CD4_T_cells",56.2400333652266
"3741",216,66627221,"CB",0,"CB",0,"IFNgLOW","C-section","Preterm",1,"total_CD4_T_cells",46.8919277245351
"3742",217,66627217,"1-6d",1,"1-6d",3,"IFNgLOW","C-section","Preterm",1,"total_CD4_T_cells",27.6432469304229
"3743",217,66627249,"56-120dd",3,"56-120dd",81,"IFNgLOW","C-section","Preterm",1,"total_CD4_T_cells",44.3186749602199
"3744",217,66627504,"CB",0,"CB",0,"IFNgLOW","C-section","Preterm",1,"total_CD4_T_cells",56.732283464567
"3745",217,66627222,"CB",0,"CB",0,"IFNgLOW","C-section","Preterm",1,"total_CD4_T_cells",27.5377264446048
"3746",218,66627229,"1-6d",1,"1-6d",4,"IFNgLOW","Vaginal","Preterm",0,"total_CD4_T_cells",1.68222744380445
"3747",218,66627256,"56-120dd",3,"56-120dd",104,"IFNgLOW","Vaginal","Preterm",0,"total_CD4_T_cells",42.7114907688069
"3748",219,66627230,"1-6d",1,"1-6d",4,"IFNgLOW","C-section","Preterm",0,"total_CD4_T_cells",5.76627011896433
"3749",219,66627413,"CB",0,"CB",0,"IFNgLOW","C-section","Preterm",0,"total_CD4_T_cells",9.28208846990572
"3750",219,66627255,"56-120dd",3,"56-120dd",81,"IFNgLOW","C-section","Preterm",0,"total_CD4_T_cells",38.5536479239047
"3751",220,66627235,"1-6d",1,"1-6d",5,"IFNgLOW","C-section","Preterm",0,"total_CD4_T_cells",20.2051714962104
"3752",220,66627414,"CB",0,"CB",0,"IFNgLOW","C-section","Preterm",0,"total_CD4_T_cells",19.5103343043418
"3753",220,66627257,"56-120dd",3,"56-120dd",90,"IFNgLOW","C-section","Preterm",0,"total_CD4_T_cells",44.8879565175932
"3754",221,66627261,"56-120dd",3,"56-120dd",104,"IFNgLOW","C-section","Preterm",0,"total_CD4_T_cells",27.1423358243293
"3755",221,66627415,"CB",0,"CB",0,"IFNgLOW","C-section","Preterm",0,"total_CD4_T_cells",3.87329689157217
"3756",221,66627241,"1-6d",1,"1-6d",2,"IFNgLOW","C-section","Preterm",0,"total_CD4_T_cells",2.65524322027899
"3757",223,66627418,"1-6d",1,"1-6d",1,"IFNgLOW","C-section","Preterm",0,"total_CD4_T_cells",9.86109408447517
"3758",223,66627267,"56-120dd",3,"56-120dd",79,"IFNgLOW","C-section","Preterm",0,"total_CD4_T_cells",37.3668574740959
"3759",223,66627251,"1-6d",1,"1-6d",3,"IFNgLOW","C-section","Preterm",0,"total_CD4_T_cells",28.8178730843913
"3760",224,66627258,"1-6d",1,"1-6d",5,"IFNgLOW","C-section","Preterm",1,"total_CD4_T_cells",19.4511660529546
"3761",225,66627259,"1-6d",1,"1-6d",6,"IFNgLOW","C-section","Preterm",1,"total_CD4_T_cells",29.0821942126753
"3762",225,66627500,"CB",0,"CB",0,"IFNgLOW","C-section","Preterm",1,"total_CD4_T_cells",21.6247280489307
"3763",226,66627498,"CB",0,"CB",0,"IFNgLOW","C-section","Preterm",1,"total_CD4_T_cells",37.3333670023622
"3764",226,66627270,"1-6d",1,"1-6d",2,"IFNgLOW","C-section","Preterm",1,"total_CD4_T_cells",22.1005667526348
"3765",230,66627425,"CB",0,"CB",0,"IFNgLOW","C-section","Preterm",0,"total_CD4_T_cells",30.1733790861477
"3766",230,66600169,"1-6d",1,"1-6d",6,"IFNgLOW","C-section","Preterm",0,"total_CD4_T_cells",24.7056800803554
"3767",230,66600236,"56-120dd",3,"56-120dd",76,"IFNgLOW","C-section","Preterm",0,"total_CD4_T_cells",10.5299933954227
"3768",267,2600100465,"1-6d",1,"1-6d",2,"IFNgLOW","C-section","Term",0,"total_CD4_T_cells",0.763358778625956
"3769",267,2600100353,"56-120dd",3,"56-120dd",118,"IFNgLOW","C-section","Term",0,"total_CD4_T_cells",0.135089496791625
"3770",267,2600100678,"CB",0,"CB",0,"IFNgLOW","C-section","Term",0,"total_CD4_T_cells",0.300661455201443
"3771",270,2600100674,"CB",0,"CB",0,"IFNgHIGH","C-section","Term",0,"total_CD4_T_cells",0.499722376457524
"3772",270,2600100460,"1-6d",1,"1-6d",2,"IFNgHIGH","C-section","Term",0,"total_CD4_T_cells",0.293147673140344
"3773",273,2600100673,"CB",0,"CB",0,"IFNgLOW","C-section","Term",1,"total_CD4_T_cells",13.5658914728682
"3774",273,2600100461,"1-6d",1,"1-6d",2,"IFNgLOW","C-section","Term",1,"total_CD4_T_cells",30.4123711340207
"3775",276,2600100671,"CB",0,"CB",0,"IFNgHIGH","C-section","Term",1,"total_CD4_T_cells",14.3225942812283
"3776",276,2600100458,"1-6d",1,"1-6d",2,"IFNgHIGH","C-section","Term",1,"total_CD4_T_cells",20.7902750137866
"3777",282,2600100669,"CB",0,"CB",0,"IFNgHIGH","Vaginal","Term",1,"total_CD4_T_cells",12.3047619047619
"3778",282,2600100456,"1-6d",1,"1-6d",2,"IFNgHIGH","Vaginal","Term",1,"total_CD4_T_cells",21.160014838414
"3779",285,2600100350,"56-120dd",3,"56-120dd",86,"IFNgHIGH","Vaginal","Term",0,"total_CD4_T_cells",51.3371425589647
"3780",285,2600100455,"1-6d",1,"1-6d",2,"IFNgHIGH","Vaginal","Term",0,"total_CD4_T_cells",32.1155650891541
"3781",285,2600100668,"CB",0,"CB",0,"IFNgHIGH","Vaginal","Term",0,"total_CD4_T_cells",30.475635798874
"3782",290,2600100447,"1-6d",1,"1-6d",3,"IFNgHIGH","Vaginal","Term",0,"total_CD4_T_cells",36.3911901394221
"3783",290,2600100405,"56-120dd",3,"56-120dd",94,"IFNgHIGH","Vaginal","Term",0,"total_CD4_T_cells",34.4069181533434
"3784",290,2600100664,"CB",0,"CB",0,"IFNgHIGH","Vaginal","Term",0,"total_CD4_T_cells",31.4933628318584
"3785",293,2600100410,"56-120dd",3,"56-120dd",86,"IFNgLOW","Vaginal","Term",1,"total_CD4_T_cells",12.0459507460492
"3786",293,2600100421,"1-6d",1,"1-6d",2,"IFNgLOW","Vaginal","Term",1,"total_CD4_T_cells",16.183384435684
"3787",293,2600100662,"CB",0,"CB",0,"IFNgLOW","Vaginal","Term",1,"total_CD4_T_cells",13.0350042268073
"3788",297,2600100361,"1-6d",1,"1-6d",2,"IFNgHIGH","Vaginal","Term",1,"total_CD4_T_cells",14.9492583918814
"3789",297,2600100519,"CB",0,"CB",0,"IFNgHIGH","Vaginal","Term",1,"total_CD4_T_cells",8.21647523078007
"3790",299,2600100363,"1-6d",1,"1-6d",2,"IFNgHIGH","Vaginal","Term",1,"total_CD4_T_cells",31.8677792041078
"3791",299,2600100520,"CB",0,"CB",0,"IFNgHIGH","Vaginal","Term",1,"total_CD4_T_cells",23.3376
"3792",302,2600100364,"1-6d",1,"1-6d",3,"IFNgHIGH","Vaginal","Term",1,"total_CD4_T_cells",25.9129967776585
"3793",302,2600100521,"CB",0,"CB",0,"IFNgHIGH","Vaginal","Term",1,"total_CD4_T_cells",26.046897356214
"3794",305,2600100411,"56-120dd",3,"56-120dd",77,"IFNgHIGH","Vaginal","Term",1,"total_CD4_T_cells",37.2772077740925
"3795",305,2600100371,"1-6d",1,"1-6d",3,"IFNgHIGH","Vaginal","Term",1,"total_CD4_T_cells",37.8207374126667
"3796",305,2600100522,"CB",0,"CB",0,"IFNgHIGH","Vaginal","Term",1,"total_CD4_T_cells",26.3025594149909
"3797",308,2600100374,"1-6d",1,"1-6d",3,"IFNgHIGH","Vaginal","Term",1,"total_CD4_T_cells",33.0804810360777
"3798",308,2600100523,"CB",0,"CB",0,"IFNgHIGH","Vaginal","Term",1,"total_CD4_T_cells",26.0662735003748
"3799",311,2600164329,"56-120dd",3,"56-120dd",119,"IFNgHIGH","Vaginal","Term",0,"total_CD4_T_cells",34.1468138679062
"3800",311,2600100369,"1-6d",1,"1-6d",2,"IFNgHIGH","Vaginal","Term",0,"total_CD4_T_cells",21.5037593984963
"3801",311,2600100524,"CB",0,"CB",0,"IFNgHIGH","Vaginal","Term",0,"total_CD4_T_cells",14.2347921111516
"3802",324,2600100347,"1-6d",1,"1-6d",6,"IFNgLOW","Vaginal","Preterm",1,"total_CD4_T_cells",24.7264072238307
"3803",324,2600100517,"CB",0,"CB",0,"IFNgLOW","Vaginal","Preterm",1,"total_CD4_T_cells",17.6887224938875
"3804",332,2600100376,"1-6d",1,"1-6d",2,"IFNgHIGH","Vaginal","Term",0,"total_CD4_T_cells",28.2009345794393
"3805",332,2600100525,"CB",0,"CB",0,"IFNgHIGH","Vaginal","Term",0,"total_CD4_T_cells",17.4512629360136
"3806",334,2600100377,"1-6d",1,"1-6d",5,"IFNgLOW","Vaginal","Term",0,"total_CD4_T_cells",23.6654783335099
"3807",334,2600100526,"CB",0,"CB",0,"IFNgLOW","Vaginal","Term",0,"total_CD4_T_cells",17.4230055243675
"3808",337,2600100688,"CB",0,"CB",0,"IFNgLOW","Vaginal","Term",1,"total_CD4_T_cells",11.8181966864563
"3809",337,2600100471,"1-6d",1,"1-6d",5,"IFNgLOW","Vaginal","Term",1,"total_CD4_T_cells",22.0637642368227
"3810",337,2600100431,"56-120dd",3,"56-120dd",83,"IFNgLOW","Vaginal","Term",1,"total_CD4_T_cells",38.2096251350678
"3811",340,2600100380,"1-6d",1,"1-6d",3,"IFNgHIGH","Vaginal","Term",0,"total_CD4_T_cells",26.1927877947296
"3812",340,2600164340,"56-120dd",3,"56-120dd",104,"IFNgHIGH","Vaginal","Term",0,"total_CD4_T_cells",25.5260602136613
"3813",340,2600100528,"CB",0,"CB",0,"IFNgHIGH","Vaginal","Term",0,"total_CD4_T_cells",16.3004136504654
"3814",343,2600100378,"1-6d",1,"1-6d",6,"IFNgLOW","Vaginal","Preterm",0,"total_CD4_T_cells",16.0771509030879
"3815",343,2600100527,"1-6d",1,"1-6d",1,"IFNgLOW","Vaginal","Preterm",0,"total_CD4_T_cells",11.7448667540411
"3816",343,2600164342,"56-120dd",3,"56-120dd",112,"IFNgLOW","Vaginal","Preterm",0,"total_CD4_T_cells",13.9423208098006
"3817",347,2600100538,"CB",0,"CB",0,"IFNgLOW","C-section","Preterm",1,"total_CD4_T_cells",20.9913147648997
"3818",347,2600100413,"1-6d",1,"1-6d",5,"IFNgLOW","C-section","Preterm",1,"total_CD4_T_cells",9.76277706539659
"3819",347,2600164338,"56-120dd",3,"56-120dd",74,"IFNgLOW","C-section","Preterm",1,"total_CD4_T_cells",33.6012335872156
"3820",350,2600164314,"1-6d",1,"1-6d",5,"IFNgLOW","C-section","Preterm",1,"total_CD4_T_cells",19.9275518564837
"3821",350,2600164465,"1-6d",1,"1-6d",2,"IFNgLOW","C-section","Preterm",1,"total_CD4_T_cells",11.4732002267431
"3822",356,2600164316,"1-6d",1,"1-6d",2,"IFNgLOW","C-section","Preterm",1,"total_CD4_T_cells",14.4646924829157
"3823",356,2600164464,"CB",0,"CB",0,"IFNgLOW","C-section","Preterm",1,"total_CD4_T_cells",7.88450735872374
"3824",356,2600164343,"56-120dd",3,"56-120dd",58,"IFNgLOW","C-section","Preterm",1,"total_CD4_T_cells",12.1205185293077
"3825",357,2600164461,"CB",0,"CB",0,"IFNgHIGH","Vaginal","Term",1,"total_CD4_T_cells",6.29109164618649
"3826",357,2600164353,"56-120dd",3,"56-120dd",92,"IFNgHIGH","Vaginal","Term",1,"total_CD4_T_cells",24.1564373394233
"3827",357,2600164322,"1-6d",1,"1-6d",3,"IFNgHIGH","Vaginal","Term",1,"total_CD4_T_cells",12.075608869502
"3828",363,2600164325,"1-6d",1,"1-6d",2,"IFNgLOW","Vaginal","Term",1,"total_CD4_T_cells",11.5873485072421
"3829",363,2600164467,"CB",0,"CB",0,"IFNgLOW","Vaginal","Term",1,"total_CD4_T_cells",10.6338518690504
"3830",366,2600164367,"56-120dd",3,"56-120dd",92,"IFNgHIGH","Vaginal","Term",1,"total_CD4_T_cells",32.9482275935492
"3831",366,2600164320,"1-6d",1,"1-6d",2,"IFNgHIGH","Vaginal","Term",1,"total_CD4_T_cells",7.44028987156868
"3832",366,2600100547,"CB",0,"CB",0,"IFNgHIGH","Vaginal","Term",1,"total_CD4_T_cells",16.3553751326791
"3833",367,2600100548,"CB",0,"CB",0,"IFNgHIGH","Vaginal","Term",1,"total_CD4_T_cells",14.4102899498583
"3834",367,2600164323,"1-6d",1,"1-6d",2,"IFNgHIGH","Vaginal","Term",1,"total_CD4_T_cells",15.5897004139479
"3835",376,2600100550,"1-6d",1,"1-6d",2,"IFNgLOW","C-section","Preterm",0,"total_CD4_T_cells",13.4267974802694
"3836",376,2600164331,"1-6d",1,"1-6d",5,"IFNgLOW","C-section","Preterm",0,"total_CD4_T_cells",13.2379357960725
"3837",379,2600164336,"1-6d",1,"1-6d",4,"IFNgHIGH","C-section","Preterm",0,"total_CD4_T_cells",36.1431932413646
"3838",379,2600164469,"CB",0,"CB",0,"IFNgHIGH","C-section","Preterm",0,"total_CD4_T_cells",29.8628365701537
"3839",382,2600164335,"1-6d",1,"1-6d",3,"IFNgHIGH","Vaginal","Term",0,"total_CD4_T_cells",12.3020742913586
"3840",382,2600164468,"CB",0,"CB",0,"IFNgHIGH","Vaginal","Term",0,"total_CD4_T_cells",12.3929398901414
"3841",386,2600164471,"1-6d",1,"1-6d",2,"IFNgHIGH","C-section","Preterm",0,"total_CD4_T_cells",2.66480509519007
"3842",437,2600164476,"CB",0,"CB",0,"IFNgLOW","Vaginal","Preterm",1,"total_CD4_T_cells",39.279154497004
"3843",437,2600164346,"1-6d",1,"1-6d",4,"IFNgLOW","Vaginal","Preterm",1,"total_CD4_T_cells",21.3473830600947
"3844",437,2600164378,"56-120dd",3,"56-120dd",76,"IFNgLOW","Vaginal","Preterm",1,"total_CD4_T_cells",38.5167120929566
"3845",477,2600164470,"CB",0,"CB",0,"IFNgLOW","Vaginal","Term",0,"total_CD4_T_cells",10.8741703149273
"3846",477,2600164345,"1-6d",1,"1-6d",4,"IFNgLOW","Vaginal","Term",0,"total_CD4_T_cells",13.4110565980477
"3847",480,2600164474,"CB",0,"CB",0,"IFNgHIGH","Vaginal","Term",0,"total_CD4_T_cells",7.00539722079762
"3848",480,2600164356,"1-6d",1,"1-6d",1,"IFNgHIGH","Vaginal","Term",0,"total_CD4_T_cells",8.7094367773219
"3849",488,2600164478,"1-6d",1,"1-6d",3,"IFNgLOW","Vaginal","Term",0,"total_CD4_T_cells",3.36646141931957
"3850",488,2600164372,"1-6d",1,"1-6d",2,"IFNgLOW","Vaginal","Term",0,"total_CD4_T_cells",7.38562626416153
"3851",492,2600164373,"1-6d",1,"1-6d",2,"IFNgHIGH","Vaginal","Term",1,"total_CD4_T_cells",6.24484505714621
"3852",492,2600100553,"CB",0,"CB",0,"IFNgHIGH","Vaginal","Term",1,"total_CD4_T_cells",7.31371649518316
"3853",508,2600164368,"1-6d",1,"1-6d",2,"IFNgLOW","C-section","Preterm",0,"total_CD4_T_cells",7.66106305290759
"3854",508,2600164473,"CB",0,"CB",0,"IFNgLOW","C-section","Preterm",0,"total_CD4_T_cells",9.44405583288289
"3855",522,2600164496,"CB",0,"CB",0,"IFNgHIGH","Vaginal","Term",0,"total_CD4_T_cells",10.6015680424936
"3856",522,2600164397,"1-6d",1,"1-6d",3,"IFNgHIGH","Vaginal","Term",0,"total_CD4_T_cells",27.021214194936
"3857",522,2600164442,"56-120dd",3,"56-120dd",99,"IFNgHIGH","Vaginal","Term",0,"total_CD4_T_cells",35.3413654618474
"3858",529,2600164502,"1-6d",1,"1-6d",1,"IFNgLOW","C-section","Preterm",0,"total_CD4_T_cells",30.7587274134086
"3859",529,2600164407,"1-6d",1,"1-6d",2,"IFNgLOW","C-section","Preterm",0,"total_CD4_T_cells",4.57046603032005
"3860",529,2600164409,"1-6d",1,"1-6d",6,"IFNgLOW","C-section","Preterm",0,"total_CD4_T_cells",15.9422650304681
"3861",530,2600164408,"1-6d",1,"1-6d",6,"IFNgLOW","C-section","Preterm",0,"total_CD4_T_cells",10.429361488185
"3862",530,2600164405,"1-6d",1,"1-6d",2,"IFNgLOW","C-section","Preterm",0,"total_CD4_T_cells",13.9845490813508
"3863",531,2600164406,"1-6d",1,"1-6d",2,"IFNgHIGH","C-section","Preterm",0,"total_CD4_T_cells",17.782458251843
"3864",531,2600164411,"1-6d",1,"1-6d",6,"IFNgHIGH","C-section","Preterm",0,"total_CD4_T_cells",9.47543186939163
"3865",531,2600164499,"1-6d",1,"1-6d",1,"IFNgHIGH","C-section","Preterm",0,"total_CD4_T_cells",27.6300578034683
"3866",532,2600164414,"1-6d",1,"1-6d",2,"IFNgHIGH","Vaginal","Term",0,"total_CD4_T_cells",10.0453514739229
"3867",532,2600164503,"CB",0,"CB",0,"IFNgHIGH","Vaginal","Term",0,"total_CD4_T_cells",6.80920807569098
"3868",533,2600164416,"1-6d",1,"1-6d",3,"IFNgHIGH","Vaginal","Term",0,"total_CD4_T_cells",11.2751348237139
"3869",533,2600164504,"CB",0,"CB",0,"IFNgHIGH","Vaginal","Term",0,"total_CD4_T_cells",13.49499377547
"3870",534,2600164505,"CB",0,"CB",0,"IFNgHIGH","Vaginal","Term",1,"total_CD4_T_cells",8.60432399217347
"3871",534,2600164415,"1-6d",1,"1-6d",2,"IFNgHIGH","Vaginal","Term",1,"total_CD4_T_cells",15.1714582611708
"3872",537,2600164417,"1-6d",1,"1-6d",2,"IFNgHIGH","Vaginal","Term",0,"total_CD4_T_cells",14.5384410747539
"3873",537,2600164506,"CB",0,"CB",0,"IFNgHIGH","Vaginal","Term",0,"total_CD4_T_cells",6.02909488534642
"3874",542,2600164452,"1-6d",1,"1-6d",6,"IFNgLOW","C-section","Preterm",0,"total_CD4_T_cells",25.8652019492855
"3875",542,2600164513,"CB",0,"CB",0,"IFNgLOW","C-section","Preterm",0,"total_CD4_T_cells",56.1836427982742
"3876",545,2600164514,"CB",0,"CB",0,"IFNgLOW","C-section","Preterm",0,"total_CD4_T_cells",21.6263452123011
"3877",15,2600100700,"CB",0,"CB",0,"IFNgHIGH","Vaginal","Term",1,"total_B_cells",0.0802139037433155
"3878",15,2600100490,"1-6d",1,"1-6d",2,"IFNgHIGH","Vaginal","Term",1,"total_B_cells",0.0669176076955249
"3879",18,2600100486,"1-6d",1,"1-6d",2,"IFNgHIGH","Vaginal","Term",1,"total_B_cells",1.85185185185186
"3880",18,2600100707,"CB",0,"CB",0,"IFNgHIGH","Vaginal","Term",1,"total_B_cells",0.946372239747635
"3881",28,2600100706,"CB",0,"CB",0,"IFNgHIGH","Vaginal","Term",0,"total_B_cells",1.03092783505155
"3882",28,2600100503,"1-6d",1,"1-6d",5,"IFNgHIGH","Vaginal","Term",0,"total_B_cells",1.84331797235023
"3883",42,2600100429,"56-120dd",3,"56-120dd",108,"IFNgLOW","Vaginal","Term",1,"total_B_cells",17.1533113794365
"3884",42,2600100480,"1-6d",1,"1-6d",3,"IFNgLOW","Vaginal","Term",1,"total_B_cells",3.30191475487581
"3885",42,2600100343,"56-120dd",3,"56-120dd",63,"IFNgLOW","Vaginal","Term",1,"total_B_cells",22.5846153846154
"3886",42,2600100696,"CB",0,"CB",0,"IFNgLOW","Vaginal","Term",1,"total_B_cells",4.98300370828183
"3887",80,2600100695,"CB",0,"CB",0,"IFNgHIGH","C-section","Term",1,"total_B_cells",1.87774400540358
"3888",80,2600100485,"1-6d",1,"1-6d",4,"IFNgHIGH","C-section","Term",1,"total_B_cells",3.54175321977565
"3889",88,66600203,"56-120dd",3,"56-120dd",105,"IFNgLOW","Vaginal","Term",0,"total_B_cells",7.98392132375898
"3890",93,66600194,"56-120dd",3,"56-120dd",105,"IFNgLOW","Vaginal","Term",0,"total_B_cells",15.8077485380117
"3891",101,66600197,"56-120dd",3,"56-120dd",113,"IFNgLOW","Vaginal","Term",1,"total_B_cells",7.37878916532223
"3892",104,66600202,"56-120dd",3,"56-120dd",71,"IFNgLOW","Vaginal","Term",1,"total_B_cells",8.2121574609585
"3893",107,66600241,"1-6d",1,"1-6d",4,"IFNgLOW","Vaginal","Term",1,"total_B_cells",2.35939894013297
"3894",107,66600231,"CB",0,"CB",0,"IFNgLOW","Vaginal","Term",1,"total_B_cells",3.59450267406724
"3895",107,66627239,"56-120dd",3,"56-120dd",94,"IFNgLOW","Vaginal","Term",1,"total_B_cells",10.9816299476043
"3896",110,66627240,"56-120dd",3,"56-120dd",85,"IFNgLOW","Vaginal","Term",1,"total_B_cells",10.2223262138323
"3897",110,66600235,"CB",0,"CB",0,"IFNgLOW","Vaginal","Term",1,"total_B_cells",4.32531017577324
"3898",110,66600233,"1-6d",1,"1-6d",2,"IFNgLOW","Vaginal","Term",1,"total_B_cells",2.97920456221425
"3899",113,66593911,"1-6d",1,"1-6d",2,"IFNgLOW","Vaginal","Term",0,"total_B_cells",1.43540532716522
"3900",113,66600237,"CB",0,"CB",0,"IFNgLOW","Vaginal","Term",0,"total_B_cells",11.1584775297608
"3901",116,66627285,"1-6d",1,"1-6d",3,"IFNgLOW","Vaginal","Term",1,"total_B_cells",3.68429410830554
"3902",116,66627428,"CB",0,"CB",0,"IFNgLOW","Vaginal","Term",1,"total_B_cells",6.20272314674736
"3903",119,66627306,"1-6d",1,"1-6d",3,"IFNgLOW","Vaginal","Term",1,"total_B_cells",1.25384517605186
"3904",119,66627297,"56-120dd",3,"56-120dd",112,"IFNgLOW","Vaginal","Term",1,"total_B_cells",9.22210089952117
"3905",119,66627429,"CB",0,"CB",0,"IFNgLOW","Vaginal","Term",1,"total_B_cells",2.44639912039582
"3906",122,66627275,"1-6d",1,"1-6d",3,"IFNgLOW","Vaginal","Term",0,"total_B_cells",4.35404785454239
"3907",122,66627435,"CB",0,"CB",0,"IFNgLOW","Vaginal","Term",0,"total_B_cells",10.3246653331282
"3908",126,2600100694,"CB",0,"CB",0,"IFNgHIGH","C-section","Term",0,"total_B_cells",6.51337309986532
"3909",126,2600100446,"56-120dd",3,"56-120dd",95,"IFNgHIGH","C-section","Term",0,"total_B_cells",22.5006617841701
"3910",126,2600100479,"1-6d",1,"1-6d",2,"IFNgHIGH","C-section","Term",0,"total_B_cells",11.3193003261192
"3911",129,2600100693,"CB",0,"CB",0,"IFNgHIGH","Vaginal","Term",1,"total_B_cells",15.2220289474548
"3912",129,2600100472,"1-6d",1,"1-6d",3,"IFNgHIGH","Vaginal","Term",1,"total_B_cells",4.90647299750876
"3913",141,2600100690,"CB",0,"CB",0,"IFNgLOW","Vaginal","Term",1,"total_B_cells",4.4460688409692
"3914",141,2600100443,"56-120dd",3,"56-120dd",85,"IFNgLOW","Vaginal","Term",1,"total_B_cells",17.4133079616996
"3915",141,2600100475,"1-6d",1,"1-6d",2,"IFNgLOW","Vaginal","Term",1,"total_B_cells",5.77949021932425
"3916",144,2600100686,"CB",0,"CB",0,"IFNgLOW","Vaginal","Term",0,"total_B_cells",4.59844559585491
"3917",144,2600100483,"1-6d",1,"1-6d",2,"IFNgLOW","Vaginal","Term",0,"total_B_cells",2.97573630398291
"3918",144,2600100439,"56-120dd",3,"56-120dd",79,"IFNgLOW","Vaginal","Term",0,"total_B_cells",21.5077605321508
"3919",147,2600100687,"CB",0,"CB",0,"IFNgLOW","C-section","Term",1,"total_B_cells",7.79816513761468
"3920",147,2600100430,"56-120dd",3,"56-120dd",77,"IFNgLOW","C-section","Term",1,"total_B_cells",26.24
"3921",147,2600100468,"1-6d",1,"1-6d",2,"IFNgLOW","C-section","Term",1,"total_B_cells",5.96330275229358
"3922",150,2600100684,"CB",0,"CB",0,"IFNgHIGH","C-section","Term",1,"total_B_cells",8.9817880794702
"3923",150,2600100469,"1-6d",1,"1-6d",3,"IFNgHIGH","C-section","Term",1,"total_B_cells",6.97354860872553
"3924",153,2600100470,"1-6d",1,"1-6d",2,"IFNgLOW","C-section","Term",0,"total_B_cells",12.0452137054045
"3925",153,2600100426,"56-120dd",3,"56-120dd",78,"IFNgLOW","C-section","Term",0,"total_B_cells",26.5438041534864
"3926",153,2600100685,"CB",0,"CB",0,"IFNgLOW","C-section","Term",0,"total_B_cells",12.7118972807324
"3927",162,2600100425,"56-120dd",3,"56-120dd",69,"IFNgLOW","C-section","Term",0,"total_B_cells",24.0767045454545
"3928",162,2600100683,"CB",0,"CB",0,"IFNgLOW","C-section","Term",0,"total_B_cells",0.419161676646706
"3929",162,2600100341,"1-6d",1,"1-6d",2,"IFNgLOW","C-section","Term",0,"total_B_cells",0.34407256803253
"3930",165,2600100680,"CB",0,"CB",0,"IFNgHIGH","Vaginal","Term",0,"total_B_cells",10.1749760306807
"3931",165,2600100477,"1-6d",1,"1-6d",2,"IFNgHIGH","Vaginal","Term",0,"total_B_cells",4.01146131805157
"3932",168,2600100679,"CB",0,"CB",0,"IFNgHIGH","Vaginal","Term",0,"total_B_cells",6.09881511289963
"3933",168,2600100467,"1-6d",1,"1-6d",2,"IFNgHIGH","Vaginal","Term",0,"total_B_cells",1.51891517693529
"3934",174,2600100626,"CB",0,"CB",0,"IFNgHIGH","C-section","Term",1,"total_B_cells",15.5867239194707
"3935",174,2600100463,"1-6d",1,"1-6d",2,"IFNgHIGH","C-section","Term",1,"total_B_cells",8.11952810735896
"3936",177,2600100462,"1-6d",1,"1-6d",2,"IFNgHIGH","C-section","Term",1,"total_B_cells",8.9543948741346
"3937",177,2600100675,"CB",0,"CB",0,"IFNgHIGH","C-section","Term",1,"total_B_cells",7.01195697891005
"3938",180,2600100466,"1-6d",1,"1-6d",2,"IFNgLOW","C-section","Term",0,"total_B_cells",4.46729602157789
"3939",180,2600100356,"56-120dd",3,"56-120dd",118,"IFNgLOW","C-section","Term",0,"total_B_cells",23.0670296456667
"3940",180,2600100677,"CB",0,"CB",0,"IFNgLOW","C-section","Term",0,"total_B_cells",7.81720952843948
"3941",189,2600100453,"1-6d",1,"1-6d",6,"IFNgLOW","C-section","Preterm",1,"total_B_cells",6.07630088378551
"3942",189,2600100666,"CB",0,"CB",0,"IFNgLOW","C-section","Preterm",1,"total_B_cells",15.0997396102183
"3943",203,66600227,"56-120dd",3,"56-120dd",84,"IFNgLOW","C-section","Preterm",0,"total_B_cells",9.07214156079855
"3944",204,66600193,"1-6d",1,"1-6d",2,"IFNgLOW","C-section","Preterm",1,"total_B_cells",0.0527542093462874
"3945",204,66600238,"56-120dd",3,"56-120dd",89,"IFNgLOW","C-section","Preterm",1,"total_B_cells",0.296017222820237
"3946",205,66600239,"56-120dd",3,"56-120dd",89,"IFNgLOW","C-section","Preterm",0,"total_B_cells",0.861326442721792
"3947",205,66600192,"1-6d",1,"1-6d",2,"IFNgLOW","C-section","Preterm",0,"total_B_cells",0.0510584414921319
"3948",206,66600240,"56-120dd",3,"56-120dd",83,"IFNgLOW","Vaginal","Preterm",1,"total_B_cells",8.69761392892215
"3949",210,66600164,"1-6d",1,"1-6d",6,"IFNgLOW","C-section","Preterm",1,"total_B_cells",4.11345165035661
"3950",210,66627234,"56-120dd",3,"56-120dd",67,"IFNgLOW","C-section","Preterm",1,"total_B_cells",12.0765315078111
"3951",210,66600210,"CB",0,"CB",0,"IFNgLOW","C-section","Preterm",1,"total_B_cells",5.11081706913662
"3952",211,66627244,"56-120dd",3,"56-120dd",86,"IFNgLOW","C-section","Preterm",0,"total_B_cells",16.5827458878819
"3953",211,66600168,"CB",0,"CB",0,"IFNgLOW","C-section","Preterm",0,"total_B_cells",6.08410892795586
"3954",211,66600224,"1-6d",1,"1-6d",3,"IFNgLOW","C-section","Preterm",0,"total_B_cells",3.63369963369964
"3955",212,66627412,"CB",0,"CB",0,"IFNgLOW","C-section","Preterm",0,"total_B_cells",0.0831154438884175
"3956",212,66627215,"1-6d",1,"1-6d",3,"IFNgLOW","C-section","Preterm",0,"total_B_cells",0.062335434453044
"3957",213,66627411,"CB",0,"CB",0,"IFNgLOW","C-section","Preterm",0,"total_B_cells",0.103438359750889
"3958",213,66627214,"1-6d",1,"1-6d",3,"IFNgLOW","C-section","Preterm",0,"total_B_cells",0.156724020195009
"3959",213,66627246,"56-120dd",3,"56-120dd",86,"IFNgLOW","C-section","Preterm",0,"total_B_cells",0.673879280844455
"3960",214,66627410,"CB",0,"CB",0,"IFNgLOW","C-section","Preterm",1,"total_B_cells",0.144880451675784
"3961",214,66627213,"1-6d",1,"1-6d",3,"IFNgLOW","C-section","Preterm",1,"total_B_cells",0.0481269766436835
"3962",214,66627247,"56-120dd",3,"56-120dd",86,"IFNgLOW","C-section","Preterm",1,"total_B_cells",0.528243686138423
"3963",215,66627218,"1-6d",1,"1-6d",3,"IFNgLOW","C-section","Preterm",0,"total_B_cells",0.261392228124126
"3964",215,66627501,"CB",0,"CB",0,"IFNgLOW","C-section","Preterm",0,"total_B_cells",5.65770110459033
"3965",215,66627254,"56-120dd",3,"56-120dd",95,"IFNgLOW","C-section","Preterm",0,"total_B_cells",1.70260921003562
"3966",216,66627219,"1-6d",1,"1-6d",3,"IFNgLOW","C-section","Preterm",1,"total_B_cells",0.847493537861773
"3967",216,66627248,"56-120dd",3,"56-120dd",81,"IFNgLOW","C-section","Preterm",1,"total_B_cells",3.04624880658985
"3968",216,66627503,"CB",0,"CB",0,"IFNgLOW","C-section","Preterm",1,"total_B_cells",5.44883589705846
"3969",216,66627221,"CB",0,"CB",0,"IFNgLOW","C-section","Preterm",1,"total_B_cells",1.04928216977916
"3970",217,66627217,"1-6d",1,"1-6d",3,"IFNgLOW","C-section","Preterm",1,"total_B_cells",1.10163710777626
"3971",217,66627249,"56-120dd",3,"56-120dd",81,"IFNgLOW","C-section","Preterm",1,"total_B_cells",6.34673802979894
"3972",217,66627504,"CB",0,"CB",0,"IFNgLOW","C-section","Preterm",1,"total_B_cells",6.53543307086614
"3973",217,66627222,"CB",0,"CB",0,"IFNgLOW","C-section","Preterm",1,"total_B_cells",0.565466982915679
"3974",218,66627229,"1-6d",1,"1-6d",4,"IFNgLOW","Vaginal","Preterm",0,"total_B_cells",0.0499053877024806
"3975",218,66627256,"56-120dd",3,"56-120dd",104,"IFNgLOW","Vaginal","Preterm",0,"total_B_cells",2.81620281069165
"3976",219,66627230,"1-6d",1,"1-6d",4,"IFNgLOW","C-section","Preterm",0,"total_B_cells",0.335899230230931
"3977",219,66627413,"CB",0,"CB",0,"IFNgLOW","C-section","Preterm",0,"total_B_cells",1.01522842639594
"3978",219,66627255,"56-120dd",3,"56-120dd",81,"IFNgLOW","C-section","Preterm",0,"total_B_cells",6.75616419873848
"3979",220,66627235,"1-6d",1,"1-6d",5,"IFNgLOW","C-section","Preterm",0,"total_B_cells",6.439595529537
"3980",220,66627414,"CB",0,"CB",0,"IFNgLOW","C-section","Preterm",0,"total_B_cells",16.170758773755
"3981",220,66627257,"56-120dd",3,"56-120dd",90,"IFNgLOW","C-section","Preterm",0,"total_B_cells",11.6201010775245
"3982",221,66627261,"56-120dd",3,"56-120dd",104,"IFNgLOW","C-section","Preterm",0,"total_B_cells",26.3759975883352
"3983",221,66627415,"CB",0,"CB",0,"IFNgLOW","C-section","Preterm",0,"total_B_cells",1.53993636289467
"3984",221,66627241,"1-6d",1,"1-6d",2,"IFNgLOW","C-section","Preterm",0,"total_B_cells",0.680922372489321
"3985",223,66627418,"1-6d",1,"1-6d",1,"IFNgLOW","C-section","Preterm",0,"total_B_cells",3.75885254095038
"3986",223,66627267,"56-120dd",3,"56-120dd",79,"IFNgLOW","C-section","Preterm",0,"total_B_cells",16.911817984204
"3987",223,66627251,"1-6d",1,"1-6d",3,"IFNgLOW","C-section","Preterm",0,"total_B_cells",4.82180293501048
"3988",224,66627258,"1-6d",1,"1-6d",5,"IFNgLOW","C-section","Preterm",1,"total_B_cells",0.76217195628032
"3989",225,66627259,"1-6d",1,"1-6d",6,"IFNgLOW","C-section","Preterm",1,"total_B_cells",0.759808272678857
"3990",225,66627500,"CB",0,"CB",0,"IFNgLOW","C-section","Preterm",1,"total_B_cells",5.56216904067976
"3991",226,66627498,"CB",0,"CB",0,"IFNgLOW","C-section","Preterm",1,"total_B_cells",6.69676983928395
"3992",226,66627270,"1-6d",1,"1-6d",2,"IFNgLOW","C-section","Preterm",1,"total_B_cells",0.810328907568376
"3993",230,66627425,"CB",0,"CB",0,"IFNgLOW","C-section","Preterm",0,"total_B_cells",8.59761603756548
"3994",230,66600169,"1-6d",1,"1-6d",6,"IFNgLOW","C-section","Preterm",0,"total_B_cells",1.56729316164295
"3995",230,66600236,"56-120dd",3,"56-120dd",76,"IFNgLOW","C-section","Preterm",0,"total_B_cells",8.41557148736994
"3996",267,2600100465,"1-6d",1,"1-6d",2,"IFNgLOW","C-section","Term",0,"total_B_cells",13.1158917418459
"3997",267,2600100353,"56-120dd",3,"56-120dd",118,"IFNgLOW","C-section","Term",0,"total_B_cells",25.4643701452212
"3998",267,2600100678,"CB",0,"CB",0,"IFNgLOW","C-section","Term",0,"total_B_cells",14.371617558629
"3999",270,2600100674,"CB",0,"CB",0,"IFNgHIGH","C-section","Term",0,"total_B_cells",11.2159911160466
"4000",270,2600100460,"1-6d",1,"1-6d",2,"IFNgHIGH","C-section","Term",0,"total_B_cells",6.92561377794065
"4001",273,2600100673,"CB",0,"CB",0,"IFNgLOW","C-section","Term",1,"total_B_cells",4.34969853574504
"4002",273,2600100461,"1-6d",1,"1-6d",2,"IFNgLOW","C-section","Term",1,"total_B_cells",3.26460481099657
"4003",276,2600100671,"CB",0,"CB",0,"IFNgHIGH","C-section","Term",1,"total_B_cells",3.59914248618618
"4004",276,2600100458,"1-6d",1,"1-6d",2,"IFNgHIGH","C-section","Term",1,"total_B_cells",3.00429184549356
"4005",282,2600100669,"CB",0,"CB",0,"IFNgHIGH","Vaginal","Term",1,"total_B_cells",4.23345543345543
"4006",282,2600100456,"1-6d",1,"1-6d",2,"IFNgHIGH","Vaginal","Term",1,"total_B_cells",3.7772492198922
"4007",285,2600100350,"56-120dd",3,"56-120dd",86,"IFNgHIGH","Vaginal","Term",0,"total_B_cells",12.4152055938218
"4008",285,2600100455,"1-6d",1,"1-6d",2,"IFNgHIGH","Vaginal","Term",0,"total_B_cells",1.74621262903874
"4009",285,2600100668,"CB",0,"CB",0,"IFNgHIGH","Vaginal","Term",0,"total_B_cells",6.22947000582411
"4010",290,2600100447,"1-6d",1,"1-6d",3,"IFNgHIGH","Vaginal","Term",0,"total_B_cells",2.42473226914528
"4011",290,2600100405,"56-120dd",3,"56-120dd",94,"IFNgHIGH","Vaginal","Term",0,"total_B_cells",21.3768214626174
"4012",290,2600100664,"CB",0,"CB",0,"IFNgHIGH","Vaginal","Term",0,"total_B_cells",3.12831858407079
"4013",293,2600100410,"56-120dd",3,"56-120dd",86,"IFNgLOW","Vaginal","Term",1,"total_B_cells",8.45767486057535
"4014",293,2600100421,"1-6d",1,"1-6d",2,"IFNgLOW","Vaginal","Term",1,"total_B_cells",3.66622864651774
"4015",293,2600100662,"CB",0,"CB",0,"IFNgLOW","Vaginal","Term",1,"total_B_cells",5.05103478505901
"4016",297,2600100361,"1-6d",1,"1-6d",2,"IFNgHIGH","Vaginal","Term",1,"total_B_cells",1.63934426229508
"4017",297,2600100519,"CB",0,"CB",0,"IFNgHIGH","Vaginal","Term",1,"total_B_cells",1.0922415615531
"4018",299,2600100363,"1-6d",1,"1-6d",2,"IFNgHIGH","Vaginal","Term",1,"total_B_cells",3.36970474967908
"4019",299,2600100520,"CB",0,"CB",0,"IFNgHIGH","Vaginal","Term",1,"total_B_cells",2.31466666666666
"4020",302,2600100364,"1-6d",1,"1-6d",3,"IFNgHIGH","Vaginal","Term",1,"total_B_cells",1.94235588972431
"4021",302,2600100521,"CB",0,"CB",0,"IFNgHIGH","Vaginal","Term",1,"total_B_cells",2.29018764410502
"4022",305,2600100411,"56-120dd",3,"56-120dd",77,"IFNgHIGH","Vaginal","Term",1,"total_B_cells",12.3461764979387
"4023",305,2600100371,"1-6d",1,"1-6d",3,"IFNgHIGH","Vaginal","Term",1,"total_B_cells",2.54735063168525
"4024",305,2600100522,"CB",0,"CB",0,"IFNgHIGH","Vaginal","Term",1,"total_B_cells",3.44556164940077
"4025",308,2600100374,"1-6d",1,"1-6d",3,"IFNgHIGH","Vaginal","Term",1,"total_B_cells",2.96022201665126
"4026",308,2600100523,"CB",0,"CB",0,"IFNgHIGH","Vaginal","Term",1,"total_B_cells",5.3501026359519
"4027",311,2600164329,"56-120dd",3,"56-120dd",119,"IFNgHIGH","Vaginal","Term",0,"total_B_cells",21.0149138098005
"4028",311,2600100369,"1-6d",1,"1-6d",2,"IFNgHIGH","Vaginal","Term",0,"total_B_cells",2.91729323308271
"4029",311,2600100524,"CB",0,"CB",0,"IFNgHIGH","Vaginal","Term",0,"total_B_cells",3.61398761513243
"4030",324,2600100347,"1-6d",1,"1-6d",6,"IFNgLOW","Vaginal","Preterm",1,"total_B_cells",17.2179417971242
"4031",324,2600100517,"CB",0,"CB",0,"IFNgLOW","Vaginal","Preterm",1,"total_B_cells",17.3915036674816
"4032",332,2600100376,"1-6d",1,"1-6d",2,"IFNgHIGH","Vaginal","Term",0,"total_B_cells",2.1183800623053
"4033",332,2600100525,"CB",0,"CB",0,"IFNgHIGH","Vaginal","Term",0,"total_B_cells",3.02842648057067
"4034",334,2600100377,"1-6d",1,"1-6d",5,"IFNgLOW","Vaginal","Term",0,"total_B_cells",4.50154718623886
"4035",334,2600100526,"CB",0,"CB",0,"IFNgLOW","Vaginal","Term",0,"total_B_cells",8.67683567802107
"4036",337,2600100688,"CB",0,"CB",0,"IFNgLOW","Vaginal","Term",1,"total_B_cells",1.17266081154016
"4037",337,2600100471,"1-6d",1,"1-6d",5,"IFNgLOW","Vaginal","Term",1,"total_B_cells",4.51535555462619
"4038",337,2600100431,"56-120dd",3,"56-120dd",83,"IFNgLOW","Vaginal","Term",1,"total_B_cells",13.9473028010972
"4039",340,2600100380,"1-6d",1,"1-6d",3,"IFNgHIGH","Vaginal","Term",0,"total_B_cells",2.26768377253814
"4040",340,2600164340,"56-120dd",3,"56-120dd",104,"IFNgHIGH","Vaginal","Term",0,"total_B_cells",14.5354483651667
"4041",340,2600100528,"CB",0,"CB",0,"IFNgHIGH","Vaginal","Term",0,"total_B_cells",4.69751809720786
"4042",343,2600100378,"1-6d",1,"1-6d",6,"IFNgLOW","Vaginal","Preterm",0,"total_B_cells",5.39789279471742
"4043",343,2600100527,"1-6d",1,"1-6d",1,"IFNgLOW","Vaginal","Preterm",0,"total_B_cells",6.6352118829183
"4044",343,2600164342,"56-120dd",3,"56-120dd",112,"IFNgLOW","Vaginal","Preterm",0,"total_B_cells",13.7704291833783
"4045",347,2600100538,"CB",0,"CB",0,"IFNgLOW","C-section","Preterm",1,"total_B_cells",4.12997903563941
"4046",347,2600100413,"1-6d",1,"1-6d",5,"IFNgLOW","C-section","Preterm",1,"total_B_cells",2.21285949807657
"4047",347,2600164338,"56-120dd",3,"56-120dd",74,"IFNgLOW","C-section","Preterm",1,"total_B_cells",34.7647306200645
"4048",350,2600164314,"1-6d",1,"1-6d",5,"IFNgLOW","C-section","Preterm",1,"total_B_cells",6.91707275001078
"4049",350,2600164465,"1-6d",1,"1-6d",2,"IFNgLOW","C-section","Preterm",1,"total_B_cells",0.837689739875291
"4050",356,2600164316,"1-6d",1,"1-6d",2,"IFNgLOW","C-section","Preterm",1,"total_B_cells",2.84738041002278
"4051",356,2600164464,"CB",0,"CB",0,"IFNgLOW","C-section","Preterm",1,"total_B_cells",5.22525558925963
"4052",356,2600164343,"56-120dd",3,"56-120dd",58,"IFNgLOW","C-section","Preterm",1,"total_B_cells",19.5239185168231
"4053",357,2600164461,"CB",0,"CB",0,"IFNgHIGH","Vaginal","Term",1,"total_B_cells",4.99926481399794
"4054",357,2600164353,"56-120dd",3,"56-120dd",92,"IFNgHIGH","Vaginal","Term",1,"total_B_cells",15.1784184984299
"4055",357,2600164322,"1-6d",1,"1-6d",3,"IFNgHIGH","Vaginal","Term",1,"total_B_cells",6.53580516175936
"4056",363,2600164325,"1-6d",1,"1-6d",2,"IFNgLOW","Vaginal","Term",1,"total_B_cells",4.0792196275495
"4057",363,2600164467,"CB",0,"CB",0,"IFNgLOW","Vaginal","Term",1,"total_B_cells",8.85767355467843
"4058",366,2600164367,"56-120dd",3,"56-120dd",92,"IFNgHIGH","Vaginal","Term",1,"total_B_cells",9.12556024341838
"4059",366,2600164320,"1-6d",1,"1-6d",2,"IFNgHIGH","Vaginal","Term",1,"total_B_cells",1.09934930662266
"4060",366,2600100547,"CB",0,"CB",0,"IFNgHIGH","Vaginal","Term",1,"total_B_cells",6.08182342973128
"4061",367,2600100548,"CB",0,"CB",0,"IFNgHIGH","Vaginal","Term",1,"total_B_cells",5.6924157643582
"4062",367,2600164323,"1-6d",1,"1-6d",2,"IFNgHIGH","Vaginal","Term",1,"total_B_cells",2.28256039664165
"4063",376,2600100550,"1-6d",1,"1-6d",2,"IFNgLOW","C-section","Preterm",0,"total_B_cells",5.5535442763015
"4064",376,2600164331,"1-6d",1,"1-6d",5,"IFNgLOW","C-section","Preterm",0,"total_B_cells",2.29002969462198
"4065",379,2600164336,"1-6d",1,"1-6d",4,"IFNgHIGH","C-section","Preterm",0,"total_B_cells",1.58271842583681
"4066",379,2600164469,"CB",0,"CB",0,"IFNgHIGH","C-section","Preterm",0,"total_B_cells",3.95897773946554
"4067",382,2600164335,"1-6d",1,"1-6d",3,"IFNgHIGH","Vaginal","Term",0,"total_B_cells",0.716872698973331
"4068",382,2600164468,"CB",0,"CB",0,"IFNgHIGH","Vaginal","Term",0,"total_B_cells",0.618280269700361
"4069",386,2600164471,"1-6d",1,"1-6d",2,"IFNgHIGH","C-section","Preterm",0,"total_B_cells",0.523136058467134
"4070",437,2600164476,"CB",0,"CB",0,"IFNgLOW","Vaginal","Preterm",1,"total_B_cells",11.5187739002138
"4071",437,2600164346,"1-6d",1,"1-6d",4,"IFNgLOW","Vaginal","Preterm",1,"total_B_cells",4.40747773528389
"4072",437,2600164378,"56-120dd",3,"56-120dd",76,"IFNgLOW","Vaginal","Preterm",1,"total_B_cells",10.9238272844642
"4073",477,2600164470,"CB",0,"CB",0,"IFNgLOW","Vaginal","Term",0,"total_B_cells",1.7511650896766
"4074",477,2600164345,"1-6d",1,"1-6d",4,"IFNgLOW","Vaginal","Term",0,"total_B_cells",0.541196702240656
"4075",480,2600164474,"CB",0,"CB",0,"IFNgHIGH","Vaginal","Term",0,"total_B_cells",0.232007228856815
"4076",480,2600164356,"1-6d",1,"1-6d",1,"IFNgHIGH","Vaginal","Term",0,"total_B_cells",0.447594181275643
"4077",488,2600164478,"1-6d",1,"1-6d",3,"IFNgLOW","Vaginal","Term",0,"total_B_cells",1.8950581196711
"4078",488,2600164372,"1-6d",1,"1-6d",2,"IFNgLOW","Vaginal","Term",0,"total_B_cells",2.94045433819318
"4079",492,2600164373,"1-6d",1,"1-6d",2,"IFNgHIGH","Vaginal","Term",1,"total_B_cells",1.26958878284435
"4080",492,2600100553,"CB",0,"CB",0,"IFNgHIGH","Vaginal","Term",1,"total_B_cells",1.16558845833373
"4081",508,2600164368,"1-6d",1,"1-6d",2,"IFNgLOW","C-section","Preterm",0,"total_B_cells",1.70252652731149
"4082",508,2600164473,"CB",0,"CB",0,"IFNgLOW","C-section","Preterm",0,"total_B_cells",1.39661695971511
"4083",522,2600164496,"CB",0,"CB",0,"IFNgHIGH","Vaginal","Term",0,"total_B_cells",2.55398104524039
"4084",522,2600164397,"1-6d",1,"1-6d",3,"IFNgHIGH","Vaginal","Term",0,"total_B_cells",2.23140091895591
"4085",522,2600164442,"56-120dd",3,"56-120dd",99,"IFNgHIGH","Vaginal","Term",0,"total_B_cells",10.2894335964548
"4086",529,2600164502,"1-6d",1,"1-6d",1,"IFNgLOW","C-section","Preterm",0,"total_B_cells",11.0554822265714
"4087",529,2600164407,"1-6d",1,"1-6d",2,"IFNgLOW","C-section","Preterm",0,"total_B_cells",1.98016095826315
"4088",529,2600164409,"1-6d",1,"1-6d",6,"IFNgLOW","C-section","Preterm",0,"total_B_cells",3.20518940776726
"4089",530,2600164408,"1-6d",1,"1-6d",6,"IFNgLOW","C-section","Preterm",0,"total_B_cells",0.756158873805933
"4090",530,2600164405,"1-6d",1,"1-6d",2,"IFNgLOW","C-section","Preterm",0,"total_B_cells",1.34761898408208
"4091",531,2600164406,"1-6d",1,"1-6d",2,"IFNgHIGH","C-section","Preterm",0,"total_B_cells",5.92748608394764
"4092",531,2600164411,"1-6d",1,"1-6d",6,"IFNgHIGH","C-section","Preterm",0,"total_B_cells",1.8025852867929
"4093",531,2600164499,"1-6d",1,"1-6d",1,"IFNgHIGH","C-section","Preterm",0,"total_B_cells",10.1734104046243
"4094",532,2600164414,"1-6d",1,"1-6d",2,"IFNgHIGH","Vaginal","Term",0,"total_B_cells",1.47896195515243
"4095",532,2600164503,"CB",0,"CB",0,"IFNgHIGH","Vaginal","Term",0,"total_B_cells",0.945309460544505
"4096",533,2600164416,"1-6d",1,"1-6d",3,"IFNgHIGH","Vaginal","Term",0,"total_B_cells",1.19381558193787
"4097",533,2600164504,"CB",0,"CB",0,"IFNgHIGH","Vaginal","Term",0,"total_B_cells",1.33747592649734
"4098",534,2600164505,"CB",0,"CB",0,"IFNgHIGH","Vaginal","Term",1,"total_B_cells",1.24836273669572
"4099",534,2600164415,"1-6d",1,"1-6d",2,"IFNgHIGH","Vaginal","Term",1,"total_B_cells",1.83377819433974
"4100",537,2600164417,"1-6d",1,"1-6d",2,"IFNgHIGH","Vaginal","Term",0,"total_B_cells",1.60947060388401
"4101",537,2600164506,"CB",0,"CB",0,"IFNgHIGH","Vaginal","Term",0,"total_B_cells",0.624993299814539
"4102",542,2600164452,"1-6d",1,"1-6d",6,"IFNgLOW","C-section","Preterm",0,"total_B_cells",2.80829272321797
"4103",542,2600164513,"CB",0,"CB",0,"IFNgLOW","C-section","Preterm",0,"total_B_cells",1.00838706549668
"4104",545,2600164514,"CB",0,"CB",0,"IFNgLOW","C-section","Preterm",0,"total_B_cells",12.478303027401
